# Cliff v4
v -29.999 0.932 -8.006
v -28.473 1.035 -8.225
v -28.118 2.726 -7.924
v -29.572 2.568 -7.638
v -27.362 1.053 -8.922
v -26.779 2.654 -8.425
v -25.444 1.291 -8.936
v -24.780 2.534 -8.370
v -23.209 1.335 -8.551
v -22.547 2.434 -7.994
v -20.763 1.013 -8.114
v -19.823 2.593 -7.321
v -18.312 0.661 -7.812
v -17.837 2.491 -7.403
v -16.849 1.063 -8.086
v -16.824 2.417 -8.065
v -15.672 1.216 -8.726
v -15.602 2.370 -8.671
v -14.199 0.812 -9.123
v -13.520 2.071 -8.549
v -11.886 0.916 -8.803
v -11.181 2.344 -8.210
v -9.737 0.673 -8.614
v -9.026 2.487 -8.019
v -7.205 0.432 -8.234
v -6.806 2.060 -7.893
v -5.194 0.689 -8.174
v -5.017 2.300 -8.023
v -3.783 0.718 -8.748
v -3.376 2.429 -8.404
v -1.885 0.934 -8.788
v -1.859 1.989 -8.763
v 0.191 0.670 -8.670
v 0.185 2.038 -8.674
v 2.679 0.026 -8.199
v 2.681 1.896 -8.190
v 4.878 0.000 -7.839
v 4.864 1.678 -7.851
v 7.088 0.000 -7.730
v 7.299 1.756 -7.552
v 8.867 0.003 -7.858
v 9.515 2.044 -7.315
v 10.282 0.138 -8.302
v 10.803 2.164 -7.866
v 12.734 0.136 -7.871
v 12.437 2.021 -8.122
v 14.406 0.000 -8.085
v 14.866 2.063 -7.699
v 16.356 0.160 -8.080
v 16.197 1.982 -8.215
v 17.855 0.035 -8.451
v 18.194 1.765 -8.167
v 19.793 0.000 -8.449
v 19.861 1.746 -8.392
v 21.610 0.201 -8.547
v 21.997 1.802 -8.219
v 23.626 0.324 -8.482
v 23.867 1.307 -8.280
v 25.410 0.462 -8.486
v 25.469 1.395 -8.435
v 27.938 0.336 -7.982
v 27.602 1.717 -8.265
v 29.798 0.832 -7.917
v 29.942 2.417 -7.791
v -27.332 4.413 -7.373
v -29.760 4.666 -7.795
v -25.728 4.223 -7.534
v -23.733 4.285 -7.483
v -22.144 4.149 -7.771
v -19.846 3.937 -7.335
v -17.749 4.312 -7.327
v -16.404 4.153 -7.704
v -15.266 3.795 -8.376
v -12.861 4.102 -7.985
v -10.863 4.128 -7.928
v -8.109 4.384 -7.234
v -6.056 4.421 -7.259
v -4.721 4.268 -7.769
v -3.085 4.333 -8.155
v -1.444 3.552 -8.407
v 0.734 3.754 -8.206
v 2.947 3.982 -7.834
v 4.640 4.170 -8.035
v 7.059 4.140 -7.754
v 8.839 4.026 -7.887
v 10.876 4.310 -7.802
v 12.475 4.096 -8.092
v 14.137 4.316 -8.321
v 16.132 4.261 -8.272
v 18.188 3.654 -8.170
v 19.889 3.975 -8.368
v 22.078 3.826 -8.152
v 23.758 3.736 -8.368
v 25.498 3.797 -8.409
v 27.465 4.173 -8.381
v 29.649 4.809 -8.042
v -27.623 7.132 -7.620
v -29.782 7.140 -7.812
v -25.670 6.853 -7.476
v -24.039 6.900 -7.733
v -21.766 6.712 -7.449
v -20.185 6.871 -7.745
v -18.024 6.848 -7.558
v -15.972 6.961 -7.457
v -14.607 6.721 -7.812
v -12.275 6.785 -7.483
v -10.874 6.724 -7.929
v -8.329 6.877 -7.543
v -6.797 6.867 -7.886
v -4.255 6.756 -7.378
v -2.273 6.586 -7.469
v -1.106 6.466 -8.114
v 0.816 6.268 -7.996
v 3.238 7.025 -7.578
v 5.015 7.192 -7.715
v 6.526 6.985 -8.205
v 8.338 7.088 -8.316
v 10.285 7.226 -8.306
v 12.290 7.319 -8.252
v 14.018 7.328 -8.427
v 16.046 6.991 -8.351
v 18.128 6.524 -8.229
v 19.794 6.660 -8.447
v 21.963 6.666 -8.247
v 23.996 6.641 -8.168
v 25.643 6.936 -8.284
v 27.564 7.477 -8.301
v 29.806 7.784 -8.034
v -27.568 8.683 -7.579
v -29.430 8.257 -7.512
v -26.283 8.606 -8.002
v -24.546 8.783 -8.170
v -21.813 8.767 -7.495
v -19.867 8.669 -7.486
v -17.833 8.960 -7.404
v -16.395 8.254 -7.820
v -15.065 8.072 -8.332
v -13.176 8.238 -8.383
v -11.563 8.351 -8.523
v -9.103 8.912 -8.205
v -6.639 9.393 -7.756
v -4.241 9.072 -7.360
v -1.954 8.620 -7.192
v -0.704 8.682 -7.644
v 1.326 8.687 -7.564
v 3.257 8.911 -7.567
v 5.229 8.814 -7.666
v 6.634 8.750 -8.117
v 8.588 8.723 -8.103
v 10.235 8.952 -8.356
v 12.286 9.363 -8.258
v 14.197 8.867 -8.278
v 16.115 8.839 -8.296
v 17.623 8.886 -8.655
v 20.167 8.933 -8.142
v 21.943 8.625 -8.273
v 23.828 8.281 -8.182
v 25.767 8.486 -8.177
v 27.984 9.084 -7.940
v 30.374 9.090 -7.555
v -27.905 10.046 -7.867
v -29.429 10.348 -7.517
v -26.245 10.064 -7.973
v -24.688 10.189 -8.294
v -22.631 10.576 -8.188
v -20.599 10.862 -8.101
v -18.592 10.734 -8.045
v -16.591 10.833 -7.994
v -15.032 10.692 -8.310
v -13.574 10.819 -8.723
v -11.609 10.528 -8.572
v -9.285 11.085 -8.363
v -7.341 11.803 -8.350
v -4.634 11.594 -7.697
v -2.475 11.207 -7.506
v -0.553 11.193 -7.519
v 1.419 11.183 -7.491
v 3.073 11.065 -7.729
v 5.221 10.448 -7.675
v 6.934 10.214 -7.866
v 8.010 10.174 -8.595
v 9.648 10.557 -8.848
v 11.953 10.861 -8.542
v 13.960 10.795 -8.477
v 16.005 10.891 -8.389
v 17.636 10.899 -8.643
v 19.325 10.808 -8.850
v 21.136 10.507 -8.954
v 23.132 10.396 -8.774
v 25.413 10.408 -8.487
v 27.576 10.665 -8.291
v 29.640 10.400 -8.174
v -28.016 12.814 -7.960
v -29.488 12.875 -7.566
v -26.535 12.746 -8.218
v -24.676 12.783 -8.282
v -22.453 13.338 -8.041
v -20.444 13.730 -7.972
v -18.532 13.737 -7.991
v -16.908 13.623 -8.259
v -14.974 13.604 -8.262
v -13.526 13.466 -8.683
v -11.816 13.698 -8.741
v -9.329 14.015 -8.402
v -7.107 14.551 -8.158
v -4.950 14.345 -7.964
v -2.949 14.559 -7.906
v -0.755 14.216 -7.687
v 1.076 14.146 -7.777
v 2.921 13.855 -7.855
v 5.015 13.170 -7.723
v 7.016 12.990 -7.801
v 8.584 13.022 -8.116
v 9.790 13.377 -8.604
v 11.774 13.402 -8.695
v 14.042 13.454 -8.285
v 15.608 13.575 -8.721
v 17.534 13.520 -8.732
v 19.896 13.296 -8.372
v 21.532 13.154 -8.622
v 23.248 13.450 -8.678
v 25.065 13.246 -8.779
v 27.369 13.215 -8.466
v 30.078 13.488 -7.807
v -27.844 14.579 -7.813
v -29.745 15.183 -7.779
v -26.435 14.812 -8.131
v -24.405 15.070 -8.050
v -22.107 15.118 -7.744
v -19.922 15.328 -7.527
v -18.103 15.614 -7.629
v -16.138 15.205 -7.605
v -15.113 14.719 -8.381
v -13.320 15.018 -8.508
v -11.348 15.340 -8.471
v -8.764 15.915 -7.923
v -6.778 16.037 -7.875
v -4.207 16.049 -7.335
v -2.667 15.847 -7.668
v -0.777 16.027 -7.712
v 1.062 15.950 -7.796
v 3.133 15.419 -7.680
v 5.024 15.619 -7.717
v 6.536 15.619 -8.200
v 8.262 15.522 -8.380
v 10.058 16.061 -8.373
v 12.053 16.261 -8.323
v 14.217 16.008 -8.131
v 15.843 15.813 -8.391
v 17.871 15.579 -8.311
v 20.144 15.596 -8.157
v 21.898 15.667 -8.312
v 23.591 15.520 -8.385
v 25.565 15.754 -8.352
v 27.317 15.616 -8.506
v 29.867 15.297 -7.986
v -27.426 16.725 -7.450
v -29.658 16.883 -7.699
v -25.862 16.975 -7.643
v -24.097 17.111 -7.783
v -22.251 17.070 -7.862
v -19.483 17.552 -7.157
v -18.243 17.464 -7.745
v -16.245 17.459 -7.696
v -14.654 17.004 -7.991
v -13.172 17.075 -8.375
v -10.989 17.193 -8.160
v -8.552 17.423 -7.739
v -6.225 17.644 -7.399
v -3.746 17.607 -6.938
v -2.611 17.613 -7.622
v -1.377 17.794 -8.214
v 0.671 17.954 -8.119
v 2.635 17.558 -8.095
v 4.448 17.749 -8.199
v 6.257 17.987 -8.435
v 8.085 17.958 -8.527
v 9.812 18.220 -8.582
v 11.231 18.445 -9.020
v 13.348 17.874 -8.866
v 15.277 17.344 -8.875
v 17.709 17.140 -8.456
v 19.618 17.249 -8.600
v 21.187 17.369 -8.783
v 23.562 17.149 -8.411
v 25.358 17.075 -8.526
v 27.700 17.339 -8.184
v 30.135 17.378 -7.760
v -27.748 19.857 -7.600
v -29.488 19.670 -7.559
v -26.028 19.922 -7.782
v -24.180 20.032 -7.854
v -22.260 20.110 -7.872
v -19.467 20.362 -7.150
v -18.425 20.357 -7.899
v -16.272 20.417 -7.712
v -14.059 20.039 -7.478
v -12.355 19.726 -7.678
v -9.865 20.152 -7.210
v -7.911 20.146 -7.191
v -5.975 20.135 -7.188
v -3.858 20.203 -7.037
v -2.778 20.390 -7.763
v -0.806 20.749 -7.737
v 1.021 20.645 -7.826
v 2.586 20.680 -8.140
v 4.698 20.602 -7.991
v 6.769 20.775 -8.007
v 8.643 21.221 -8.060
v 10.118 21.399 -8.328
v 11.347 21.213 -8.923
v 13.366 20.783 -8.850
v 15.462 20.301 -8.721
v 17.348 19.882 -8.761
v 19.483 20.083 -8.591
v 21.369 20.400 -8.631
v 23.648 20.025 -8.344
v 25.456 20.202 -8.446
v 27.777 20.177 -8.117
v 29.858 20.257 -7.990
v -28.249 22.126 -8.031
v -29.977 22.216 -7.852
v -26.745 22.256 -8.396
v -24.553 22.373 -8.179
v -22.124 22.491 -7.761
v -19.974 22.547 -7.576
v -18.363 22.398 -7.846
v -16.189 22.510 -7.643
v -14.486 21.949 -7.842
v -12.514 21.965 -7.814
v -10.378 21.923 -7.643
v -8.075 22.257 -7.332
v -6.500 22.350 -7.634
v -4.255 22.613 -7.374
v -2.670 22.968 -7.670
v -1.069 22.540 -7.952
v 0.686 22.513 -8.107
v 2.529 22.631 -8.192
v 4.318 22.673 -8.317
v 6.182 22.781 -8.505
v 8.371 22.867 -8.292
v 10.172 22.704 -8.280
v 11.909 22.647 -8.446
v 13.688 22.309 -8.572
v 16.016 22.279 -8.244
v 18.034 22.020 -8.176
v 19.889 22.193 -8.242
v 21.617 22.664 -8.416
v 23.441 22.533 -8.511
v 25.421 22.590 -8.475
v 27.883 22.827 -8.022
v 29.747 22.871 -8.210
v -28.771 24.230 -8.471
v -30.614 24.016 -8.390
v -26.588 24.861 -8.266
v -24.713 25.077 -8.316
v -22.581 24.474 -8.143
v -20.771 23.952 -8.251
v -18.593 23.631 -8.046
v -16.395 23.799 -7.823
v -14.842 23.570 -8.149
v -12.900 23.590 -8.151
v -11.035 23.549 -8.205
v -8.430 23.701 -7.632
v -6.259 24.160 -7.436
v -4.326 24.342 -7.435
v -2.785 24.241 -7.769
v -1.092 24.309 -7.970
v 0.765 24.360 -8.037
v 2.432 24.563 -8.272
v 4.008 24.612 -8.578
v 6.098 24.676 -8.576
v 7.762 24.450 -8.809
v 9.559 23.801 -8.803
v 11.530 23.617 -8.773
v 13.449 23.579 -8.788
v 15.698 23.794 -8.522
v 17.831 23.970 -8.352
v 20.123 24.127 -8.050
v 22.364 24.013 -7.785
v 23.991 24.681 -8.049
v 25.750 24.621 -8.200
v 28.018 24.551 -8.042
v 30.038 24.706 -7.963
v -28.417 27.444 -8.168
v -30.298 27.019 -8.125
v -26.331 28.079 -8.047
v -24.888 28.193 -8.458
v -22.179 27.616 -7.807
v -20.512 26.768 -8.035
v -18.388 26.791 -7.875
v -15.849 26.545 -7.362
v -14.477 26.380 -7.841
v -13.141 26.268 -8.350
v -10.767 26.300 -7.975
v -8.372 26.620 -7.585
v -6.213 26.802 -7.393
v -4.408 27.166 -7.504
v -2.844 27.050 -7.817
v -0.914 26.931 -7.820
v 1.371 26.926 -7.529
v 2.806 27.308 -7.954
v 4.387 27.269 -8.255
v 6.300 27.448 -8.408
v 7.655 27.166 -8.899
v 9.763 26.953 -8.629
v 11.737 26.531 -8.599
v 13.640 26.654 -8.625
v 15.723 26.394 -8.500
v 18.103 26.370 -8.124
v 19.883 26.468 -8.247
v 21.972 27.106 -8.119
v 24.234 27.119 -7.840
v 26.140 27.321 -7.865
v 28.048 26.927 -8.014
v 30.156 27.421 -7.865
v -28.027 29.707 -7.834
v -30.096 29.746 -7.952
v -26.296 29.826 -8.010
v -24.616 29.827 -8.225
v -22.486 29.567 -8.061
v -20.383 29.297 -8.048
v -18.366 29.200 -7.853
v -16.356 29.040 -7.783
v -14.610 29.215 -7.942
v -12.286 29.442 -7.620
v -10.272 29.083 -7.551
v -8.317 28.996 -7.534
v -6.289 28.862 -7.454
v -4.250 28.943 -7.370
v -2.562 29.122 -7.580
v -0.423 29.204 -7.408
v 1.154 29.085 -7.711
v 3.139 29.433 -7.677
v 4.711 30.057 -7.982
v 6.722 30.008 -8.050
v 8.481 29.715 -8.070
v 10.128 29.338 -8.313
v 12.156 29.000 -8.239
v 13.758 29.125 -8.515
v 15.809 29.083 -8.423
v 18.157 28.869 -8.075
v 19.753 29.096 -8.358
v 21.530 29.205 -8.490
v 24.322 29.014 -7.771
v 25.850 29.029 -8.111
v 27.863 29.298 -8.165
v 30.171 29.387 -7.847
v -27.536 31.774 -7.420
v -29.731 31.901 -7.645
v -25.856 32.122 -7.766
v -24.093 32.111 -7.914
v -22.297 31.612 -8.031
v -19.873 31.058 -7.612
v -18.286 30.945 -7.907
v -15.977 30.823 -7.460
v -13.544 31.052 -7.045
v -12.082 31.065 -7.442
v -10.018 31.312 -7.331
v -7.790 30.924 -7.088
v -6.260 30.499 -7.427
v -4.556 30.559 -7.624
v -2.693 30.517 -7.687
v -0.827 30.450 -7.748
v 1.164 30.435 -7.701
v 3.032 31.292 -7.758
v 4.792 31.680 -8.035
v 6.867 31.623 -7.916
v 8.958 31.328 -7.664
v 10.597 30.936 -7.905
v 12.630 30.548 -7.825
v 15.107 30.558 -7.373
v 16.305 30.646 -7.995
v 17.827 30.511 -8.344
v 20.273 30.726 -7.918
v 21.892 30.173 -8.184
v 24.278 30.694 -7.805
v 26.153 30.735 -7.857
v 28.616 30.623 -7.535
v 30.250 30.740 -7.784
v -27.437 34.016 -7.333
v -29.581 33.785 -7.513
v -25.513 34.426 -7.343
v -23.556 34.288 -7.455
v -21.767 33.774 -7.575
v -19.388 33.617 -7.199
v -17.758 33.830 -7.456
v -16.081 33.904 -7.549
v -14.010 33.981 -7.446
v -12.585 34.192 -7.876
v -10.354 33.809 -7.625
v -8.118 33.464 -7.370
v -5.824 33.241 -7.064
v -4.537 33.190 -7.609
v -2.870 32.968 -7.841
v -1.077 32.760 -7.958
v 1.072 32.771 -7.780
v 2.771 33.358 -7.980
v 5.069 34.075 -7.795
v 7.585 34.120 -7.307
v 9.546 33.850 -7.288
v 10.933 33.330 -7.751
v 12.814 32.879 -7.799
v 14.662 33.288 -7.745
v 16.145 33.528 -8.127
v 17.858 33.647 -8.319
v 20.366 33.268 -7.838
v 22.239 33.123 -7.884
v 24.587 33.127 -7.541
v 26.264 33.213 -7.756
v 28.321 33.137 -7.784
v 30.023 33.100 -7.984
v -28.066 35.487 -7.864
v -29.607 35.253 -7.530
v -26.020 35.962 -7.779
v -24.031 35.864 -7.864
v -21.977 36.028 -7.762
v -19.708 36.528 -7.480
v -17.501 36.962 -7.253
v -15.994 36.581 -7.489
v -14.772 36.316 -8.093
v -12.889 36.370 -8.138
v -11.094 36.327 -8.252
v -8.793 36.676 -7.939
v -6.688 36.449 -7.787
v -4.896 36.417 -7.914
v -3.186 35.879 -8.108
v -0.887 35.929 -7.804
v 1.298 35.964 -7.593
v 2.600 36.024 -8.124
v 5.399 35.721 -7.514
v 7.728 35.803 -7.187
v 9.009 35.862 -7.750
v 10.303 35.653 -8.293
v 12.158 35.420 -8.365
v 13.983 35.493 -8.458
v 15.877 35.434 -8.361
v 17.761 35.243 -8.402
v 20.263 35.251 -7.920
v 22.050 35.550 -8.044
v 24.286 36.117 -7.791
v 26.200 36.167 -7.812
v 27.888 36.436 -8.154
v 29.426 36.376 -8.488
v -28.103 37.346 -7.899
v -29.727 36.779 -7.635
v -26.184 37.615 -7.922
v -24.211 37.691 -8.018
v -22.491 38.088 -8.199
v -19.972 38.164 -7.705
v -18.382 38.459 -7.987
v -16.470 38.165 -7.890
v -14.732 37.784 -8.060
v -12.919 37.564 -8.167
v -10.931 37.991 -8.118
v -8.879 38.318 -8.011
v -6.510 38.146 -7.644
v -4.595 37.723 -7.665
v -2.830 37.345 -7.811
v -1.194 37.653 -8.063
v 0.781 37.649 -8.029
v 3.097 37.674 -7.702
v 5.500 36.832 -7.305
v 6.947 36.722 -7.848
v 8.515 36.789 -8.167
v 9.893 37.184 -8.642
v 11.671 37.078 -8.775
v 13.680 36.682 -8.716
v 15.212 36.643 -8.924
v 17.413 36.688 -8.701
v 19.533 36.629 -8.540
v 21.660 36.925 -8.377
v 24.041 37.904 -8.004
v 26.156 37.915 -7.855
v 27.978 38.192 -8.078
v 29.420 38.386 -8.495
v -27.341 39.690 -7.255
v -29.763 39.671 -7.536
v -26.091 39.922 -7.840
v -24.057 40.104 -7.884
v -22.000 40.161 -7.779
v -19.601 40.457 -7.388
v -18.183 40.611 -7.823
v -16.889 40.688 -8.241
v -14.753 40.748 -8.074
v -12.337 40.890 -7.669
v -10.830 40.724 -8.026
v -8.395 40.781 -7.597
v -5.651 40.806 -6.919
v -4.417 40.685 -7.512
v -2.521 40.352 -7.550
v -1.366 39.743 -8.210
v 0.495 39.622 -8.271
v 2.855 39.895 -7.904
v 4.936 39.844 -7.783
v 6.867 39.954 -7.920
v 8.529 39.802 -8.152
v 10.008 39.776 -8.542
v 11.715 39.980 -8.740
v 14.375 40.051 -8.126
v 16.006 39.991 -8.250
v 17.833 40.149 -8.338
v 20.324 40.091 -7.868
v 22.196 40.083 -7.923
v 24.258 40.250 -7.822
v 25.987 40.320 -7.994
v 28.031 40.307 -8.029
v 29.794 40.333 -8.180
v -33.413 1.040 7.137
v -29.832 1.103 8.906
v -28.570 2.396 10.221
v -31.031 2.738 9.648
v -23.543 1.429 10.774
v -22.282 2.705 12.119
v -22.999 1.290 9.290
v -24.028 2.579 10.970
v -23.848 0.925 9.118
v -21.806 2.095 11.251
v -18.977 0.383 12.188
v -18.910 1.742 12.266
v -20.665 0.530 8.365
v -18.353 1.542 10.781
v -16.050 0.294 8.413
v -15.429 1.644 9.094
v -16.537 0.090 5.858
v -14.860 1.932 7.636
v -14.294 0.408 6.147
v -12.573 2.289 7.993
v -12.844 0.522 5.674
v -10.323 2.480 8.325
v -12.216 0.866 7.062
v -9.667 2.862 9.736
v -11.765 0.611 5.472
v -10.591 2.748 6.687
v -10.111 0.838 5.152
v -9.479 2.402 5.807
v -8.235 0.205 5.090
v -7.727 1.984 5.638
v -5.646 0.000 5.762
v -4.904 1.535 6.569
v -4.365 0.000 5.085
v -2.374 1.548 7.193
v -1.556 0.225 6.051
v 1.136 2.095 8.855
v 3.777 0.553 9.657
v 3.474 2.464 9.315
v 5.356 0.414 9.333
v 6.115 2.699 10.090
v 5.314 0.666 7.170
v 6.581 2.130 8.504
v 4.969 0.324 4.753
v 7.633 2.006 7.561
v 8.439 0.709 6.357
v 9.077 2.183 7.017
v 12.590 0.498 5.932
v 13.924 2.303 7.340
v 13.428 0.825 4.763
v 13.420 2.552 4.780
v 14.865 1.074 4.230
v 15.458 3.156 4.905
v 17.024 0.837 4.479
v 19.515 3.004 7.110
v 18.142 0.455 3.612
v 22.973 2.382 8.722
v 21.168 0.000 4.779
v 22.645 1.700 6.339
v 24.976 0.000 6.741
v 25.464 1.628 7.259
v 25.882 0.000 5.716
v 26.856 1.696 6.734
v 30.977 0.510 9.083
v 31.970 1.952 10.109
v -28.838 4.481 9.965
v -29.269 4.771 11.545
v -25.187 3.935 11.792
v -23.517 3.993 11.520
v -21.465 4.051 11.620
v -20.503 4.031 10.570
v -20.072 3.684 8.992
v -14.550 4.024 10.051
v -12.133 4.160 10.561
v -8.564 4.769 12.301
v -8.015 4.682 10.804
v -10.822 4.635 8.543
v -11.917 4.227 5.311
v -10.207 4.306 5.068
v -8.215 4.154 5.106
v -5.802 4.335 5.612
v -3.706 4.416 5.785
v -2.157 4.424 5.383
v 1.396 4.860 7.113
v 6.616 4.721 10.590
v 6.593 4.675 8.525
v 8.933 4.499 8.943
v 9.481 4.210 7.467
v 13.911 4.295 7.334
v 13.708 4.557 5.088
v 14.672 5.001 4.066
v 18.437 4.714 5.984
v 20.285 4.814 5.893
v 22.801 4.504 6.482
v 23.746 4.527 5.444
v 26.953 4.378 6.829
v 30.739 3.991 8.769
v -28.441 6.959 10.396
v -29.922 7.705 10.877
v -25.310 6.875 11.659
v -23.901 6.808 11.103
v -24.890 6.984 7.996
v -24.186 6.672 6.684
v -21.885 6.642 7.050
v -15.718 6.867 8.792
v -13.606 7.287 9.018
v -9.909 7.903 10.838
v -8.824 7.720 9.956
v -5.409 7.655 11.511
v -9.434 7.083 7.948
v -6.505 7.032 8.977
v -6.692 7.356 6.706
v -6.301 7.419 5.095
v -3.234 7.295 6.286
v -0.544 7.036 7.071
v 1.487 7.334 7.186
v 3.783 7.702 7.592
v 7.813 7.516 9.836
v 11.087 7.470 11.261
v 11.808 7.022 9.933
v 11.890 7.448 7.990
v 14.730 7.561 6.180
v 14.415 7.427 3.783
v 16.812 7.553 4.276
v 17.488 7.561 2.928
v 21.917 7.551 5.558
v 25.104 7.702 6.859
v 24.336 7.683 6.790
v 30.072 7.182 8.058
v -25.612 9.108 10.613
v -28.786 9.451 12.071
v -26.448 8.706 10.423
v -25.263 8.550 9.633
v -23.358 8.954 9.585
v -22.824 9.083 8.084
v -20.942 9.130 8.027
v -18.729 8.998 8.328
v -14.202 9.273 8.358
v -13.917 9.434 6.577
v -10.800 9.469 7.836
v -8.423 9.185 8.284
v -9.617 8.992 7.773
v -6.471 8.845 9.026
v -5.237 9.305 8.270
v -4.695 9.222 6.821
v -2.032 9.032 7.580
v -0.341 9.091 7.320
v 2.581 9.468 8.358
v 5.168 9.368 9.042
v 8.365 9.715 10.386
v 10.077 9.675 10.152
v 10.503 9.500 8.576
v 14.724 9.301 10.975
v 15.936 9.303 7.488
v 15.654 9.496 5.104
v 18.767 9.043 6.301
v 19.643 9.119 5.178
v 21.697 9.300 5.310
v 23.208 9.376 4.872
v 24.136 8.916 6.566
v 29.915 8.687 7.918
v -27.290 11.021 8.844
v -27.519 10.982 10.690
v -28.623 10.723 8.134
v -26.009 10.710 8.838
v -25.257 11.189 7.581
v -24.740 11.329 6.069
v -22.285 11.549 6.606
v -19.200 11.204 7.817
v -15.567 11.201 6.920
v -13.476 11.307 7.042
v -12.787 11.258 5.719
v -9.734 11.204 6.900
v -9.298 10.739 8.094
v -5.826 10.770 9.748
v -4.782 11.430 8.795
v -0.073 11.274 11.707
v 2.243 11.365 12.115
v 1.512 11.050 9.296
v 2.772 11.209 8.560
v 3.362 11.117 7.138
v 4.612 11.001 6.420
v 7.534 11.414 7.463
v 9.104 11.432 7.067
v 11.440 11.132 7.500
v 18.594 11.164 10.274
v 17.324 11.131 6.879
v 17.004 10.949 4.465
v 18.458 11.114 3.965
v 21.334 11.188 4.968
v 24.136 11.220 5.876
v 23.420 11.004 5.812
v 27.812 11.231 5.680
v -25.461 14.302 10.748
v -25.186 13.671 13.114
v -28.141 13.961 8.630
v -26.649 13.723 8.156
v -25.392 13.858 7.448
v -23.687 14.012 7.184
v -21.779 14.179 7.129
v -19.725 14.105 7.255
v -17.862 13.951 7.239
v -15.153 14.094 5.264
v -13.048 13.881 5.444
v -9.054 13.759 7.620
v -9.097 13.588 8.317
v -5.428 13.829 10.173
v -3.585 14.294 10.073
v 0.453 14.374 12.268
v 1.458 14.284 11.284
v 1.324 14.041 9.096
v 3.454 13.802 9.270
v 3.432 13.863 7.201
v 4.381 13.610 6.161
v 5.968 14.007 5.799
v 9.364 14.545 7.319
v 11.408 14.288 7.469
v 17.873 14.035 9.517
v 15.956 13.877 5.426
v 16.206 13.852 3.615
v 19.196 13.893 4.753
v 19.153 14.026 5.407
v 21.950 13.924 6.301
v 22.850 13.976 5.218
v 27.742 13.756 5.595
v -25.048 16.215 11.234
v -26.331 16.272 11.915
v -27.141 16.037 9.705
v -26.075 15.908 8.798
v -24.670 15.488 8.222
v -23.902 15.733 6.941
v -23.102 15.719 5.719
v -20.836 16.439 6.086
v -19.711 16.180 5.241
v -16.160 15.897 4.172
v -13.291 15.623 5.171
v -9.372 15.307 7.278
v -9.577 15.824 7.766
v -6.738 15.622 8.767
v -3.100 15.862 10.607
v -0.550 15.883 11.231
v 1.670 15.912 11.510
v 1.392 15.686 9.162
v 4.386 15.750 10.265
v 4.101 15.450 7.913
v 6.728 15.575 8.656
v 7.099 15.996 7.029
v 10.579 16.101 8.613
v 13.523 15.842 9.709
v 16.409 15.482 10.734
v 17.242 15.362 6.796
v 17.526 15.310 5.033
v 20.327 15.623 5.959
v 16.585 15.721 2.662
v 19.615 15.916 3.822
v 24.337 15.593 6.747
v 28.113 15.629 8.756
v -27.060 17.874 9.109
v -27.549 18.217 10.634
v -23.322 17.594 11.022
v -23.835 17.609 11.180
v -23.573 17.187 9.389
v -23.248 16.734 7.657
v -22.747 16.792 6.105
v -19.353 17.365 7.654
v -20.586 17.652 4.326
v -15.874 17.701 4.463
v -13.986 17.474 4.447
v -11.066 17.462 5.494
v -11.843 17.593 5.383
v -8.828 17.415 6.539
v -4.528 17.050 9.075
v -0.304 16.796 11.479
v 0.652 16.765 10.455
v 2.304 16.852 10.139
v 4.461 16.892 10.391
v 7.325 16.927 11.363
v 9.326 17.154 11.422
v 11.048 17.151 11.207
v 12.672 17.351 10.883
v 14.422 17.272 10.715
v 16.964 17.324 11.339
v 18.861 16.957 11.240
v 20.027 16.995 7.690
v 19.833 16.919 5.425
v 17.622 17.130 3.775
v 19.580 17.431 3.803
v 23.121 17.485 5.495
v 27.507 17.818 8.125
v -27.139 20.517 8.992
v -28.479 20.578 9.635
v -24.346 20.265 9.922
v -25.671 20.408 9.241
v -22.413 19.924 10.606
v -21.474 19.579 9.541
v -21.730 19.297 7.203
v -19.399 19.663 7.625
v -18.631 20.327 6.371
v -15.928 20.089 4.417
v -14.361 20.156 4.053
v -11.408 20.225 5.123
v -12.384 20.368 4.799
v -8.392 20.107 6.978
v -4.912 19.685 8.654
v -1.530 19.231 10.171
v 0.244 19.044 9.987
v 3.107 19.650 10.961
v 4.211 19.647 10.100
v 4.398 19.642 8.278
v 9.290 19.782 11.396
v 9.444 19.832 9.560
v 11.991 19.686 10.188
v 14.366 19.797 10.645
v 16.082 20.267 10.390
v 17.853 19.933 10.208
v 19.254 19.885 9.624
v 19.700 19.835 8.048
v 20.024 20.140 6.339
v 22.049 20.099 6.421
v 25.108 20.388 7.638
v 29.522 20.596 10.275
v -27.752 22.220 8.337
v -30.678 22.048 7.285
v -27.223 22.862 6.869
v -27.598 23.224 7.158
v -24.882 23.017 7.997
v -20.357 22.362 10.717
v -21.947 22.433 6.982
v -19.832 22.299 7.189
v -16.487 22.590 8.641
v -14.506 22.668 5.949
v -13.370 22.365 5.095
v -12.538 22.052 3.935
v -8.693 22.262 5.948
v -8.427 21.982 6.935
v -7.382 21.950 6.028
v -2.700 21.634 8.930
v -0.842 21.793 8.851
v 0.215 21.948 7.888
v 1.155 22.143 6.838
v 2.176 22.208 5.901
v 7.983 22.377 9.968
v 7.523 22.118 7.484
v 11.722 21.649 9.877
v 12.745 21.884 8.897
v 15.548 21.882 9.801
v 17.916 21.839 10.256
v 19.961 22.055 10.376
v 21.895 22.159 10.366
v 22.909 22.502 9.410
v 25.018 22.618 9.594
v 25.655 22.541 8.230
v 30.921 22.274 11.759
v -28.797 23.959 7.208
v -30.837 23.636 7.106
v -27.757 24.636 6.280
v -29.386 24.821 5.271
v -25.537 24.738 7.301
v -21.484 24.497 9.561
v -20.131 24.010 8.924
v -19.807 24.328 7.192
v -18.180 24.266 6.858
v -13.472 23.858 7.049
v -10.205 23.909 8.431
v -8.985 24.028 7.656
v -7.920 24.016 6.743
v -10.103 23.975 5.172
v -7.129 23.615 6.294
v -4.715 23.920 6.772
v -2.136 23.888 7.436
v -3.129 23.891 4.352
v 0.809 24.120 6.470
v 1.599 24.275 5.259
v 4.512 24.000 6.294
v 8.295 23.879 8.246
v 9.987 23.956 8.015
v 12.004 23.552 8.104
v 15.090 23.357 9.296
v 15.593 23.662 7.801
v 19.641 23.566 10.060
v 19.000 23.707 7.301
v 20.292 24.504 6.631
v 23.660 24.437 8.137
v 25.524 24.242 8.089
v 28.050 24.488 8.726
v -27.525 27.252 8.557
v -30.228 26.590 7.760
v -29.459 27.205 7.224
v -27.839 27.434 6.893
v -24.148 27.107 8.748
v -20.254 27.015 10.870
v -19.053 26.992 10.046
v -19.523 27.377 7.481
v -17.564 27.231 7.515
v -11.970 26.980 8.638
v -10.805 27.214 7.813
v -9.572 27.111 7.071
v -7.817 26.791 6.880
v -8.232 26.708 7.149
v -5.868 26.565 7.618
v -1.386 26.531 7.558
v -1.738 26.656 7.885
v -0.288 26.646 7.351
v 1.058 26.788 6.714
v 2.817 27.275 6.551
v 4.752 27.108 6.554
v 8.744 26.859 8.740
v 9.308 26.255 7.296
v 13.094 26.318 9.277
v 15.585 26.275 9.846
v 15.597 26.199 7.831
v 20.366 26.179 10.827
v 20.002 26.865 8.380
v 21.259 27.206 7.644
v 21.062 27.160 8.137
v 26.860 26.774 9.482
v 28.481 26.974 9.171
v -26.586 29.991 9.584
v -28.689 29.566 9.424
v -28.329 29.752 8.445
v -26.301 29.554 8.537
v -24.265 29.481 8.658
v -20.411 29.530 10.678
v -21.708 29.700 7.257
v -19.517 29.775 7.510
v -17.054 29.629 8.076
v -13.369 29.344 7.133
v -12.198 29.077 6.355
v -8.364 28.876 8.385
v -7.610 28.550 7.144
v -5.670 28.542 9.871
v -5.684 28.767 7.837
v -0.560 28.689 8.434
v 0.990 28.607 8.033
v 0.983 29.227 8.747
v 2.128 29.774 7.910
v 4.071 29.884 7.903
v 7.129 29.661 9.079
v 7.486 28.687 7.384
v 9.400 28.202 7.355
v 10.994 28.807 7.021
v 15.144 29.060 9.402
v 16.676 29.014 8.996
v 21.056 28.928 11.549
v 20.720 29.060 9.135
v 23.336 29.034 9.836
v 23.091 29.088 10.296
v 26.942 28.746 9.561
v 31.168 28.763 11.987
v -25.569 31.178 10.652
v -28.233 31.110 9.896
v -27.487 30.937 9.342
v -26.518 30.859 8.321
v -25.208 30.858 7.653
v -25.673 31.124 7.858
v -21.434 31.064 7.522
v -18.838 31.092 8.245
v -17.260 30.685 7.870
v -12.758 30.389 7.795
v -10.768 30.492 7.874
v -5.496 30.312 11.394
v -6.407 30.171 8.382
v -3.307 30.289 9.617
v -4.203 30.363 9.377
v 0.664 30.371 9.739
v 2.098 30.687 9.194
v 1.517 31.299 9.283
v 3.602 31.692 9.468
v 4.967 31.926 8.859
v 6.122 30.861 8.009
v 6.920 30.584 6.778
v 7.696 30.216 5.543
v 10.913 30.597 6.928
v 14.166 30.903 8.357
v 17.170 30.871 9.519
v 20.523 30.611 10.982
v 21.321 30.372 9.770
v 18.257 30.416 7.237
v 21.913 30.303 9.052
v 23.296 30.424 8.479
v 28.403 30.379 9.069
v -24.058 34.079 12.273
v -26.479 33.932 11.774
v -27.510 33.886 9.316
v -25.251 33.761 9.655
v -23.818 33.740 9.133
v -24.865 33.588 8.739
v -18.816 33.657 10.316
v -15.718 33.601 11.557
v -16.859 33.476 8.306
v -13.232 33.536 7.309
v -8.623 33.685 10.158
v -5.169 33.656 11.769
v -2.968 33.258 12.081
v -2.527 33.242 10.489
v -1.198 32.680 9.809
v 1.210 32.828 10.296
v 0.386 33.176 10.130
v 3.124 33.321 10.985
v 8.710 33.374 12.136
v 6.045 33.447 10.037
v 5.674 33.593 7.549
v 6.662 33.567 6.523
v 9.025 33.410 6.968
v 11.085 33.201 7.116
v 14.927 33.166 9.178
v 18.571 33.291 11.004
v 20.756 33.413 11.225
v 21.126 33.517 9.569
v 17.565 33.577 6.486
v 19.778 33.596 6.775
v 22.702 32.947 7.863
v 28.531 32.863 9.221
v -26.377 36.463 9.845
v -28.912 36.357 9.180
v -26.570 36.048 10.315
v -23.113 36.119 11.901
v -22.896 36.161 12.872
v -22.263 36.276 11.490
v -18.582 36.185 10.606
v -16.297 36.312 10.948
v -15.974 36.584 9.253
v -11.731 36.535 8.936
v -7.964 36.434 10.855
v -8.089 36.478 8.694
v -6.549 36.402 8.255
v -6.496 35.990 6.276
v -3.297 35.523 7.610
v -2.020 35.112 9.647
v -0.499 34.910 9.204
v 1.334 35.504 9.105
v 8.214 35.595 11.597
v 9.102 35.611 10.523
v 5.193 35.911 7.064
v 5.123 36.305 4.912
v 8.024 36.220 5.930
v 10.823 36.198 6.849
v 15.454 35.931 9.746
v 14.231 35.845 9.141
v 15.259 36.282 8.163
v 16.035 36.223 6.946
v 16.085 35.937 4.932
v 18.524 35.996 5.450
v 21.310 35.489 6.359
v 27.459 35.243 8.079
v -26.381 37.773 9.825
v -29.799 38.225 8.240
v -27.373 37.486 9.475
v -27.345 37.790 10.192
v -24.499 37.980 11.172
v -23.570 37.946 10.078
v -20.225 37.924 8.843
v -15.518 37.850 11.750
v -15.384 37.942 9.877
v -10.889 38.223 9.828
v -9.471 38.239 9.273
v -7.495 38.130 9.308
v -7.280 38.431 7.457
v -6.423 38.108 6.331
v -4.145 37.319 6.678
v -2.758 36.367 8.878
v -0.627 36.419 9.083
v 4.601 36.954 9.799
v 8.453 36.785 11.841
v 10.698 36.758 12.164
v 6.230 37.330 8.159
v 5.897 37.741 5.721
v 8.096 38.080 6.007
v 11.999 37.903 8.070
v 15.137 37.863 9.391
v 14.493 37.903 9.408
v 14.538 37.970 7.400
v 16.407 37.739 7.321
v 17.766 37.432 6.664
v 19.224 37.291 6.156
v 20.952 37.033 5.964
v 24.143 36.934 7.310
v -25.512 39.713 10.736
v -29.146 40.254 8.925
v -25.915 39.877 11.042
v -26.088 39.868 11.577
v -25.055 40.005 10.586
v -23.505 40.203 10.150
v -22.996 40.065 8.647
v -17.210 40.051 9.964
v -13.169 40.232 9.456
v -11.169 40.070 9.530
v -9.787 40.431 8.929
v -7.968 40.845 8.780
v -7.164 40.989 7.587
v -5.538 40.636 7.247
v -3.146 40.199 7.748
v -3.182 39.897 8.427
v -1.319 39.665 8.347
v 5.508 39.680 10.766
v 7.894 39.295 11.260
v 10.234 39.297 11.692
v 8.206 40.232 10.219
v 6.555 40.509 6.439
v 7.113 40.471 4.962
v 11.470 40.226 7.523
v 16.306 39.808 10.611
v 20.675 39.588 13.188
v 15.856 39.599 8.823
v 16.343 39.794 7.236
v 16.817 40.134 5.678
v 17.929 40.035 4.814
v 21.741 39.793 6.814
v 24.513 39.684 7.710
v -30.125 0.638 -6.124
v -29.991 2.202 -5.999
v -29.656 4.296 -5.681
v -29.472 7.435 -5.509
v -29.188 8.543 -5.246
v -29.146 10.259 -5.210
v -29.695 12.848 -5.717
v -29.229 14.806 -5.284
v -28.657 16.982 -4.750
v -28.949 19.955 -5.016
v -29.093 21.706 -4.884
v -30.056 24.068 -5.774
v -29.940 26.890 -5.666
v -29.789 29.834 -5.532
v -29.720 31.769 -5.471
v -29.610 33.765 -5.362
v -29.338 35.280 -5.106
v -30.219 36.431 -5.929
v -30.092 39.863 -5.809
v -31.384 0.547 -5.340
v -30.196 2.137 -4.191
v -29.775 4.604 -3.784
v -30.772 7.339 -4.732
v -29.549 8.596 -3.554
v -29.639 10.351 -3.636
v -29.519 13.524 -3.526
v -28.123 15.297 -2.170
v -29.187 17.116 -3.197
v -29.029 19.859 -3.046
v -29.811 22.068 -3.343
v -29.290 24.225 -2.838
v -29.425 26.903 -2.970
v -29.510 29.411 -3.046
v -29.121 31.428 -2.663
v -28.943 33.407 -2.501
v -30.231 35.319 -3.735
v -30.507 36.915 -4.011
v -29.988 40.243 -3.519
v -31.064 0.000 -3.061
v -28.615 2.006 -0.628
v -29.811 4.809 -1.815
v -30.549 7.404 -2.536
v -28.728 8.774 -0.723
v -29.878 10.925 -1.859
v -29.031 13.778 -1.033
v -28.842 15.511 -0.845
v -29.507 17.384 -0.794
v -30.710 20.358 -1.979
v -31.203 22.131 -2.472
v -30.111 24.150 -1.390
v -29.520 26.744 -0.803
v -29.650 29.058 -0.931
v -29.931 30.747 -1.204
v -30.135 32.864 -1.416
v -29.860 35.637 -1.133
v -30.416 37.126 -1.696
v -30.840 40.204 -2.125
v -30.057 0.000 -0.059
v -29.611 1.946 0.409
v -30.139 4.848 -0.137
v -29.398 7.632 0.617
v -29.168 8.998 0.884
v -30.537 11.499 -0.520
v -30.175 13.943 0.845
v -31.156 15.606 -0.155
v -30.074 17.862 0.944
v -31.572 20.731 -0.579
v -31.649 22.354 -0.656
v -31.150 24.165 -0.145
v -30.943 26.788 0.072
v -31.983 29.066 -0.997
v -31.308 30.855 -0.303
v -30.857 32.675 0.142
v -31.604 35.442 -0.600
v -31.184 37.205 -0.196
v -32.291 40.054 -1.310
v -29.084 0.272 2.949
v -28.026 1.817 4.045
v -28.823 4.622 3.209
v -29.647 7.642 2.380
v -28.127 9.089 3.978
v -29.276 11.219 2.764
v -29.146 13.732 2.891
v -29.818 15.888 2.199
v -29.045 17.872 2.990
v -30.313 20.833 3.057
v -30.248 22.409 3.106
v -30.500 24.365 2.862
v -29.152 26.995 4.247
v -30.232 29.563 3.142
v -30.616 30.763 2.735
v -30.708 33.528 2.643
v -29.246 36.041 4.157
v -30.590 37.389 2.762
v -30.281 39.694 3.073
v -28.512 0.652 5.561
v -27.756 2.133 6.358
v -27.508 4.635 6.617
v -29.347 7.608 4.737
v -28.409 9.096 5.712
v -28.492 10.707 5.587
v -28.200 13.480 5.892
v -28.224 15.897 5.875
v -27.154 18.140 6.971
v -29.435 20.681 4.631
v -28.343 22.335 5.775
v -27.476 23.953 6.652
v -26.930 26.928 7.218
v -27.181 29.712 6.966
v -28.770 31.313 7.068
v -30.009 33.862 5.777
v -30.195 36.370 5.581
v -31.227 37.798 4.503
v -30.965 39.757 4.780
v -30.790 0.808 7.395
v -30.230 2.560 8.007
v -25.482 4.695 10.775
v -28.538 7.302 7.590
v -28.096 8.875 8.026
v -28.089 10.192 8.062
v -26.791 13.384 9.406
v -26.983 16.291 9.203
v -27.736 18.304 8.427
v -27.648 20.777 8.512
v -28.198 22.076 7.926
v -28.868 23.210 7.208
v -28.097 26.561 8.007
v -28.223 29.462 7.900
v -27.348 31.259 8.803
v -26.922 33.557 9.268
v -29.284 36.215 6.773
v -29.955 37.672 6.062
v -29.703 40.161 6.321
v 30.301 0.801 -5.446
v 30.371 2.527 -5.374
v 29.516 4.889 -6.170
v 29.408 7.407 -6.277
v 30.115 8.781 -5.621
v 28.921 10.491 -6.727
v 29.421 13.133 -6.269
v 28.944 15.559 -6.711
v 29.635 17.226 -6.073
v 28.990 20.092 -6.659
v 29.520 22.497 -6.167
v 30.156 24.634 -5.851
v 30.212 27.078 -5.798
v 30.328 29.173 -5.692
v 30.260 30.695 -5.762
v 29.828 33.054 -6.167
v 28.495 35.926 -7.398
v 28.329 38.187 -7.553
v 28.998 40.025 -6.930
v 29.673 0.640 -3.362
v 30.992 2.403 -2.096
v 30.355 4.537 -3.182
v 29.298 7.428 -4.209
v 29.626 8.904 -3.889
v 28.875 10.421 -4.636
v 28.312 13.443 -5.172
v 28.905 15.165 -4.595
v 29.360 17.119 -4.141
v 29.773 20.154 -3.746
v 29.311 22.575 -4.184
v 29.505 25.019 -4.464
v 31.168 27.439 -2.867
v 30.695 29.263 -3.301
v 30.782 30.787 -3.241
v 29.163 33.437 -4.810
v 28.312 36.466 -5.647
v 27.867 38.020 -6.078
v 28.878 40.541 -5.096
v 27.990 0.344 -2.567
v 30.061 1.859 -1.219
v 30.346 4.057 -0.929
v 29.434 6.922 -1.838
v 29.438 8.795 -1.845
v 27.996 11.014 -3.294
v 28.277 13.894 -3.015
v 29.112 15.243 -2.172
v 28.670 16.814 -2.621
v 28.226 19.806 -3.052
v 28.386 22.674 -2.877
v 29.853 25.084 -1.431
v 30.473 27.631 -0.808
v 30.696 29.180 -1.286
v 30.431 30.682 -1.587
v 29.255 33.524 -2.747
v 28.183 36.550 -3.817
v 27.732 38.255 -4.282
v 28.581 40.752 -3.433
v 28.485 0.000 -0.517
v 28.755 1.630 -0.242
v 29.665 3.605 0.701
v 29.065 6.522 0.067
v 28.857 8.995 -0.140
v 26.053 11.342 -2.990
v 27.820 14.079 -1.231
v 28.676 15.191 -0.342
v 27.193 16.606 -1.854
v 27.393 19.748 -1.643
v 28.632 22.855 -0.371
v 29.116 24.838 0.127
v 30.422 27.141 1.464
v 31.532 28.955 1.567
v 29.484 30.721 -0.533
v 28.077 33.576 -1.972
v 27.979 36.147 -2.069
v 28.767 38.180 -1.284
v 28.134 40.789 -1.913
v 29.089 0.334 2.415
v 29.293 1.693 2.638
v 31.561 3.729 4.993
v 28.960 6.846 2.317
v 28.939 8.596 2.285
v 26.805 11.539 0.086
v 28.574 14.413 1.872
v 28.804 15.714 2.129
v 27.637 17.035 0.913
v 26.829 19.916 0.106
v 28.469 22.575 1.803
v 29.941 24.866 3.320
v 29.818 27.547 3.197
v 32.594 29.078 4.683
v 29.988 30.751 1.979
v 28.457 33.503 0.394
v 29.426 35.998 1.390
v 29.051 37.763 0.998
v 28.920 40.326 0.870
v 29.079 0.406 4.837
v 30.373 1.878 6.192
v 31.274 4.007 7.135
v 27.889 6.858 3.593
v 28.768 8.658 4.503
v 27.055 11.494 2.731
v 27.961 14.396 3.644
v 28.379 16.074 4.095
v 27.384 17.613 3.059
v 27.562 20.278 3.267
v 28.475 22.552 4.234
v 28.175 24.590 3.906
v 29.929 27.206 5.712
v 33.839 28.939 8.026
v 30.597 30.324 4.641
v 29.077 32.880 3.042
v 28.722 35.637 2.653
v 29.151 37.161 3.098
v 29.332 39.595 3.295
v 30.061 0.349 8.337
v 30.159 2.015 8.435
v 28.470 4.051 6.628
v 28.292 6.736 6.421
v 27.371 9.184 5.501
v 24.961 11.648 2.944
v 25.457 14.234 3.449
v 27.025 16.313 5.107
v 27.356 17.873 5.447
v 28.110 20.693 6.239
v 30.771 22.407 9.081
v 28.019 24.461 6.185
v 30.194 26.984 8.473
v 31.269 28.470 9.593
v 28.672 29.983 6.831
v 27.741 32.289 5.859
v 26.522 35.463 4.583
v 26.168 36.652 4.204
v 26.496 39.505 4.525
v -29.032 0.593 -6.904
v -30.234 0.820 -6.108
v -30.112 0.577 -4.048
v -29.931 0.000 -1.901
v -28.809 0.523 1.221
v -29.544 0.924 2.450
v -27.426 1.316 6.656
v -27.977 1.037 -7.718
v -27.680 0.788 -5.519
v -28.129 0.348 -3.303
v -26.875 0.336 -0.779
v -26.639 0.634 1.466
v -27.742 1.049 2.313
v -27.237 1.011 4.843
v -26.192 1.150 -7.587
v -26.147 0.551 -5.452
v -26.845 0.318 -3.948
v -26.950 0.471 -1.792
v -26.833 0.679 0.646
v -28.591 0.952 1.199
v -26.468 0.801 5.840
v -23.861 1.391 -7.220
v -24.552 0.708 -5.763
v -24.722 0.288 -3.034
v -26.235 0.305 -2.005
v -25.807 0.862 1.063
v -25.123 0.982 2.786
v -22.942 0.597 7.512
v -21.332 1.210 -6.393
v -20.940 0.964 -3.667
v -20.957 0.716 -1.208
v -23.219 0.667 -0.900
v -22.481 0.242 2.512
v -21.338 0.301 4.743
v -21.504 0.404 7.011
v -18.403 0.927 -5.747
v -19.276 1.204 -4.379
v -19.099 0.880 -1.250
v -18.373 0.469 2.078
v -18.480 0.156 4.682
v -18.727 0.012 5.467
v -20.518 0.319 6.027
v -17.313 1.344 -6.539
v -17.947 1.013 -4.977
v -18.333 0.802 -2.436
v -19.331 0.960 -0.888
v -18.067 0.391 1.717
v -17.356 0.189 4.860
v -14.669 0.000 7.899
v -16.390 1.515 -7.470
v -16.611 1.132 -5.568
v -17.994 0.887 -4.035
v -18.580 1.211 -2.106
v -17.822 0.649 -0.056
v -18.190 0.458 1.945
v -15.127 0.000 5.381
v -14.947 0.765 -7.658
v -15.346 1.035 -5.753
v -15.732 0.915 -3.721
v -17.264 1.027 -2.757
v -16.570 0.856 -0.777
v -16.437 0.224 1.729
v -14.753 0.068 5.939
v -12.622 1.083 -7.294
v -13.183 1.012 -5.530
v -13.490 0.854 -3.399
v -14.871 0.884 -2.274
v -14.535 0.986 -0.650
v -15.394 0.759 0.835
v -10.698 0.199 8.194
v -10.661 1.221 -7.268
v -10.949 0.812 -5.247
v -10.345 0.441 -2.918
v -11.125 0.552 -1.451
v -10.879 0.717 1.123
v -10.585 1.100 3.851
v -8.817 0.683 8.159
v -7.368 0.764 -6.273
v -7.479 0.366 -4.211
v -7.009 0.090 -1.522
v -8.701 0.000 -0.939
v -7.960 0.194 2.168
v -9.480 0.891 2.985
v -11.454 1.258 3.315
v -5.937 1.044 -6.738
v -5.956 0.540 -4.617
v -4.935 0.340 -2.102
v -6.512 0.376 -1.708
v -8.109 0.175 0.008
v -8.765 0.618 1.685
v -9.716 0.968 3.091
v -4.699 1.254 -7.398
v -3.765 0.742 -4.848
v -3.219 0.390 -2.339
v -4.596 0.583 -1.728
v -4.394 0.212 0.453
v -5.947 0.189 2.608
v -6.083 0.692 4.864
v -2.564 0.718 -7.483
v -3.184 0.920 -6.153
v -2.177 0.781 -3.203
v -3.701 0.116 -2.805
v -3.480 0.229 -0.601
v -3.181 0.000 1.696
v -4.987 0.000 3.975
v -0.075 0.570 -6.976
v -0.917 1.051 -5.838
v -0.776 0.829 -3.742
v -0.563 0.133 -1.595
v -2.122 0.150 -1.193
v -1.809 0.000 1.104
v -3.714 0.000 3.296
v 2.500 0.031 -6.383
v 2.434 0.549 -4.460
v 1.608 0.416 -3.303
v -0.311 0.269 -3.274
v 1.293 0.349 0.331
v -0.999 0.371 1.712
v -1.433 0.049 3.679
v 4.751 0.110 -6.083
v 4.387 0.000 -4.435
v 3.676 0.125 -3.153
v 3.154 0.065 -1.714
v 4.275 0.465 1.419
v 2.696 0.552 3.572
v 3.316 0.494 6.666
v 7.041 0.172 -5.753
v 8.271 0.000 -2.548
v 8.643 0.043 -0.134
v 7.638 0.015 0.895
v 6.729 0.324 3.338
v 8.085 0.635 7.162
v 5.713 0.460 7.165
v 8.968 0.238 -5.761
v 7.860 0.070 -4.351
v 7.857 0.382 -2.134
v 6.478 0.834 -1.257
v 7.512 0.835 2.113
v 6.492 0.857 3.464
v 7.844 0.432 7.327
v 10.516 0.286 -6.115
v 8.514 0.189 -5.591
v 8.460 0.663 -3.468
v 6.687 0.906 -3.015
v 7.364 0.969 -0.039
v 5.948 0.433 0.883
v 7.079 0.000 4.484
v 12.288 0.000 -6.274
v 11.257 0.276 -4.825
v 9.717 0.605 -4.144
v 8.246 0.673 -3.394
v 7.626 0.510 -1.750
v 8.671 0.329 1.679
v 8.800 0.000 4.238
v 14.497 0.000 -6.020
v 13.178 0.429 -4.825
v 12.937 0.661 -2.871
v 11.516 0.777 -2.037
v 11.156 0.626 -0.098
v 12.563 0.354 1.980
v 12.241 0.063 3.564
v 15.418 0.000 -6.955
v 16.056 0.213 -4.372
v 15.453 0.122 -2.997
v 14.500 0.153 -1.992
v 15.770 0.297 1.276
v 14.564 0.485 2.021
v 13.452 0.483 2.794
v 17.655 0.606 -6.676
v 18.465 0.338 -3.917
v 17.848 0.000 -2.518
v 17.638 0.059 -0.758
v 18.319 0.000 1.921
v 15.608 0.380 1.106
v 15.268 0.666 2.679
v 19.996 0.537 -6.301
v 20.932 0.468 -3.397
v 21.266 0.000 -1.045
v 19.604 0.000 -0.701
v 21.287 0.000 3.012
v 19.113 0.266 2.756
v 15.888 1.061 1.329
v 21.840 0.042 -6.379
v 23.571 0.215 -2.724
v 22.449 0.246 -1.800
v 20.493 0.144 -0.777
v 22.797 0.239 2.580
v 22.235 0.205 4.017
v 19.104 0.218 2.673
v 23.892 0.000 -6.281
v 24.354 0.479 -3.835
v 23.525 0.910 -1.950
v 22.879 0.668 -0.303
v 22.704 0.712 1.857
v 25.635 0.098 5.529
v 25.275 0.000 7.108
v 25.366 0.000 -6.438
v 26.064 0.393 -3.598
v 25.800 0.860 -1.619
v 24.564 0.752 -0.569
v 25.070 0.784 2.294
v 26.640 0.053 6.330
v 24.566 0.000 6.583
v 28.286 0.537 -5.531
v 28.325 0.130 -3.275
v 26.668 0.373 -2.680
v 25.636 0.113 -1.456
v 26.893 0.455 2.174
v 28.949 0.316 6.722
v 25.955 0.000 6.062
v -26.841 39.624 -4.592
v -28.137 40.132 -3.586
v -29.122 40.084 -1.611
v -30.309 39.843 -0.248
v -30.118 39.547 2.646
v -30.092 39.625 3.683
v -29.582 39.808 6.675
v -25.629 39.935 -5.269
v -26.585 40.230 -3.964
v -26.824 40.166 -1.961
v -28.656 39.842 -0.535
v -29.441 39.987 1.338
v -29.100 40.039 4.479
v -26.614 39.986 7.762
v -23.874 40.047 -5.437
v -24.916 40.171 -4.225
v -25.039 40.136 -1.404
v -27.820 39.766 -1.648
v -27.169 40.049 1.678
v -27.068 40.167 4.581
v -26.206 39.911 8.397
v -22.219 40.488 -5.688
v -22.069 39.835 -3.357
v -22.825 39.633 -1.135
v -24.975 40.356 -0.712
v -25.290 40.079 1.628
v -24.588 40.074 5.145
v -23.737 39.948 8.954
v -20.393 40.678 -5.796
v -20.032 40.071 -3.256
v -20.585 39.842 -0.832
v -22.388 40.275 -0.041
v -22.792 40.007 2.203
v -22.721 40.020 5.048
v -22.712 40.009 7.974
v -18.766 40.778 -6.347
v -18.859 40.273 -3.975
v -17.955 40.018 -0.847
v -20.189 40.048 0.232
v -20.132 39.812 2.955
v -21.671 39.864 4.147
v -21.806 40.192 6.906
v -16.470 40.622 -6.010
v -16.735 40.221 -3.787
v -15.455 39.919 -0.266
v -15.517 39.893 1.984
v -15.896 40.160 3.973
v -16.283 40.217 5.968
v -17.507 39.856 7.137
v -14.509 40.587 -5.727
v -14.293 40.105 -3.301
v -13.679 39.793 -0.433
v -14.622 39.731 0.910
v -14.679 39.882 3.230
v -14.766 40.097 5.557
v -15.146 40.006 7.585
v -12.513 40.476 -5.671
v -12.114 40.084 -3.068
v -12.672 40.021 -1.370
v -12.971 39.833 0.617
v -11.837 39.672 4.137
v -11.427 39.875 7.016
v -14.115 40.431 6.633
v -10.743 40.907 -5.812
v -9.477 40.266 -2.389
v -10.902 39.836 -0.815
v -12.367 39.934 0.287
v -12.767 39.837 2.590
v -11.264 40.211 5.165
v -8.930 40.758 7.823
v -8.133 41.220 -5.188
v -8.273 40.391 -3.088
v -8.594 39.937 -0.452
v -10.373 39.894 0.356
v -8.912 39.969 3.169
v -8.780 40.227 5.700
v -9.488 40.921 7.434
v -6.258 41.108 -5.248
v -7.148 40.513 -3.878
v -7.179 39.871 -1.694
v -10.163 39.852 -1.413
v -8.990 39.666 1.099
v -8.802 39.998 3.678
v -8.152 40.648 6.814
v -4.637 41.154 -5.536
v -5.261 40.419 -3.933
v -6.908 39.931 -2.634
v -7.913 39.710 -1.108
v -6.679 39.656 1.462
v -7.431 40.001 3.097
v -4.084 40.350 6.812
v -3.090 40.529 -5.904
v -3.729 40.078 -4.333
v -4.944 39.802 -3.319
v -5.722 39.683 -1.855
v -4.799 39.712 1.403
v -4.777 39.775 3.850
v -3.132 39.766 8.024
v -1.260 39.698 -5.736
v -2.875 39.371 -4.911
v -3.474 39.553 -3.072
v -3.762 39.625 -1.833
v -3.766 39.680 0.484
v -1.354 39.573 5.383
v -0.949 39.669 8.314
v 0.509 39.564 -5.886
v -0.677 39.480 -4.659
v -1.355 39.467 -3.595
v -2.047 39.640 -2.055
v -3.126 39.624 0.529
v 0.006 39.635 4.799
v 1.432 39.505 8.778
v 2.810 39.983 -5.818
v 1.681 40.017 -4.705
v 1.421 39.875 -2.764
v -0.829 39.545 -1.764
v -0.671 39.591 1.066
v 0.744 39.733 5.311
v 4.543 39.488 9.987
v 4.688 40.072 -5.862
v 4.796 39.836 -3.568
v 4.611 39.663 -1.499
v 3.220 39.723 -0.622
v 2.310 39.705 2.148
v 5.817 39.472 6.804
v 6.742 39.347 10.274
v 7.007 40.076 -5.769
v 6.522 39.800 -3.762
v 6.616 39.752 -1.427
v 6.282 39.905 0.520
v 7.720 39.894 4.350
v 7.229 39.521 6.252
v 6.580 39.167 8.059
v 8.381 40.019 -6.298
v 8.828 40.020 -3.399
v 9.167 40.197 -0.810
v 9.271 40.254 1.596
v 9.969 39.796 4.675
v 9.511 39.630 6.628
v 10.337 40.166 7.725
v 9.584 39.919 -6.978
v 9.884 39.895 -4.256
v 10.999 40.412 -0.907
v 10.019 40.735 0.411
v 10.251 40.469 2.989
v 11.629 40.228 6.792
v 8.146 40.442 5.624
v 11.459 39.762 -6.774
v 12.736 39.525 -3.386
v 13.544 40.129 -0.299
v 11.983 40.957 0.435
v 11.426 40.907 2.199
v 11.282 40.708 4.420
v 8.649 40.535 4.107
v 14.142 40.060 -6.083
v 14.034 39.554 -3.982
v 15.265 39.949 -0.508
v 14.277 40.457 1.814
v 14.879 40.614 3.781
v 13.455 40.527 4.697
v 12.632 40.169 6.276
v 15.853 39.967 -6.282
v 16.885 39.667 -3.111
v 17.472 39.664 0.461
v 16.703 39.863 2.315
v 16.400 40.125 4.723
v 16.138 40.079 5.507
v 16.756 39.811 8.592
v 17.369 39.915 -6.393
v 17.949 39.881 -3.491
v 17.282 39.741 -1.661
v 17.306 39.930 0.947
v 16.132 39.835 2.434
v 16.193 39.726 5.298
v 19.230 39.668 9.147
v 19.608 39.707 -6.119
v 19.335 39.730 -4.014
v 19.430 39.674 -1.455
v 18.431 39.796 0.109
v 18.951 39.531 3.317
v 20.309 39.524 5.763
v 19.008 39.532 6.879
v 21.036 39.845 -6.588
v 20.101 39.684 -5.154
v 19.875 39.622 -2.954
v 18.993 39.958 -1.296
v 19.906 39.631 2.299
v 18.296 39.246 3.430
v 18.727 39.438 4.521
v 24.187 40.017 -5.747
v 23.538 40.163 -4.184
v 21.664 39.925 -3.103
v 19.979 39.938 -2.268
v 21.368 39.542 1.818
v 21.066 39.484 2.495
v 17.907 39.954 3.847
v 26.050 40.081 -5.812
v 24.645 40.248 -4.983
v 24.570 40.081 -2.860
v 23.776 40.113 -1.399
v 24.966 39.693 2.152
v 24.051 39.570 3.585
v 21.122 39.856 2.962
v 27.459 39.748 -6.564
v 26.650 40.198 -5.368
v 25.909 40.316 -3.452
v 24.308 40.344 -2.823
v 27.514 40.117 1.400
v 24.467 39.549 2.008
v 24.608 39.664 4.565
f 1 3 2
f 1 4 3
f 2 6 5
f 2 3 6
f 5 8 7
f 5 6 8
f 7 10 9
f 7 8 10
f 9 12 11
f 9 10 12
f 11 14 13
f 11 12 14
f 13 16 15
f 13 14 16
f 15 18 17
f 15 16 18
f 17 20 19
f 17 18 20
f 19 22 21
f 19 20 22
f 21 24 23
f 21 22 24
f 23 26 25
f 23 24 26
f 25 28 27
f 25 26 28
f 27 30 29
f 27 28 30
f 29 32 31
f 29 30 32
f 31 34 33
f 31 32 34
f 33 36 35
f 33 34 36
f 35 38 37
f 35 36 38
f 37 40 39
f 37 38 40
f 39 42 41
f 39 40 42
f 41 44 43
f 41 42 44
f 43 46 45
f 43 44 46
f 45 48 47
f 45 46 48
f 47 50 49
f 47 48 50
f 49 52 51
f 49 50 52
f 51 54 53
f 51 52 54
f 53 56 55
f 53 54 56
f 55 58 57
f 55 56 58
f 57 60 59
f 57 58 60
f 59 62 61
f 59 60 62
f 61 64 63
f 61 62 64
f 4 65 3
f 4 66 65
f 3 67 6
f 3 65 67
f 6 68 8
f 6 67 68
f 8 69 10
f 8 68 69
f 10 70 12
f 10 69 70
f 12 71 14
f 12 70 71
f 14 72 16
f 14 71 72
f 16 73 18
f 16 72 73
f 18 74 20
f 18 73 74
f 20 75 22
f 20 74 75
f 22 76 24
f 22 75 76
f 24 77 26
f 24 76 77
f 26 78 28
f 26 77 78
f 28 79 30
f 28 78 79
f 30 80 32
f 30 79 80
f 32 81 34
f 32 80 81
f 34 82 36
f 34 81 82
f 36 83 38
f 36 82 83
f 38 84 40
f 38 83 84
f 40 85 42
f 40 84 85
f 42 86 44
f 42 85 86
f 44 87 46
f 44 86 87
f 46 88 48
f 46 87 88
f 48 89 50
f 48 88 89
f 50 90 52
f 50 89 90
f 52 91 54
f 52 90 91
f 54 92 56
f 54 91 92
f 56 93 58
f 56 92 93
f 58 94 60
f 58 93 94
f 60 95 62
f 60 94 95
f 62 96 64
f 62 95 96
f 66 97 65
f 66 98 97
f 65 99 67
f 65 97 99
f 67 100 68
f 67 99 100
f 68 101 69
f 68 100 101
f 69 102 70
f 69 101 102
f 70 103 71
f 70 102 103
f 71 104 72
f 71 103 104
f 72 105 73
f 72 104 105
f 73 106 74
f 73 105 106
f 74 107 75
f 74 106 107
f 75 108 76
f 75 107 108
f 76 109 77
f 76 108 109
f 77 110 78
f 77 109 110
f 78 111 79
f 78 110 111
f 79 112 80
f 79 111 112
f 80 113 81
f 80 112 113
f 81 114 82
f 81 113 114
f 82 115 83
f 82 114 115
f 83 116 84
f 83 115 116
f 84 117 85
f 84 116 117
f 85 118 86
f 85 117 118
f 86 119 87
f 86 118 119
f 87 120 88
f 87 119 120
f 88 121 89
f 88 120 121
f 89 122 90
f 89 121 122
f 90 123 91
f 90 122 123
f 91 124 92
f 91 123 124
f 92 125 93
f 92 124 125
f 93 126 94
f 93 125 126
f 94 127 95
f 94 126 127
f 95 128 96
f 95 127 128
f 98 129 97
f 98 130 129
f 97 131 99
f 97 129 131
f 99 132 100
f 99 131 132
f 100 133 101
f 100 132 133
f 101 134 102
f 101 133 134
f 102 135 103
f 102 134 135
f 103 136 104
f 103 135 136
f 104 137 105
f 104 136 137
f 105 138 106
f 105 137 138
f 106 139 107
f 106 138 139
f 107 140 108
f 107 139 140
f 108 141 109
f 108 140 141
f 109 142 110
f 109 141 142
f 110 143 111
f 110 142 143
f 111 144 112
f 111 143 144
f 112 145 113
f 112 144 145
f 113 146 114
f 113 145 146
f 114 147 115
f 114 146 147
f 115 148 116
f 115 147 148
f 116 149 117
f 116 148 149
f 117 150 118
f 117 149 150
f 118 151 119
f 118 150 151
f 119 152 120
f 119 151 152
f 120 153 121
f 120 152 153
f 121 154 122
f 121 153 154
f 122 155 123
f 122 154 155
f 123 156 124
f 123 155 156
f 124 157 125
f 124 156 157
f 125 158 126
f 125 157 158
f 126 159 127
f 126 158 159
f 127 160 128
f 127 159 160
f 130 161 129
f 130 162 161
f 129 163 131
f 129 161 163
f 131 164 132
f 131 163 164
f 132 165 133
f 132 164 165
f 133 166 134
f 133 165 166
f 134 167 135
f 134 166 167
f 135 168 136
f 135 167 168
f 136 169 137
f 136 168 169
f 137 170 138
f 137 169 170
f 138 171 139
f 138 170 171
f 139 172 140
f 139 171 172
f 140 173 141
f 140 172 173
f 141 174 142
f 141 173 174
f 142 175 143
f 142 174 175
f 143 176 144
f 143 175 176
f 144 177 145
f 144 176 177
f 145 178 146
f 145 177 178
f 146 179 147
f 146 178 179
f 147 180 148
f 147 179 180
f 148 181 149
f 148 180 181
f 149 182 150
f 149 181 182
f 150 183 151
f 150 182 183
f 151 184 152
f 151 183 184
f 152 185 153
f 152 184 185
f 153 186 154
f 153 185 186
f 154 187 155
f 154 186 187
f 155 188 156
f 155 187 188
f 156 189 157
f 156 188 189
f 157 190 158
f 157 189 190
f 158 191 159
f 158 190 191
f 159 192 160
f 159 191 192
f 162 193 161
f 162 194 193
f 161 195 163
f 161 193 195
f 163 196 164
f 163 195 196
f 164 197 165
f 164 196 197
f 165 198 166
f 165 197 198
f 166 199 167
f 166 198 199
f 167 200 168
f 167 199 200
f 168 201 169
f 168 200 201
f 169 202 170
f 169 201 202
f 170 203 171
f 170 202 203
f 171 204 172
f 171 203 204
f 172 205 173
f 172 204 205
f 173 206 174
f 173 205 206
f 174 207 175
f 174 206 207
f 175 208 176
f 175 207 208
f 176 209 177
f 176 208 209
f 177 210 178
f 177 209 210
f 178 211 179
f 178 210 211
f 179 212 180
f 179 211 212
f 180 213 181
f 180 212 213
f 181 214 182
f 181 213 214
f 182 215 183
f 182 214 215
f 183 216 184
f 183 215 216
f 184 217 185
f 184 216 217
f 185 218 186
f 185 217 218
f 186 219 187
f 186 218 219
f 187 220 188
f 187 219 220
f 188 221 189
f 188 220 221
f 189 222 190
f 189 221 222
f 190 223 191
f 190 222 223
f 191 224 192
f 191 223 224
f 194 225 193
f 194 226 225
f 193 227 195
f 193 225 227
f 195 228 196
f 195 227 228
f 196 229 197
f 196 228 229
f 197 230 198
f 197 229 230
f 198 231 199
f 198 230 231
f 199 232 200
f 199 231 232
f 200 233 201
f 200 232 233
f 201 234 202
f 201 233 234
f 202 235 203
f 202 234 235
f 203 236 204
f 203 235 236
f 204 237 205
f 204 236 237
f 205 238 206
f 205 237 238
f 206 239 207
f 206 238 239
f 207 240 208
f 207 239 240
f 208 241 209
f 208 240 241
f 209 242 210
f 209 241 242
f 210 243 211
f 210 242 243
f 211 244 212
f 211 243 244
f 212 245 213
f 212 244 245
f 213 246 214
f 213 245 246
f 214 247 215
f 214 246 247
f 215 248 216
f 215 247 248
f 216 249 217
f 216 248 249
f 217 250 218
f 217 249 250
f 218 251 219
f 218 250 251
f 219 252 220
f 219 251 252
f 220 253 221
f 220 252 253
f 221 254 222
f 221 253 254
f 222 255 223
f 222 254 255
f 223 256 224
f 223 255 256
f 226 257 225
f 226 258 257
f 225 259 227
f 225 257 259
f 227 260 228
f 227 259 260
f 228 261 229
f 228 260 261
f 229 262 230
f 229 261 262
f 230 263 231
f 230 262 263
f 231 264 232
f 231 263 264
f 232 265 233
f 232 264 265
f 233 266 234
f 233 265 266
f 234 267 235
f 234 266 267
f 235 268 236
f 235 267 268
f 236 269 237
f 236 268 269
f 237 270 238
f 237 269 270
f 238 271 239
f 238 270 271
f 239 272 240
f 239 271 272
f 240 273 241
f 240 272 273
f 241 274 242
f 241 273 274
f 242 275 243
f 242 274 275
f 243 276 244
f 243 275 276
f 244 277 245
f 244 276 277
f 245 278 246
f 245 277 278
f 246 279 247
f 246 278 279
f 247 280 248
f 247 279 280
f 248 281 249
f 248 280 281
f 249 282 250
f 249 281 282
f 250 283 251
f 250 282 283
f 251 284 252
f 251 283 284
f 252 285 253
f 252 284 285
f 253 286 254
f 253 285 286
f 254 287 255
f 254 286 287
f 255 288 256
f 255 287 288
f 258 289 257
f 258 290 289
f 257 291 259
f 257 289 291
f 259 292 260
f 259 291 292
f 260 293 261
f 260 292 293
f 261 294 262
f 261 293 294
f 262 295 263
f 262 294 295
f 263 296 264
f 263 295 296
f 264 297 265
f 264 296 297
f 265 298 266
f 265 297 298
f 266 299 267
f 266 298 299
f 267 300 268
f 267 299 300
f 268 301 269
f 268 300 301
f 269 302 270
f 269 301 302
f 270 303 271
f 270 302 303
f 271 304 272
f 271 303 304
f 272 305 273
f 272 304 305
f 273 306 274
f 273 305 306
f 274 307 275
f 274 306 307
f 275 308 276
f 275 307 308
f 276 309 277
f 276 308 309
f 277 310 278
f 277 309 310
f 278 311 279
f 278 310 311
f 279 312 280
f 279 311 312
f 280 313 281
f 280 312 313
f 281 314 282
f 281 313 314
f 282 315 283
f 282 314 315
f 283 316 284
f 283 315 316
f 284 317 285
f 284 316 317
f 285 318 286
f 285 317 318
f 286 319 287
f 286 318 319
f 287 320 288
f 287 319 320
f 290 321 289
f 290 322 321
f 289 323 291
f 289 321 323
f 291 324 292
f 291 323 324
f 292 325 293
f 292 324 325
f 293 326 294
f 293 325 326
f 294 327 295
f 294 326 327
f 295 328 296
f 295 327 328
f 296 329 297
f 296 328 329
f 297 330 298
f 297 329 330
f 298 331 299
f 298 330 331
f 299 332 300
f 299 331 332
f 300 333 301
f 300 332 333
f 301 334 302
f 301 333 334
f 302 335 303
f 302 334 335
f 303 336 304
f 303 335 336
f 304 337 305
f 304 336 337
f 305 338 306
f 305 337 338
f 306 339 307
f 306 338 339
f 307 340 308
f 307 339 340
f 308 341 309
f 308 340 341
f 309 342 310
f 309 341 342
f 310 343 311
f 310 342 343
f 311 344 312
f 311 343 344
f 312 345 313
f 312 344 345
f 313 346 314
f 313 345 346
f 314 347 315
f 314 346 347
f 315 348 316
f 315 347 348
f 316 349 317
f 316 348 349
f 317 350 318
f 317 349 350
f 318 351 319
f 318 350 351
f 319 352 320
f 319 351 352
f 322 353 321
f 322 354 353
f 321 355 323
f 321 353 355
f 323 356 324
f 323 355 356
f 324 357 325
f 324 356 357
f 325 358 326
f 325 357 358
f 326 359 327
f 326 358 359
f 327 360 328
f 327 359 360
f 328 361 329
f 328 360 361
f 329 362 330
f 329 361 362
f 330 363 331
f 330 362 363
f 331 364 332
f 331 363 364
f 332 365 333
f 332 364 365
f 333 366 334
f 333 365 366
f 334 367 335
f 334 366 367
f 335 368 336
f 335 367 368
f 336 369 337
f 336 368 369
f 337 370 338
f 337 369 370
f 338 371 339
f 338 370 371
f 339 372 340
f 339 371 372
f 340 373 341
f 340 372 373
f 341 374 342
f 341 373 374
f 342 375 343
f 342 374 375
f 343 376 344
f 343 375 376
f 344 377 345
f 344 376 377
f 345 378 346
f 345 377 378
f 346 379 347
f 346 378 379
f 347 380 348
f 347 379 380
f 348 381 349
f 348 380 381
f 349 382 350
f 349 381 382
f 350 383 351
f 350 382 383
f 351 384 352
f 351 383 384
f 354 385 353
f 354 386 385
f 353 387 355
f 353 385 387
f 355 388 356
f 355 387 388
f 356 389 357
f 356 388 389
f 357 390 358
f 357 389 390
f 358 391 359
f 358 390 391
f 359 392 360
f 359 391 392
f 360 393 361
f 360 392 393
f 361 394 362
f 361 393 394
f 362 395 363
f 362 394 395
f 363 396 364
f 363 395 396
f 364 397 365
f 364 396 397
f 365 398 366
f 365 397 398
f 366 399 367
f 366 398 399
f 367 400 368
f 367 399 400
f 368 401 369
f 368 400 401
f 369 402 370
f 369 401 402
f 370 403 371
f 370 402 403
f 371 404 372
f 371 403 404
f 372 405 373
f 372 404 405
f 373 406 374
f 373 405 406
f 374 407 375
f 374 406 407
f 375 408 376
f 375 407 408
f 376 409 377
f 376 408 409
f 377 410 378
f 377 409 410
f 378 411 379
f 378 410 411
f 379 412 380
f 379 411 412
f 380 413 381
f 380 412 413
f 381 414 382
f 381 413 414
f 382 415 383
f 382 414 415
f 383 416 384
f 383 415 416
f 386 417 385
f 386 418 417
f 385 419 387
f 385 417 419
f 387 420 388
f 387 419 420
f 388 421 389
f 388 420 421
f 389 422 390
f 389 421 422
f 390 423 391
f 390 422 423
f 391 424 392
f 391 423 424
f 392 425 393
f 392 424 425
f 393 426 394
f 393 425 426
f 394 427 395
f 394 426 427
f 395 428 396
f 395 427 428
f 396 429 397
f 396 428 429
f 397 430 398
f 397 429 430
f 398 431 399
f 398 430 431
f 399 432 400
f 399 431 432
f 400 433 401
f 400 432 433
f 401 434 402
f 401 433 434
f 402 435 403
f 402 434 435
f 403 436 404
f 403 435 436
f 404 437 405
f 404 436 437
f 405 438 406
f 405 437 438
f 406 439 407
f 406 438 439
f 407 440 408
f 407 439 440
f 408 441 409
f 408 440 441
f 409 442 410
f 409 441 442
f 410 443 411
f 410 442 443
f 411 444 412
f 411 443 444
f 412 445 413
f 412 444 445
f 413 446 414
f 413 445 446
f 414 447 415
f 414 446 447
f 415 448 416
f 415 447 448
f 418 449 417
f 418 450 449
f 417 451 419
f 417 449 451
f 419 452 420
f 419 451 452
f 420 453 421
f 420 452 453
f 421 454 422
f 421 453 454
f 422 455 423
f 422 454 455
f 423 456 424
f 423 455 456
f 424 457 425
f 424 456 457
f 425 458 426
f 425 457 458
f 426 459 427
f 426 458 459
f 427 460 428
f 427 459 460
f 428 461 429
f 428 460 461
f 429 462 430
f 429 461 462
f 430 463 431
f 430 462 463
f 431 464 432
f 431 463 464
f 432 465 433
f 432 464 465
f 433 466 434
f 433 465 466
f 434 467 435
f 434 466 467
f 435 468 436
f 435 467 468
f 436 469 437
f 436 468 469
f 437 470 438
f 437 469 470
f 438 471 439
f 438 470 471
f 439 472 440
f 439 471 472
f 440 473 441
f 440 472 473
f 441 474 442
f 441 473 474
f 442 475 443
f 442 474 475
f 443 476 444
f 443 475 476
f 444 477 445
f 444 476 477
f 445 478 446
f 445 477 478
f 446 479 447
f 446 478 479
f 447 480 448
f 447 479 480
f 450 481 449
f 450 482 481
f 449 483 451
f 449 481 483
f 451 484 452
f 451 483 484
f 452 485 453
f 452 484 485
f 453 486 454
f 453 485 486
f 454 487 455
f 454 486 487
f 455 488 456
f 455 487 488
f 456 489 457
f 456 488 489
f 457 490 458
f 457 489 490
f 458 491 459
f 458 490 491
f 459 492 460
f 459 491 492
f 460 493 461
f 460 492 493
f 461 494 462
f 461 493 494
f 462 495 463
f 462 494 495
f 463 496 464
f 463 495 496
f 464 497 465
f 464 496 497
f 465 498 466
f 465 497 498
f 466 499 467
f 466 498 499
f 467 500 468
f 467 499 500
f 468 501 469
f 468 500 501
f 469 502 470
f 469 501 502
f 470 503 471
f 470 502 503
f 471 504 472
f 471 503 504
f 472 505 473
f 472 504 505
f 473 506 474
f 473 505 506
f 474 507 475
f 474 506 507
f 475 508 476
f 475 507 508
f 476 509 477
f 476 508 509
f 477 510 478
f 477 509 510
f 478 511 479
f 478 510 511
f 479 512 480
f 479 511 512
f 482 513 481
f 482 514 513
f 481 515 483
f 481 513 515
f 483 516 484
f 483 515 516
f 484 517 485
f 484 516 517
f 485 518 486
f 485 517 518
f 486 519 487
f 486 518 519
f 487 520 488
f 487 519 520
f 488 521 489
f 488 520 521
f 489 522 490
f 489 521 522
f 490 523 491
f 490 522 523
f 491 524 492
f 491 523 524
f 492 525 493
f 492 524 525
f 493 526 494
f 493 525 526
f 494 527 495
f 494 526 527
f 495 528 496
f 495 527 528
f 496 529 497
f 496 528 529
f 497 530 498
f 497 529 530
f 498 531 499
f 498 530 531
f 499 532 500
f 499 531 532
f 500 533 501
f 500 532 533
f 501 534 502
f 501 533 534
f 502 535 503
f 502 534 535
f 503 536 504
f 503 535 536
f 504 537 505
f 504 536 537
f 505 538 506
f 505 537 538
f 506 539 507
f 506 538 539
f 507 540 508
f 507 539 540
f 508 541 509
f 508 540 541
f 509 542 510
f 509 541 542
f 510 543 511
f 510 542 543
f 511 544 512
f 511 543 544
f 514 545 513
f 514 546 545
f 513 547 515
f 513 545 547
f 515 548 516
f 515 547 548
f 516 549 517
f 516 548 549
f 517 550 518
f 517 549 550
f 518 551 519
f 518 550 551
f 519 552 520
f 519 551 552
f 520 553 521
f 520 552 553
f 521 554 522
f 521 553 554
f 522 555 523
f 522 554 555
f 523 556 524
f 523 555 556
f 524 557 525
f 524 556 557
f 525 558 526
f 525 557 558
f 526 559 527
f 526 558 559
f 527 560 528
f 527 559 560
f 528 561 529
f 528 560 561
f 529 562 530
f 529 561 562
f 530 563 531
f 530 562 563
f 531 564 532
f 531 563 564
f 532 565 533
f 532 564 565
f 533 566 534
f 533 565 566
f 534 567 535
f 534 566 567
f 535 568 536
f 535 567 568
f 536 569 537
f 536 568 569
f 537 570 538
f 537 569 570
f 538 571 539
f 538 570 571
f 539 572 540
f 539 571 572
f 540 573 541
f 540 572 573
f 541 574 542
f 541 573 574
f 542 575 543
f 542 574 575
f 543 576 544
f 543 575 576
f 546 577 545
f 546 578 577
f 545 579 547
f 545 577 579
f 547 580 548
f 547 579 580
f 548 581 549
f 548 580 581
f 549 582 550
f 549 581 582
f 550 583 551
f 550 582 583
f 551 584 552
f 551 583 584
f 552 585 553
f 552 584 585
f 553 586 554
f 553 585 586
f 554 587 555
f 554 586 587
f 555 588 556
f 555 587 588
f 556 589 557
f 556 588 589
f 557 590 558
f 557 589 590
f 558 591 559
f 558 590 591
f 559 592 560
f 559 591 592
f 560 593 561
f 560 592 593
f 561 594 562
f 561 593 594
f 562 595 563
f 562 594 595
f 563 596 564
f 563 595 596
f 564 597 565
f 564 596 597
f 565 598 566
f 565 597 598
f 566 599 567
f 566 598 599
f 567 600 568
f 567 599 600
f 568 601 569
f 568 600 601
f 569 602 570
f 569 601 602
f 570 603 571
f 570 602 603
f 571 604 572
f 571 603 604
f 572 605 573
f 572 604 605
f 573 606 574
f 573 605 606
f 574 607 575
f 574 606 607
f 575 608 576
f 575 607 608
f 609 610 611
f 609 611 612
f 610 613 614
f 610 614 611
f 613 615 616
f 613 616 614
f 615 617 618
f 615 618 616
f 617 619 620
f 617 620 618
f 619 621 622
f 619 622 620
f 621 623 624
f 621 624 622
f 623 625 626
f 623 626 624
f 625 627 628
f 625 628 626
f 627 629 630
f 627 630 628
f 629 631 632
f 629 632 630
f 631 633 634
f 631 634 632
f 633 635 636
f 633 636 634
f 635 637 638
f 635 638 636
f 637 639 640
f 637 640 638
f 639 641 642
f 639 642 640
f 641 643 644
f 641 644 642
f 643 645 646
f 643 646 644
f 645 647 648
f 645 648 646
f 647 649 650
f 647 650 648
f 649 651 652
f 649 652 650
f 651 653 654
f 651 654 652
f 653 655 656
f 653 656 654
f 655 657 658
f 655 658 656
f 657 659 660
f 657 660 658
f 659 661 662
f 659 662 660
f 661 663 664
f 661 664 662
f 663 665 666
f 663 666 664
f 665 667 668
f 665 668 666
f 667 669 670
f 667 670 668
f 669 671 672
f 669 672 670
f 612 611 673
f 612 673 674
f 611 614 675
f 611 675 673
f 614 616 676
f 614 676 675
f 616 618 677
f 616 677 676
f 618 620 678
f 618 678 677
f 620 622 679
f 620 679 678
f 622 624 680
f 622 680 679
f 624 626 681
f 624 681 680
f 626 628 682
f 626 682 681
f 628 630 683
f 628 683 682
f 630 632 684
f 630 684 683
f 632 634 685
f 632 685 684
f 634 636 686
f 634 686 685
f 636 638 687
f 636 687 686
f 638 640 688
f 638 688 687
f 640 642 689
f 640 689 688
f 642 644 690
f 642 690 689
f 644 646 691
f 644 691 690
f 646 648 692
f 646 692 691
f 648 650 693
f 648 693 692
f 650 652 694
f 650 694 693
f 652 654 695
f 652 695 694
f 654 656 696
f 654 696 695
f 656 658 697
f 656 697 696
f 658 660 698
f 658 698 697
f 660 662 699
f 660 699 698
f 662 664 700
f 662 700 699
f 664 666 701
f 664 701 700
f 666 668 702
f 666 702 701
f 668 670 703
f 668 703 702
f 670 672 704
f 670 704 703
f 674 673 705
f 674 705 706
f 673 675 707
f 673 707 705
f 675 676 708
f 675 708 707
f 676 677 709
f 676 709 708
f 677 678 710
f 677 710 709
f 678 679 711
f 678 711 710
f 679 680 712
f 679 712 711
f 680 681 713
f 680 713 712
f 681 682 714
f 681 714 713
f 682 683 715
f 682 715 714
f 683 684 716
f 683 716 715
f 684 685 717
f 684 717 716
f 685 686 718
f 685 718 717
f 686 687 719
f 686 719 718
f 687 688 720
f 687 720 719
f 688 689 721
f 688 721 720
f 689 690 722
f 689 722 721
f 690 691 723
f 690 723 722
f 691 692 724
f 691 724 723
f 692 693 725
f 692 725 724
f 693 694 726
f 693 726 725
f 694 695 727
f 694 727 726
f 695 696 728
f 695 728 727
f 696 697 729
f 696 729 728
f 697 698 730
f 697 730 729
f 698 699 731
f 698 731 730
f 699 700 732
f 699 732 731
f 700 701 733
f 700 733 732
f 701 702 734
f 701 734 733
f 702 703 735
f 702 735 734
f 703 704 736
f 703 736 735
f 706 705 737
f 706 737 738
f 705 707 739
f 705 739 737
f 707 708 740
f 707 740 739
f 708 709 741
f 708 741 740
f 709 710 742
f 709 742 741
f 710 711 743
f 710 743 742
f 711 712 744
f 711 744 743
f 712 713 745
f 712 745 744
f 713 714 746
f 713 746 745
f 714 715 747
f 714 747 746
f 715 716 748
f 715 748 747
f 716 717 749
f 716 749 748
f 717 718 750
f 717 750 749
f 718 719 751
f 718 751 750
f 719 720 752
f 719 752 751
f 720 721 753
f 720 753 752
f 721 722 754
f 721 754 753
f 722 723 755
f 722 755 754
f 723 724 756
f 723 756 755
f 724 725 757
f 724 757 756
f 725 726 758
f 725 758 757
f 726 727 759
f 726 759 758
f 727 728 760
f 727 760 759
f 728 729 761
f 728 761 760
f 729 730 762
f 729 762 761
f 730 731 763
f 730 763 762
f 731 732 764
f 731 764 763
f 732 733 765
f 732 765 764
f 733 734 766
f 733 766 765
f 734 735 767
f 734 767 766
f 735 736 768
f 735 768 767
f 738 737 769
f 738 769 770
f 737 739 771
f 737 771 769
f 739 740 772
f 739 772 771
f 740 741 773
f 740 773 772
f 741 742 774
f 741 774 773
f 742 743 775
f 742 775 774
f 743 744 776
f 743 776 775
f 744 745 777
f 744 777 776
f 745 746 778
f 745 778 777
f 746 747 779
f 746 779 778
f 747 748 780
f 747 780 779
f 748 749 781
f 748 781 780
f 749 750 782
f 749 782 781
f 750 751 783
f 750 783 782
f 751 752 784
f 751 784 783
f 752 753 785
f 752 785 784
f 753 754 786
f 753 786 785
f 754 755 787
f 754 787 786
f 755 756 788
f 755 788 787
f 756 757 789
f 756 789 788
f 757 758 790
f 757 790 789
f 758 759 791
f 758 791 790
f 759 760 792
f 759 792 791
f 760 761 793
f 760 793 792
f 761 762 794
f 761 794 793
f 762 763 795
f 762 795 794
f 763 764 796
f 763 796 795
f 764 765 797
f 764 797 796
f 765 766 798
f 765 798 797
f 766 767 799
f 766 799 798
f 767 768 800
f 767 800 799
f 770 769 801
f 770 801 802
f 769 771 803
f 769 803 801
f 771 772 804
f 771 804 803
f 772 773 805
f 772 805 804
f 773 774 806
f 773 806 805
f 774 775 807
f 774 807 806
f 775 776 808
f 775 808 807
f 776 777 809
f 776 809 808
f 777 778 810
f 777 810 809
f 778 779 811
f 778 811 810
f 779 780 812
f 779 812 811
f 780 781 813
f 780 813 812
f 781 782 814
f 781 814 813
f 782 783 815
f 782 815 814
f 783 784 816
f 783 816 815
f 784 785 817
f 784 817 816
f 785 786 818
f 785 818 817
f 786 787 819
f 786 819 818
f 787 788 820
f 787 820 819
f 788 789 821
f 788 821 820
f 789 790 822
f 789 822 821
f 790 791 823
f 790 823 822
f 791 792 824
f 791 824 823
f 792 793 825
f 792 825 824
f 793 794 826
f 793 826 825
f 794 795 827
f 794 827 826
f 795 796 828
f 795 828 827
f 796 797 829
f 796 829 828
f 797 798 830
f 797 830 829
f 798 799 831
f 798 831 830
f 799 800 832
f 799 832 831
f 802 801 833
f 802 833 834
f 801 803 835
f 801 835 833
f 803 804 836
f 803 836 835
f 804 805 837
f 804 837 836
f 805 806 838
f 805 838 837
f 806 807 839
f 806 839 838
f 807 808 840
f 807 840 839
f 808 809 841
f 808 841 840
f 809 810 842
f 809 842 841
f 810 811 843
f 810 843 842
f 811 812 844
f 811 844 843
f 812 813 845
f 812 845 844
f 813 814 846
f 813 846 845
f 814 815 847
f 814 847 846
f 815 816 848
f 815 848 847
f 816 817 849
f 816 849 848
f 817 818 850
f 817 850 849
f 818 819 851
f 818 851 850
f 819 820 852
f 819 852 851
f 820 821 853
f 820 853 852
f 821 822 854
f 821 854 853
f 822 823 855
f 822 855 854
f 823 824 856
f 823 856 855
f 824 825 857
f 824 857 856
f 825 826 858
f 825 858 857
f 826 827 859
f 826 859 858
f 827 828 860
f 827 860 859
f 828 829 861
f 828 861 860
f 829 830 862
f 829 862 861
f 830 831 863
f 830 863 862
f 831 832 864
f 831 864 863
f 834 833 865
f 834 865 866
f 833 835 867
f 833 867 865
f 835 836 868
f 835 868 867
f 836 837 869
f 836 869 868
f 837 838 870
f 837 870 869
f 838 839 871
f 838 871 870
f 839 840 872
f 839 872 871
f 840 841 873
f 840 873 872
f 841 842 874
f 841 874 873
f 842 843 875
f 842 875 874
f 843 844 876
f 843 876 875
f 844 845 877
f 844 877 876
f 845 846 878
f 845 878 877
f 846 847 879
f 846 879 878
f 847 848 880
f 847 880 879
f 848 849 881
f 848 881 880
f 849 850 882
f 849 882 881
f 850 851 883
f 850 883 882
f 851 852 884
f 851 884 883
f 852 853 885
f 852 885 884
f 853 854 886
f 853 886 885
f 854 855 887
f 854 887 886
f 855 856 888
f 855 888 887
f 856 857 889
f 856 889 888
f 857 858 890
f 857 890 889
f 858 859 891
f 858 891 890
f 859 860 892
f 859 892 891
f 860 861 893
f 860 893 892
f 861 862 894
f 861 894 893
f 862 863 895
f 862 895 894
f 863 864 896
f 863 896 895
f 866 865 897
f 866 897 898
f 865 867 899
f 865 899 897
f 867 868 900
f 867 900 899
f 868 869 901
f 868 901 900
f 869 870 902
f 869 902 901
f 870 871 903
f 870 903 902
f 871 872 904
f 871 904 903
f 872 873 905
f 872 905 904
f 873 874 906
f 873 906 905
f 874 875 907
f 874 907 906
f 875 876 908
f 875 908 907
f 876 877 909
f 876 909 908
f 877 878 910
f 877 910 909
f 878 879 911
f 878 911 910
f 879 880 912
f 879 912 911
f 880 881 913
f 880 913 912
f 881 882 914
f 881 914 913
f 882 883 915
f 882 915 914
f 883 884 916
f 883 916 915
f 884 885 917
f 884 917 916
f 885 886 918
f 885 918 917
f 886 887 919
f 886 919 918
f 887 888 920
f 887 920 919
f 888 889 921
f 888 921 920
f 889 890 922
f 889 922 921
f 890 891 923
f 890 923 922
f 891 892 924
f 891 924 923
f 892 893 925
f 892 925 924
f 893 894 926
f 893 926 925
f 894 895 927
f 894 927 926
f 895 896 928
f 895 928 927
f 898 897 929
f 898 929 930
f 897 899 931
f 897 931 929
f 899 900 932
f 899 932 931
f 900 901 933
f 900 933 932
f 901 902 934
f 901 934 933
f 902 903 935
f 902 935 934
f 903 904 936
f 903 936 935
f 904 905 937
f 904 937 936
f 905 906 938
f 905 938 937
f 906 907 939
f 906 939 938
f 907 908 940
f 907 940 939
f 908 909 941
f 908 941 940
f 909 910 942
f 909 942 941
f 910 911 943
f 910 943 942
f 911 912 944
f 911 944 943
f 912 913 945
f 912 945 944
f 913 914 946
f 913 946 945
f 914 915 947
f 914 947 946
f 915 916 948
f 915 948 947
f 916 917 949
f 916 949 948
f 917 918 950
f 917 950 949
f 918 919 951
f 918 951 950
f 919 920 952
f 919 952 951
f 920 921 953
f 920 953 952
f 921 922 954
f 921 954 953
f 922 923 955
f 922 955 954
f 923 924 956
f 923 956 955
f 924 925 957
f 924 957 956
f 925 926 958
f 925 958 957
f 926 927 959
f 926 959 958
f 927 928 960
f 927 960 959
f 930 929 961
f 930 961 962
f 929 931 963
f 929 963 961
f 931 932 964
f 931 964 963
f 932 933 965
f 932 965 964
f 933 934 966
f 933 966 965
f 934 935 967
f 934 967 966
f 935 936 968
f 935 968 967
f 936 937 969
f 936 969 968
f 937 938 970
f 937 970 969
f 938 939 971
f 938 971 970
f 939 940 972
f 939 972 971
f 940 941 973
f 940 973 972
f 941 942 974
f 941 974 973
f 942 943 975
f 942 975 974
f 943 944 976
f 943 976 975
f 944 945 977
f 944 977 976
f 945 946 978
f 945 978 977
f 946 947 979
f 946 979 978
f 947 948 980
f 947 980 979
f 948 949 981
f 948 981 980
f 949 950 982
f 949 982 981
f 950 951 983
f 950 983 982
f 951 952 984
f 951 984 983
f 952 953 985
f 952 985 984
f 953 954 986
f 953 986 985
f 954 955 987
f 954 987 986
f 955 956 988
f 955 988 987
f 956 957 989
f 956 989 988
f 957 958 990
f 957 990 989
f 958 959 991
f 958 991 990
f 959 960 992
f 959 992 991
f 962 961 993
f 962 993 994
f 961 963 995
f 961 995 993
f 963 964 996
f 963 996 995
f 964 965 997
f 964 997 996
f 965 966 998
f 965 998 997
f 966 967 999
f 966 999 998
f 967 968 1000
f 967 1000 999
f 968 969 1001
f 968 1001 1000
f 969 970 1002
f 969 1002 1001
f 970 971 1003
f 970 1003 1002
f 971 972 1004
f 971 1004 1003
f 972 973 1005
f 972 1005 1004
f 973 974 1006
f 973 1006 1005
f 974 975 1007
f 974 1007 1006
f 975 976 1008
f 975 1008 1007
f 976 977 1009
f 976 1009 1008
f 977 978 1010
f 977 1010 1009
f 978 979 1011
f 978 1011 1010
f 979 980 1012
f 979 1012 1011
f 980 981 1013
f 980 1013 1012
f 981 982 1014
f 981 1014 1013
f 982 983 1015
f 982 1015 1014
f 983 984 1016
f 983 1016 1015
f 984 985 1017
f 984 1017 1016
f 985 986 1018
f 985 1018 1017
f 986 987 1019
f 986 1019 1018
f 987 988 1020
f 987 1020 1019
f 988 989 1021
f 988 1021 1020
f 989 990 1022
f 989 1022 1021
f 990 991 1023
f 990 1023 1022
f 991 992 1024
f 991 1024 1023
f 994 993 1025
f 994 1025 1026
f 993 995 1027
f 993 1027 1025
f 995 996 1028
f 995 1028 1027
f 996 997 1029
f 996 1029 1028
f 997 998 1030
f 997 1030 1029
f 998 999 1031
f 998 1031 1030
f 999 1000 1032
f 999 1032 1031
f 1000 1001 1033
f 1000 1033 1032
f 1001 1002 1034
f 1001 1034 1033
f 1002 1003 1035
f 1002 1035 1034
f 1003 1004 1036
f 1003 1036 1035
f 1004 1005 1037
f 1004 1037 1036
f 1005 1006 1038
f 1005 1038 1037
f 1006 1007 1039
f 1006 1039 1038
f 1007 1008 1040
f 1007 1040 1039
f 1008 1009 1041
f 1008 1041 1040
f 1009 1010 1042
f 1009 1042 1041
f 1010 1011 1043
f 1010 1043 1042
f 1011 1012 1044
f 1011 1044 1043
f 1012 1013 1045
f 1012 1045 1044
f 1013 1014 1046
f 1013 1046 1045
f 1014 1015 1047
f 1014 1047 1046
f 1015 1016 1048
f 1015 1048 1047
f 1016 1017 1049
f 1016 1049 1048
f 1017 1018 1050
f 1017 1050 1049
f 1018 1019 1051
f 1018 1051 1050
f 1019 1020 1052
f 1019 1052 1051
f 1020 1021 1053
f 1020 1053 1052
f 1021 1022 1054
f 1021 1054 1053
f 1022 1023 1055
f 1022 1055 1054
f 1023 1024 1056
f 1023 1056 1055
f 1026 1025 1057
f 1026 1057 1058
f 1025 1027 1059
f 1025 1059 1057
f 1027 1028 1060
f 1027 1060 1059
f 1028 1029 1061
f 1028 1061 1060
f 1029 1030 1062
f 1029 1062 1061
f 1030 1031 1063
f 1030 1063 1062
f 1031 1032 1064
f 1031 1064 1063
f 1032 1033 1065
f 1032 1065 1064
f 1033 1034 1066
f 1033 1066 1065
f 1034 1035 1067
f 1034 1067 1066
f 1035 1036 1068
f 1035 1068 1067
f 1036 1037 1069
f 1036 1069 1068
f 1037 1038 1070
f 1037 1070 1069
f 1038 1039 1071
f 1038 1071 1070
f 1039 1040 1072
f 1039 1072 1071
f 1040 1041 1073
f 1040 1073 1072
f 1041 1042 1074
f 1041 1074 1073
f 1042 1043 1075
f 1042 1075 1074
f 1043 1044 1076
f 1043 1076 1075
f 1044 1045 1077
f 1044 1077 1076
f 1045 1046 1078
f 1045 1078 1077
f 1046 1047 1079
f 1046 1079 1078
f 1047 1048 1080
f 1047 1080 1079
f 1048 1049 1081
f 1048 1081 1080
f 1049 1050 1082
f 1049 1082 1081
f 1050 1051 1083
f 1050 1083 1082
f 1051 1052 1084
f 1051 1084 1083
f 1052 1053 1085
f 1052 1085 1084
f 1053 1054 1086
f 1053 1086 1085
f 1054 1055 1087
f 1054 1087 1086
f 1055 1056 1088
f 1055 1088 1087
f 1058 1057 1089
f 1058 1089 1090
f 1057 1059 1091
f 1057 1091 1089
f 1059 1060 1092
f 1059 1092 1091
f 1060 1061 1093
f 1060 1093 1092
f 1061 1062 1094
f 1061 1094 1093
f 1062 1063 1095
f 1062 1095 1094
f 1063 1064 1096
f 1063 1096 1095
f 1064 1065 1097
f 1064 1097 1096
f 1065 1066 1098
f 1065 1098 1097
f 1066 1067 1099
f 1066 1099 1098
f 1067 1068 1100
f 1067 1100 1099
f 1068 1069 1101
f 1068 1101 1100
f 1069 1070 1102
f 1069 1102 1101
f 1070 1071 1103
f 1070 1103 1102
f 1071 1072 1104
f 1071 1104 1103
f 1072 1073 1105
f 1072 1105 1104
f 1073 1074 1106
f 1073 1106 1105
f 1074 1075 1107
f 1074 1107 1106
f 1075 1076 1108
f 1075 1108 1107
f 1076 1077 1109
f 1076 1109 1108
f 1077 1078 1110
f 1077 1110 1109
f 1078 1079 1111
f 1078 1111 1110
f 1079 1080 1112
f 1079 1112 1111
f 1080 1081 1113
f 1080 1113 1112
f 1081 1082 1114
f 1081 1114 1113
f 1082 1083 1115
f 1082 1115 1114
f 1083 1084 1116
f 1083 1116 1115
f 1084 1085 1117
f 1084 1117 1116
f 1085 1086 1118
f 1085 1118 1117
f 1086 1087 1119
f 1086 1119 1118
f 1087 1088 1120
f 1087 1120 1119
f 1090 1089 1121
f 1090 1121 1122
f 1089 1091 1123
f 1089 1123 1121
f 1091 1092 1124
f 1091 1124 1123
f 1092 1093 1125
f 1092 1125 1124
f 1093 1094 1126
f 1093 1126 1125
f 1094 1095 1127
f 1094 1127 1126
f 1095 1096 1128
f 1095 1128 1127
f 1096 1097 1129
f 1096 1129 1128
f 1097 1098 1130
f 1097 1130 1129
f 1098 1099 1131
f 1098 1131 1130
f 1099 1100 1132
f 1099 1132 1131
f 1100 1101 1133
f 1100 1133 1132
f 1101 1102 1134
f 1101 1134 1133
f 1102 1103 1135
f 1102 1135 1134
f 1103 1104 1136
f 1103 1136 1135
f 1104 1105 1137
f 1104 1137 1136
f 1105 1106 1138
f 1105 1138 1137
f 1106 1107 1139
f 1106 1139 1138
f 1107 1108 1140
f 1107 1140 1139
f 1108 1109 1141
f 1108 1141 1140
f 1109 1110 1142
f 1109 1142 1141
f 1110 1111 1143
f 1110 1143 1142
f 1111 1112 1144
f 1111 1144 1143
f 1112 1113 1145
f 1112 1145 1144
f 1113 1114 1146
f 1113 1146 1145
f 1114 1115 1147
f 1114 1147 1146
f 1115 1116 1148
f 1115 1148 1147
f 1116 1117 1149
f 1116 1149 1148
f 1117 1118 1150
f 1117 1150 1149
f 1118 1119 1151
f 1118 1151 1150
f 1119 1120 1152
f 1119 1152 1151
f 1122 1121 1153
f 1122 1153 1154
f 1121 1123 1155
f 1121 1155 1153
f 1123 1124 1156
f 1123 1156 1155
f 1124 1125 1157
f 1124 1157 1156
f 1125 1126 1158
f 1125 1158 1157
f 1126 1127 1159
f 1126 1159 1158
f 1127 1128 1160
f 1127 1160 1159
f 1128 1129 1161
f 1128 1161 1160
f 1129 1130 1162
f 1129 1162 1161
f 1130 1131 1163
f 1130 1163 1162
f 1131 1132 1164
f 1131 1164 1163
f 1132 1133 1165
f 1132 1165 1164
f 1133 1134 1166
f 1133 1166 1165
f 1134 1135 1167
f 1134 1167 1166
f 1135 1136 1168
f 1135 1168 1167
f 1136 1137 1169
f 1136 1169 1168
f 1137 1138 1170
f 1137 1170 1169
f 1138 1139 1171
f 1138 1171 1170
f 1139 1140 1172
f 1139 1172 1171
f 1140 1141 1173
f 1140 1173 1172
f 1141 1142 1174
f 1141 1174 1173
f 1142 1143 1175
f 1142 1175 1174
f 1143 1144 1176
f 1143 1176 1175
f 1144 1145 1177
f 1144 1177 1176
f 1145 1146 1178
f 1145 1178 1177
f 1146 1147 1179
f 1146 1179 1178
f 1147 1148 1180
f 1147 1180 1179
f 1148 1149 1181
f 1148 1181 1180
f 1149 1150 1182
f 1149 1182 1181
f 1150 1151 1183
f 1150 1183 1182
f 1151 1152 1184
f 1151 1184 1183
f 1154 1153 1185
f 1154 1185 1186
f 1153 1155 1187
f 1153 1187 1185
f 1155 1156 1188
f 1155 1188 1187
f 1156 1157 1189
f 1156 1189 1188
f 1157 1158 1190
f 1157 1190 1189
f 1158 1159 1191
f 1158 1191 1190
f 1159 1160 1192
f 1159 1192 1191
f 1160 1161 1193
f 1160 1193 1192
f 1161 1162 1194
f 1161 1194 1193
f 1162 1163 1195
f 1162 1195 1194
f 1163 1164 1196
f 1163 1196 1195
f 1164 1165 1197
f 1164 1197 1196
f 1165 1166 1198
f 1165 1198 1197
f 1166 1167 1199
f 1166 1199 1198
f 1167 1168 1200
f 1167 1200 1199
f 1168 1169 1201
f 1168 1201 1200
f 1169 1170 1202
f 1169 1202 1201
f 1170 1171 1203
f 1170 1203 1202
f 1171 1172 1204
f 1171 1204 1203
f 1172 1173 1205
f 1172 1205 1204
f 1173 1174 1206
f 1173 1206 1205
f 1174 1175 1207
f 1174 1207 1206
f 1175 1176 1208
f 1175 1208 1207
f 1176 1177 1209
f 1176 1209 1208
f 1177 1178 1210
f 1177 1210 1209
f 1178 1179 1211
f 1178 1211 1210
f 1179 1180 1212
f 1179 1212 1211
f 1180 1181 1213
f 1180 1213 1212
f 1181 1182 1214
f 1181 1214 1213
f 1182 1183 1215
f 1182 1215 1214
f 1183 1184 1216
f 1183 1216 1215
f 1 1217 1218
f 1 1218 4
f 4 1218 1219
f 4 1219 66
f 66 1219 1220
f 66 1220 98
f 98 1220 1221
f 98 1221 130
f 130 1221 1222
f 130 1222 162
f 162 1222 1223
f 162 1223 194
f 194 1223 1224
f 194 1224 226
f 226 1224 1225
f 226 1225 258
f 258 1225 1226
f 258 1226 290
f 290 1226 1227
f 290 1227 322
f 322 1227 1228
f 322 1228 354
f 354 1228 1229
f 354 1229 386
f 386 1229 1230
f 386 1230 418
f 418 1230 1231
f 418 1231 450
f 450 1231 1232
f 450 1232 482
f 482 1232 1233
f 482 1233 514
f 514 1233 1234
f 514 1234 546
f 546 1234 1235
f 546 1235 578
f 1217 1236 1237
f 1217 1237 1218
f 1218 1237 1238
f 1218 1238 1219
f 1219 1238 1239
f 1219 1239 1220
f 1220 1239 1240
f 1220 1240 1221
f 1221 1240 1241
f 1221 1241 1222
f 1222 1241 1242
f 1222 1242 1223
f 1223 1242 1243
f 1223 1243 1224
f 1224 1243 1244
f 1224 1244 1225
f 1225 1244 1245
f 1225 1245 1226
f 1226 1245 1246
f 1226 1246 1227
f 1227 1246 1247
f 1227 1247 1228
f 1228 1247 1248
f 1228 1248 1229
f 1229 1248 1249
f 1229 1249 1230
f 1230 1249 1250
f 1230 1250 1231
f 1231 1250 1251
f 1231 1251 1232
f 1232 1251 1252
f 1232 1252 1233
f 1233 1252 1253
f 1233 1253 1234
f 1234 1253 1254
f 1234 1254 1235
f 1236 1255 1256
f 1236 1256 1237
f 1237 1256 1257
f 1237 1257 1238
f 1238 1257 1258
f 1238 1258 1239
f 1239 1258 1259
f 1239 1259 1240
f 1240 1259 1260
f 1240 1260 1241
f 1241 1260 1261
f 1241 1261 1242
f 1242 1261 1262
f 1242 1262 1243
f 1243 1262 1263
f 1243 1263 1244
f 1244 1263 1264
f 1244 1264 1245
f 1245 1264 1265
f 1245 1265 1246
f 1246 1265 1266
f 1246 1266 1247
f 1247 1266 1267
f 1247 1267 1248
f 1248 1267 1268
f 1248 1268 1249
f 1249 1268 1269
f 1249 1269 1250
f 1250 1269 1270
f 1250 1270 1251
f 1251 1270 1271
f 1251 1271 1252
f 1252 1271 1272
f 1252 1272 1253
f 1253 1272 1273
f 1253 1273 1254
f 1255 1274 1275
f 1255 1275 1256
f 1256 1275 1276
f 1256 1276 1257
f 1257 1276 1277
f 1257 1277 1258
f 1258 1277 1278
f 1258 1278 1259
f 1259 1278 1279
f 1259 1279 1260
f 1260 1279 1280
f 1260 1280 1261
f 1261 1280 1281
f 1261 1281 1262
f 1262 1281 1282
f 1262 1282 1263
f 1263 1282 1283
f 1263 1283 1264
f 1264 1283 1284
f 1264 1284 1265
f 1265 1284 1285
f 1265 1285 1266
f 1266 1285 1286
f 1266 1286 1267
f 1267 1286 1287
f 1267 1287 1268
f 1268 1287 1288
f 1268 1288 1269
f 1269 1288 1289
f 1269 1289 1270
f 1270 1289 1290
f 1270 1290 1271
f 1271 1290 1291
f 1271 1291 1272
f 1272 1291 1292
f 1272 1292 1273
f 1274 1293 1294
f 1274 1294 1275
f 1275 1294 1295
f 1275 1295 1276
f 1276 1295 1296
f 1276 1296 1277
f 1277 1296 1297
f 1277 1297 1278
f 1278 1297 1298
f 1278 1298 1279
f 1279 1298 1299
f 1279 1299 1280
f 1280 1299 1300
f 1280 1300 1281
f 1281 1300 1301
f 1281 1301 1282
f 1282 1301 1302
f 1282 1302 1283
f 1283 1302 1303
f 1283 1303 1284
f 1284 1303 1304
f 1284 1304 1285
f 1285 1304 1305
f 1285 1305 1286
f 1286 1305 1306
f 1286 1306 1287
f 1287 1306 1307
f 1287 1307 1288
f 1288 1307 1308
f 1288 1308 1289
f 1289 1308 1309
f 1289 1309 1290
f 1290 1309 1310
f 1290 1310 1291
f 1291 1310 1311
f 1291 1311 1292
f 1293 1312 1313
f 1293 1313 1294
f 1294 1313 1314
f 1294 1314 1295
f 1295 1314 1315
f 1295 1315 1296
f 1296 1315 1316
f 1296 1316 1297
f 1297 1316 1317
f 1297 1317 1298
f 1298 1317 1318
f 1298 1318 1299
f 1299 1318 1319
f 1299 1319 1300
f 1300 1319 1320
f 1300 1320 1301
f 1301 1320 1321
f 1301 1321 1302
f 1302 1321 1322
f 1302 1322 1303
f 1303 1322 1323
f 1303 1323 1304
f 1304 1323 1324
f 1304 1324 1305
f 1305 1324 1325
f 1305 1325 1306
f 1306 1325 1326
f 1306 1326 1307
f 1307 1326 1327
f 1307 1327 1308
f 1308 1327 1328
f 1308 1328 1309
f 1309 1328 1329
f 1309 1329 1310
f 1310 1329 1330
f 1310 1330 1311
f 1312 1331 1332
f 1312 1332 1313
f 1313 1332 1333
f 1313 1333 1314
f 1314 1333 1334
f 1314 1334 1315
f 1315 1334 1335
f 1315 1335 1316
f 1316 1335 1336
f 1316 1336 1317
f 1317 1336 1337
f 1317 1337 1318
f 1318 1337 1338
f 1318 1338 1319
f 1319 1338 1339
f 1319 1339 1320
f 1320 1339 1340
f 1320 1340 1321
f 1321 1340 1341
f 1321 1341 1322
f 1322 1341 1342
f 1322 1342 1323
f 1323 1342 1343
f 1323 1343 1324
f 1324 1343 1344
f 1324 1344 1325
f 1325 1344 1345
f 1325 1345 1326
f 1326 1345 1346
f 1326 1346 1327
f 1327 1346 1347
f 1327 1347 1328
f 1328 1347 1348
f 1328 1348 1329
f 1329 1348 1349
f 1329 1349 1330
f 1331 609 612
f 1331 612 1332
f 1332 612 674
f 1332 674 1333
f 1333 674 706
f 1333 706 1334
f 1334 706 738
f 1334 738 1335
f 1335 738 770
f 1335 770 1336
f 1336 770 802
f 1336 802 1337
f 1337 802 834
f 1337 834 1338
f 1338 834 866
f 1338 866 1339
f 1339 866 898
f 1339 898 1340
f 1340 898 930
f 1340 930 1341
f 1341 930 962
f 1341 962 1342
f 1342 962 994
f 1342 994 1343
f 1343 994 1026
f 1343 1026 1344
f 1344 1026 1058
f 1344 1058 1345
f 1345 1058 1090
f 1345 1090 1346
f 1346 1090 1122
f 1346 1122 1347
f 1347 1122 1154
f 1347 1154 1348
f 1348 1154 1186
f 1348 1186 1349
f 63 1351 1350
f 63 64 1351
f 64 1352 1351
f 64 96 1352
f 96 1353 1352
f 96 128 1353
f 128 1354 1353
f 128 160 1354
f 160 1355 1354
f 160 192 1355
f 192 1356 1355
f 192 224 1356
f 224 1357 1356
f 224 256 1357
f 256 1358 1357
f 256 288 1358
f 288 1359 1358
f 288 320 1359
f 320 1360 1359
f 320 352 1360
f 352 1361 1360
f 352 384 1361
f 384 1362 1361
f 384 416 1362
f 416 1363 1362
f 416 448 1363
f 448 1364 1363
f 448 480 1364
f 480 1365 1364
f 480 512 1365
f 512 1366 1365
f 512 544 1366
f 544 1367 1366
f 544 576 1367
f 576 1368 1367
f 576 608 1368
f 1350 1370 1369
f 1350 1351 1370
f 1351 1371 1370
f 1351 1352 1371
f 1352 1372 1371
f 1352 1353 1372
f 1353 1373 1372
f 1353 1354 1373
f 1354 1374 1373
f 1354 1355 1374
f 1355 1375 1374
f 1355 1356 1375
f 1356 1376 1375
f 1356 1357 1376
f 1357 1377 1376
f 1357 1358 1377
f 1358 1378 1377
f 1358 1359 1378
f 1359 1379 1378
f 1359 1360 1379
f 1360 1380 1379
f 1360 1361 1380
f 1361 1381 1380
f 1361 1362 1381
f 1362 1382 1381
f 1362 1363 1382
f 1363 1383 1382
f 1363 1364 1383
f 1364 1384 1383
f 1364 1365 1384
f 1365 1385 1384
f 1365 1366 1385
f 1366 1386 1385
f 1366 1367 1386
f 1367 1387 1386
f 1367 1368 1387
f 1369 1389 1388
f 1369 1370 1389
f 1370 1390 1389
f 1370 1371 1390
f 1371 1391 1390
f 1371 1372 1391
f 1372 1392 1391
f 1372 1373 1392
f 1373 1393 1392
f 1373 1374 1393
f 1374 1394 1393
f 1374 1375 1394
f 1375 1395 1394
f 1375 1376 1395
f 1376 1396 1395
f 1376 1377 1396
f 1377 1397 1396
f 1377 1378 1397
f 1378 1398 1397
f 1378 1379 1398
f 1379 1399 1398
f 1379 1380 1399
f 1380 1400 1399
f 1380 1381 1400
f 1381 1401 1400
f 1381 1382 1401
f 1382 1402 1401
f 1382 1383 1402
f 1383 1403 1402
f 1383 1384 1403
f 1384 1404 1403
f 1384 1385 1404
f 1385 1405 1404
f 1385 1386 1405
f 1386 1406 1405
f 1386 1387 1406
f 1388 1408 1407
f 1388 1389 1408
f 1389 1409 1408
f 1389 1390 1409
f 1390 1410 1409
f 1390 1391 1410
f 1391 1411 1410
f 1391 1392 1411
f 1392 1412 1411
f 1392 1393 1412
f 1393 1413 1412
f 1393 1394 1413
f 1394 1414 1413
f 1394 1395 1414
f 1395 1415 1414
f 1395 1396 1415
f 1396 1416 1415
f 1396 1397 1416
f 1397 1417 1416
f 1397 1398 1417
f 1398 1418 1417
f 1398 1399 1418
f 1399 1419 1418
f 1399 1400 1419
f 1400 1420 1419
f 1400 1401 1420
f 1401 1421 1420
f 1401 1402 1421
f 1402 1422 1421
f 1402 1403 1422
f 1403 1423 1422
f 1403 1404 1423
f 1404 1424 1423
f 1404 1405 1424
f 1405 1425 1424
f 1405 1406 1425
f 1407 1427 1426
f 1407 1408 1427
f 1408 1428 1427
f 1408 1409 1428
f 1409 1429 1428
f 1409 1410 1429
f 1410 1430 1429
f 1410 1411 1430
f 1411 1431 1430
f 1411 1412 1431
f 1412 1432 1431
f 1412 1413 1432
f 1413 1433 1432
f 1413 1414 1433
f 1414 1434 1433
f 1414 1415 1434
f 1415 1435 1434
f 1415 1416 1435
f 1416 1436 1435
f 1416 1417 1436
f 1417 1437 1436
f 1417 1418 1437
f 1418 1438 1437
f 1418 1419 1438
f 1419 1439 1438
f 1419 1420 1439
f 1420 1440 1439
f 1420 1421 1440
f 1421 1441 1440
f 1421 1422 1441
f 1422 1442 1441
f 1422 1423 1442
f 1423 1443 1442
f 1423 1424 1443
f 1424 1444 1443
f 1424 1425 1444
f 1426 1446 1445
f 1426 1427 1446
f 1427 1447 1446
f 1427 1428 1447
f 1428 1448 1447
f 1428 1429 1448
f 1429 1449 1448
f 1429 1430 1449
f 1430 1450 1449
f 1430 1431 1450
f 1431 1451 1450
f 1431 1432 1451
f 1432 1452 1451
f 1432 1433 1452
f 1433 1453 1452
f 1433 1434 1453
f 1434 1454 1453
f 1434 1435 1454
f 1435 1455 1454
f 1435 1436 1455
f 1436 1456 1455
f 1436 1437 1456
f 1437 1457 1456
f 1437 1438 1457
f 1438 1458 1457
f 1438 1439 1458
f 1439 1459 1458
f 1439 1440 1459
f 1440 1460 1459
f 1440 1441 1460
f 1441 1461 1460
f 1441 1442 1461
f 1442 1462 1461
f 1442 1443 1462
f 1443 1463 1462
f 1443 1444 1463
f 1445 1465 1464
f 1445 1446 1465
f 1446 1466 1465
f 1446 1447 1466
f 1447 1467 1466
f 1447 1448 1467
f 1448 1468 1467
f 1448 1449 1468
f 1449 1469 1468
f 1449 1450 1469
f 1450 1470 1469
f 1450 1451 1470
f 1451 1471 1470
f 1451 1452 1471
f 1452 1472 1471
f 1452 1453 1472
f 1453 1473 1472
f 1453 1454 1473
f 1454 1474 1473
f 1454 1455 1474
f 1455 1475 1474
f 1455 1456 1475
f 1456 1476 1475
f 1456 1457 1476
f 1457 1477 1476
f 1457 1458 1477
f 1458 1478 1477
f 1458 1459 1478
f 1459 1479 1478
f 1459 1460 1479
f 1460 1480 1479
f 1460 1461 1480
f 1461 1481 1480
f 1461 1462 1481
f 1462 1482 1481
f 1462 1463 1482
f 1464 672 671
f 1464 1465 672
f 1465 704 672
f 1465 1466 704
f 1466 736 704
f 1466 1467 736
f 1467 768 736
f 1467 1468 768
f 1468 800 768
f 1468 1469 800
f 1469 832 800
f 1469 1470 832
f 1470 864 832
f 1470 1471 864
f 1471 896 864
f 1471 1472 896
f 1472 928 896
f 1472 1473 928
f 1473 960 928
f 1473 1474 960
f 1474 992 960
f 1474 1475 992
f 1475 1024 992
f 1475 1476 1024
f 1476 1056 1024
f 1476 1477 1056
f 1477 1088 1056
f 1477 1478 1088
f 1478 1120 1088
f 1478 1479 1120
f 1479 1152 1120
f 1479 1480 1152
f 1480 1184 1152
f 1480 1481 1184
f 1481 1216 1184
f 1481 1482 1216
f 1 1483 1217
f 1 2 1483
f 1217 1484 1236
f 1217 1483 1484
f 1236 1485 1255
f 1236 1484 1485
f 1255 1486 1274
f 1255 1485 1486
f 1274 1487 1293
f 1274 1486 1487
f 1293 1488 1312
f 1293 1487 1488
f 1312 1489 1331
f 1312 1488 1489
f 1331 610 609
f 1331 1489 610
f 2 1490 1483
f 2 5 1490
f 1483 1491 1484
f 1483 1490 1491
f 1484 1492 1485
f 1484 1491 1492
f 1485 1493 1486
f 1485 1492 1493
f 1486 1494 1487
f 1486 1493 1494
f 1487 1495 1488
f 1487 1494 1495
f 1488 1496 1489
f 1488 1495 1496
f 1489 613 610
f 1489 1496 613
f 5 1497 1490
f 5 7 1497
f 1490 1498 1491
f 1490 1497 1498
f 1491 1499 1492
f 1491 1498 1499
f 1492 1500 1493
f 1492 1499 1500
f 1493 1501 1494
f 1493 1500 1501
f 1494 1502 1495
f 1494 1501 1502
f 1495 1503 1496
f 1495 1502 1503
f 1496 615 613
f 1496 1503 615
f 7 1504 1497
f 7 9 1504
f 1497 1505 1498
f 1497 1504 1505
f 1498 1506 1499
f 1498 1505 1506
f 1499 1507 1500
f 1499 1506 1507
f 1500 1508 1501
f 1500 1507 1508
f 1501 1509 1502
f 1501 1508 1509
f 1502 1510 1503
f 1502 1509 1510
f 1503 617 615
f 1503 1510 617
f 9 1511 1504
f 9 11 1511
f 1504 1512 1505
f 1504 1511 1512
f 1505 1513 1506
f 1505 1512 1513
f 1506 1514 1507
f 1506 1513 1514
f 1507 1515 1508
f 1507 1514 1515
f 1508 1516 1509
f 1508 1515 1516
f 1509 1517 1510
f 1509 1516 1517
f 1510 619 617
f 1510 1517 619
f 11 1518 1511
f 11 13 1518
f 1511 1519 1512
f 1511 1518 1519
f 1512 1520 1513
f 1512 1519 1520
f 1513 1521 1514
f 1513 1520 1521
f 1514 1522 1515
f 1514 1521 1522
f 1515 1523 1516
f 1515 1522 1523
f 1516 1524 1517
f 1516 1523 1524
f 1517 621 619
f 1517 1524 621
f 13 1525 1518
f 13 15 1525
f 1518 1526 1519
f 1518 1525 1526
f 1519 1527 1520
f 1519 1526 1527
f 1520 1528 1521
f 1520 1527 1528
f 1521 1529 1522
f 1521 1528 1529
f 1522 1530 1523
f 1522 1529 1530
f 1523 1531 1524
f 1523 1530 1531
f 1524 623 621
f 1524 1531 623
f 15 1532 1525
f 15 17 1532
f 1525 1533 1526
f 1525 1532 1533
f 1526 1534 1527
f 1526 1533 1534
f 1527 1535 1528
f 1527 1534 1535
f 1528 1536 1529
f 1528 1535 1536
f 1529 1537 1530
f 1529 1536 1537
f 1530 1538 1531
f 1530 1537 1538
f 1531 625 623
f 1531 1538 625
f 17 1539 1532
f 17 19 1539
f 1532 1540 1533
f 1532 1539 1540
f 1533 1541 1534
f 1533 1540 1541
f 1534 1542 1535
f 1534 1541 1542
f 1535 1543 1536
f 1535 1542 1543
f 1536 1544 1537
f 1536 1543 1544
f 1537 1545 1538
f 1537 1544 1545
f 1538 627 625
f 1538 1545 627
f 19 1546 1539
f 19 21 1546
f 1539 1547 1540
f 1539 1546 1547
f 1540 1548 1541
f 1540 1547 1548
f 1541 1549 1542
f 1541 1548 1549
f 1542 1550 1543
f 1542 1549 1550
f 1543 1551 1544
f 1543 1550 1551
f 1544 1552 1545
f 1544 1551 1552
f 1545 629 627
f 1545 1552 629
f 21 1553 1546
f 21 23 1553
f 1546 1554 1547
f 1546 1553 1554
f 1547 1555 1548
f 1547 1554 1555
f 1548 1556 1549
f 1548 1555 1556
f 1549 1557 1550
f 1549 1556 1557
f 1550 1558 1551
f 1550 1557 1558
f 1551 1559 1552
f 1551 1558 1559
f 1552 631 629
f 1552 1559 631
f 23 1560 1553
f 23 25 1560
f 1553 1561 1554
f 1553 1560 1561
f 1554 1562 1555
f 1554 1561 1562
f 1555 1563 1556
f 1555 1562 1563
f 1556 1564 1557
f 1556 1563 1564
f 1557 1565 1558
f 1557 1564 1565
f 1558 1566 1559
f 1558 1565 1566
f 1559 633 631
f 1559 1566 633
f 25 1567 1560
f 25 27 1567
f 1560 1568 1561
f 1560 1567 1568
f 1561 1569 1562
f 1561 1568 1569
f 1562 1570 1563
f 1562 1569 1570
f 1563 1571 1564
f 1563 1570 1571
f 1564 1572 1565
f 1564 1571 1572
f 1565 1573 1566
f 1565 1572 1573
f 1566 635 633
f 1566 1573 635
f 27 1574 1567
f 27 29 1574
f 1567 1575 1568
f 1567 1574 1575
f 1568 1576 1569
f 1568 1575 1576
f 1569 1577 1570
f 1569 1576 1577
f 1570 1578 1571
f 1570 1577 1578
f 1571 1579 1572
f 1571 1578 1579
f 1572 1580 1573
f 1572 1579 1580
f 1573 637 635
f 1573 1580 637
f 29 1581 1574
f 29 31 1581
f 1574 1582 1575
f 1574 1581 1582
f 1575 1583 1576
f 1575 1582 1583
f 1576 1584 1577
f 1576 1583 1584
f 1577 1585 1578
f 1577 1584 1585
f 1578 1586 1579
f 1578 1585 1586
f 1579 1587 1580
f 1579 1586 1587
f 1580 639 637
f 1580 1587 639
f 31 1588 1581
f 31 33 1588
f 1581 1589 1582
f 1581 1588 1589
f 1582 1590 1583
f 1582 1589 1590
f 1583 1591 1584
f 1583 1590 1591
f 1584 1592 1585
f 1584 1591 1592
f 1585 1593 1586
f 1585 1592 1593
f 1586 1594 1587
f 1586 1593 1594
f 1587 641 639
f 1587 1594 641
f 33 1595 1588
f 33 35 1595
f 1588 1596 1589
f 1588 1595 1596
f 1589 1597 1590
f 1589 1596 1597
f 1590 1598 1591
f 1590 1597 1598
f 1591 1599 1592
f 1591 1598 1599
f 1592 1600 1593
f 1592 1599 1600
f 1593 1601 1594
f 1593 1600 1601
f 1594 643 641
f 1594 1601 643
f 35 1602 1595
f 35 37 1602
f 1595 1603 1596
f 1595 1602 1603
f 1596 1604 1597
f 1596 1603 1604
f 1597 1605 1598
f 1597 1604 1605
f 1598 1606 1599
f 1598 1605 1606
f 1599 1607 1600
f 1599 1606 1607
f 1600 1608 1601
f 1600 1607 1608
f 1601 645 643
f 1601 1608 645
f 37 1609 1602
f 37 39 1609
f 1602 1610 1603
f 1602 1609 1610
f 1603 1611 1604
f 1603 1610 1611
f 1604 1612 1605
f 1604 1611 1612
f 1605 1613 1606
f 1605 1612 1613
f 1606 1614 1607
f 1606 1613 1614
f 1607 1615 1608
f 1607 1614 1615
f 1608 647 645
f 1608 1615 647
f 39 1616 1609
f 39 41 1616
f 1609 1617 1610
f 1609 1616 1617
f 1610 1618 1611
f 1610 1617 1618
f 1611 1619 1612
f 1611 1618 1619
f 1612 1620 1613
f 1612 1619 1620
f 1613 1621 1614
f 1613 1620 1621
f 1614 1622 1615
f 1614 1621 1622
f 1615 649 647
f 1615 1622 649
f 41 1623 1616
f 41 43 1623
f 1616 1624 1617
f 1616 1623 1624
f 1617 1625 1618
f 1617 1624 1625
f 1618 1626 1619
f 1618 1625 1626
f 1619 1627 1620
f 1619 1626 1627
f 1620 1628 1621
f 1620 1627 1628
f 1621 1629 1622
f 1621 1628 1629
f 1622 651 649
f 1622 1629 651
f 43 1630 1623
f 43 45 1630
f 1623 1631 1624
f 1623 1630 1631
f 1624 1632 1625
f 1624 1631 1632
f 1625 1633 1626
f 1625 1632 1633
f 1626 1634 1627
f 1626 1633 1634
f 1627 1635 1628
f 1627 1634 1635
f 1628 1636 1629
f 1628 1635 1636
f 1629 653 651
f 1629 1636 653
f 45 1637 1630
f 45 47 1637
f 1630 1638 1631
f 1630 1637 1638
f 1631 1639 1632
f 1631 1638 1639
f 1632 1640 1633
f 1632 1639 1640
f 1633 1641 1634
f 1633 1640 1641
f 1634 1642 1635
f 1634 1641 1642
f 1635 1643 1636
f 1635 1642 1643
f 1636 655 653
f 1636 1643 655
f 47 1644 1637
f 47 49 1644
f 1637 1645 1638
f 1637 1644 1645
f 1638 1646 1639
f 1638 1645 1646
f 1639 1647 1640
f 1639 1646 1647
f 1640 1648 1641
f 1640 1647 1648
f 1641 1649 1642
f 1641 1648 1649
f 1642 1650 1643
f 1642 1649 1650
f 1643 657 655
f 1643 1650 657
f 49 1651 1644
f 49 51 1651
f 1644 1652 1645
f 1644 1651 1652
f 1645 1653 1646
f 1645 1652 1653
f 1646 1654 1647
f 1646 1653 1654
f 1647 1655 1648
f 1647 1654 1655
f 1648 1656 1649
f 1648 1655 1656
f 1649 1657 1650
f 1649 1656 1657
f 1650 659 657
f 1650 1657 659
f 51 1658 1651
f 51 53 1658
f 1651 1659 1652
f 1651 1658 1659
f 1652 1660 1653
f 1652 1659 1660
f 1653 1661 1654
f 1653 1660 1661
f 1654 1662 1655
f 1654 1661 1662
f 1655 1663 1656
f 1655 1662 1663
f 1656 1664 1657
f 1656 1663 1664
f 1657 661 659
f 1657 1664 661
f 53 1665 1658
f 53 55 1665
f 1658 1666 1659
f 1658 1665 1666
f 1659 1667 1660
f 1659 1666 1667
f 1660 1668 1661
f 1660 1667 1668
f 1661 1669 1662
f 1661 1668 1669
f 1662 1670 1663
f 1662 1669 1670
f 1663 1671 1664
f 1663 1670 1671
f 1664 663 661
f 1664 1671 663
f 55 1672 1665
f 55 57 1672
f 1665 1673 1666
f 1665 1672 1673
f 1666 1674 1667
f 1666 1673 1674
f 1667 1675 1668
f 1667 1674 1675
f 1668 1676 1669
f 1668 1675 1676
f 1669 1677 1670
f 1669 1676 1677
f 1670 1678 1671
f 1670 1677 1678
f 1671 665 663
f 1671 1678 665
f 57 1679 1672
f 57 59 1679
f 1672 1680 1673
f 1672 1679 1680
f 1673 1681 1674
f 1673 1680 1681
f 1674 1682 1675
f 1674 1681 1682
f 1675 1683 1676
f 1675 1682 1683
f 1676 1684 1677
f 1676 1683 1684
f 1677 1685 1678
f 1677 1684 1685
f 1678 667 665
f 1678 1685 667
f 59 1686 1679
f 59 61 1686
f 1679 1687 1680
f 1679 1686 1687
f 1680 1688 1681
f 1680 1687 1688
f 1681 1689 1682
f 1681 1688 1689
f 1682 1690 1683
f 1682 1689 1690
f 1683 1691 1684
f 1683 1690 1691
f 1684 1692 1685
f 1684 1691 1692
f 1685 669 667
f 1685 1692 669
f 61 1350 1686
f 61 63 1350
f 1686 1369 1687
f 1686 1350 1369
f 1687 1388 1688
f 1687 1369 1388
f 1688 1407 1689
f 1688 1388 1407
f 1689 1426 1690
f 1689 1407 1426
f 1690 1445 1691
f 1690 1426 1445
f 1691 1464 1692
f 1691 1445 1464
f 1692 671 669
f 1692 1464 671
f 578 1235 1693
f 578 1693 577
f 1235 1254 1694
f 1235 1694 1693
f 1254 1273 1695
f 1254 1695 1694
f 1273 1292 1696
f 1273 1696 1695
f 1292 1311 1697
f 1292 1697 1696
f 1311 1330 1698
f 1311 1698 1697
f 1330 1349 1699
f 1330 1699 1698
f 1349 1186 1185
f 1349 1185 1699
f 577 1693 1700
f 577 1700 579
f 1693 1694 1701
f 1693 1701 1700
f 1694 1695 1702
f 1694 1702 1701
f 1695 1696 1703
f 1695 1703 1702
f 1696 1697 1704
f 1696 1704 1703
f 1697 1698 1705
f 1697 1705 1704
f 1698 1699 1706
f 1698 1706 1705
f 1699 1185 1187
f 1699 1187 1706
f 579 1700 1707
f 579 1707 580
f 1700 1701 1708
f 1700 1708 1707
f 1701 1702 1709
f 1701 1709 1708
f 1702 1703 1710
f 1702 1710 1709
f 1703 1704 1711
f 1703 1711 1710
f 1704 1705 1712
f 1704 1712 1711
f 1705 1706 1713
f 1705 1713 1712
f 1706 1187 1188
f 1706 1188 1713
f 580 1707 1714
f 580 1714 581
f 1707 1708 1715
f 1707 1715 1714
f 1708 1709 1716
f 1708 1716 1715
f 1709 1710 1717
f 1709 1717 1716
f 1710 1711 1718
f 1710 1718 1717
f 1711 1712 1719
f 1711 1719 1718
f 1712 1713 1720
f 1712 1720 1719
f 1713 1188 1189
f 1713 1189 1720
f 581 1714 1721
f 581 1721 582
f 1714 1715 1722
f 1714 1722 1721
f 1715 1716 1723
f 1715 1723 1722
f 1716 1717 1724
f 1716 1724 1723
f 1717 1718 1725
f 1717 1725 1724
f 1718 1719 1726
f 1718 1726 1725
f 1719 1720 1727
f 1719 1727 1726
f 1720 1189 1190
f 1720 1190 1727
f 582 1721 1728
f 582 1728 583
f 1721 1722 1729
f 1721 1729 1728
f 1722 1723 1730
f 1722 1730 1729
f 1723 1724 1731
f 1723 1731 1730
f 1724 1725 1732
f 1724 1732 1731
f 1725 1726 1733
f 1725 1733 1732
f 1726 1727 1734
f 1726 1734 1733
f 1727 1190 1191
f 1727 1191 1734
f 583 1728 1735
f 583 1735 584
f 1728 1729 1736
f 1728 1736 1735
f 1729 1730 1737
f 1729 1737 1736
f 1730 1731 1738
f 1730 1738 1737
f 1731 1732 1739
f 1731 1739 1738
f 1732 1733 1740
f 1732 1740 1739
f 1733 1734 1741
f 1733 1741 1740
f 1734 1191 1192
f 1734 1192 1741
f 584 1735 1742
f 584 1742 585
f 1735 1736 1743
f 1735 1743 1742
f 1736 1737 1744
f 1736 1744 1743
f 1737 1738 1745
f 1737 1745 1744
f 1738 1739 1746
f 1738 1746 1745
f 1739 1740 1747
f 1739 1747 1746
f 1740 1741 1748
f 1740 1748 1747
f 1741 1192 1193
f 1741 1193 1748
f 585 1742 1749
f 585 1749 586
f 1742 1743 1750
f 1742 1750 1749
f 1743 1744 1751
f 1743 1751 1750
f 1744 1745 1752
f 1744 1752 1751
f 1745 1746 1753
f 1745 1753 1752
f 1746 1747 1754
f 1746 1754 1753
f 1747 1748 1755
f 1747 1755 1754
f 1748 1193 1194
f 1748 1194 1755
f 586 1749 1756
f 586 1756 587
f 1749 1750 1757
f 1749 1757 1756
f 1750 1751 1758
f 1750 1758 1757
f 1751 1752 1759
f 1751 1759 1758
f 1752 1753 1760
f 1752 1760 1759
f 1753 1754 1761
f 1753 1761 1760
f 1754 1755 1762
f 1754 1762 1761
f 1755 1194 1195
f 1755 1195 1762
f 587 1756 1763
f 587 1763 588
f 1756 1757 1764
f 1756 1764 1763
f 1757 1758 1765
f 1757 1765 1764
f 1758 1759 1766
f 1758 1766 1765
f 1759 1760 1767
f 1759 1767 1766
f 1760 1761 1768
f 1760 1768 1767
f 1761 1762 1769
f 1761 1769 1768
f 1762 1195 1196
f 1762 1196 1769
f 588 1763 1770
f 588 1770 589
f 1763 1764 1771
f 1763 1771 1770
f 1764 1765 1772
f 1764 1772 1771
f 1765 1766 1773
f 1765 1773 1772
f 1766 1767 1774
f 1766 1774 1773
f 1767 1768 1775
f 1767 1775 1774
f 1768 1769 1776
f 1768 1776 1775
f 1769 1196 1197
f 1769 1197 1776
f 589 1770 1777
f 589 1777 590
f 1770 1771 1778
f 1770 1778 1777
f 1771 1772 1779
f 1771 1779 1778
f 1772 1773 1780
f 1772 1780 1779
f 1773 1774 1781
f 1773 1781 1780
f 1774 1775 1782
f 1774 1782 1781
f 1775 1776 1783
f 1775 1783 1782
f 1776 1197 1198
f 1776 1198 1783
f 590 1777 1784
f 590 1784 591
f 1777 1778 1785
f 1777 1785 1784
f 1778 1779 1786
f 1778 1786 1785
f 1779 1780 1787
f 1779 1787 1786
f 1780 1781 1788
f 1780 1788 1787
f 1781 1782 1789
f 1781 1789 1788
f 1782 1783 1790
f 1782 1790 1789
f 1783 1198 1199
f 1783 1199 1790
f 591 1784 1791
f 591 1791 592
f 1784 1785 1792
f 1784 1792 1791
f 1785 1786 1793
f 1785 1793 1792
f 1786 1787 1794
f 1786 1794 1793
f 1787 1788 1795
f 1787 1795 1794
f 1788 1789 1796
f 1788 1796 1795
f 1789 1790 1797
f 1789 1797 1796
f 1790 1199 1200
f 1790 1200 1797
f 592 1791 1798
f 592 1798 593
f 1791 1792 1799
f 1791 1799 1798
f 1792 1793 1800
f 1792 1800 1799
f 1793 1794 1801
f 1793 1801 1800
f 1794 1795 1802
f 1794 1802 1801
f 1795 1796 1803
f 1795 1803 1802
f 1796 1797 1804
f 1796 1804 1803
f 1797 1200 1201
f 1797 1201 1804
f 593 1798 1805
f 593 1805 594
f 1798 1799 1806
f 1798 1806 1805
f 1799 1800 1807
f 1799 1807 1806
f 1800 1801 1808
f 1800 1808 1807
f 1801 1802 1809
f 1801 1809 1808
f 1802 1803 1810
f 1802 1810 1809
f 1803 1804 1811
f 1803 1811 1810
f 1804 1201 1202
f 1804 1202 1811
f 594 1805 1812
f 594 1812 595
f 1805 1806 1813
f 1805 1813 1812
f 1806 1807 1814
f 1806 1814 1813
f 1807 1808 1815
f 1807 1815 1814
f 1808 1809 1816
f 1808 1816 1815
f 1809 1810 1817
f 1809 1817 1816
f 1810 1811 1818
f 1810 1818 1817
f 1811 1202 1203
f 1811 1203 1818
f 595 1812 1819
f 595 1819 596
f 1812 1813 1820
f 1812 1820 1819
f 1813 1814 1821
f 1813 1821 1820
f 1814 1815 1822
f 1814 1822 1821
f 1815 1816 1823
f 1815 1823 1822
f 1816 1817 1824
f 1816 1824 1823
f 1817 1818 1825
f 1817 1825 1824
f 1818 1203 1204
f 1818 1204 1825
f 596 1819 1826
f 596 1826 597
f 1819 1820 1827
f 1819 1827 1826
f 1820 1821 1828
f 1820 1828 1827
f 1821 1822 1829
f 1821 1829 1828
f 1822 1823 1830
f 1822 1830 1829
f 1823 1824 1831
f 1823 1831 1830
f 1824 1825 1832
f 1824 1832 1831
f 1825 1204 1205
f 1825 1205 1832
f 597 1826 1833
f 597 1833 598
f 1826 1827 1834
f 1826 1834 1833
f 1827 1828 1835
f 1827 1835 1834
f 1828 1829 1836
f 1828 1836 1835
f 1829 1830 1837
f 1829 1837 1836
f 1830 1831 1838
f 1830 1838 1837
f 1831 1832 1839
f 1831 1839 1838
f 1832 1205 1206
f 1832 1206 1839
f 598 1833 1840
f 598 1840 599
f 1833 1834 1841
f 1833 1841 1840
f 1834 1835 1842
f 1834 1842 1841
f 1835 1836 1843
f 1835 1843 1842
f 1836 1837 1844
f 1836 1844 1843
f 1837 1838 1845
f 1837 1845 1844
f 1838 1839 1846
f 1838 1846 1845
f 1839 1206 1207
f 1839 1207 1846
f 599 1840 1847
f 599 1847 600
f 1840 1841 1848
f 1840 1848 1847
f 1841 1842 1849
f 1841 1849 1848
f 1842 1843 1850
f 1842 1850 1849
f 1843 1844 1851
f 1843 1851 1850
f 1844 1845 1852
f 1844 1852 1851
f 1845 1846 1853
f 1845 1853 1852
f 1846 1207 1208
f 1846 1208 1853
f 600 1847 1854
f 600 1854 601
f 1847 1848 1855
f 1847 1855 1854
f 1848 1849 1856
f 1848 1856 1855
f 1849 1850 1857
f 1849 1857 1856
f 1850 1851 1858
f 1850 1858 1857
f 1851 1852 1859
f 1851 1859 1858
f 1852 1853 1860
f 1852 1860 1859
f 1853 1208 1209
f 1853 1209 1860
f 601 1854 1861
f 601 1861 602
f 1854 1855 1862
f 1854 1862 1861
f 1855 1856 1863
f 1855 1863 1862
f 1856 1857 1864
f 1856 1864 1863
f 1857 1858 1865
f 1857 1865 1864
f 1858 1859 1866
f 1858 1866 1865
f 1859 1860 1867
f 1859 1867 1866
f 1860 1209 1210
f 1860 1210 1867
f 602 1861 1868
f 602 1868 603
f 1861 1862 1869
f 1861 1869 1868
f 1862 1863 1870
f 1862 1870 1869
f 1863 1864 1871
f 1863 1871 1870
f 1864 1865 1872
f 1864 1872 1871
f 1865 1866 1873
f 1865 1873 1872
f 1866 1867 1874
f 1866 1874 1873
f 1867 1210 1211
f 1867 1211 1874
f 603 1868 1875
f 603 1875 604
f 1868 1869 1876
f 1868 1876 1875
f 1869 1870 1877
f 1869 1877 1876
f 1870 1871 1878
f 1870 1878 1877
f 1871 1872 1879
f 1871 1879 1878
f 1872 1873 1880
f 1872 1880 1879
f 1873 1874 1881
f 1873 1881 1880
f 1874 1211 1212
f 1874 1212 1881
f 604 1875 1882
f 604 1882 605
f 1875 1876 1883
f 1875 1883 1882
f 1876 1877 1884
f 1876 1884 1883
f 1877 1878 1885
f 1877 1885 1884
f 1878 1879 1886
f 1878 1886 1885
f 1879 1880 1887
f 1879 1887 1886
f 1880 1881 1888
f 1880 1888 1887
f 1881 1212 1213
f 1881 1213 1888
f 605 1882 1889
f 605 1889 606
f 1882 1883 1890
f 1882 1890 1889
f 1883 1884 1891
f 1883 1891 1890
f 1884 1885 1892
f 1884 1892 1891
f 1885 1886 1893
f 1885 1893 1892
f 1886 1887 1894
f 1886 1894 1893
f 1887 1888 1895
f 1887 1895 1894
f 1888 1213 1214
f 1888 1214 1895
f 606 1889 1896
f 606 1896 607
f 1889 1890 1897
f 1889 1897 1896
f 1890 1891 1898
f 1890 1898 1897
f 1891 1892 1899
f 1891 1899 1898
f 1892 1893 1900
f 1892 1900 1899
f 1893 1894 1901
f 1893 1901 1900
f 1894 1895 1902
f 1894 1902 1901
f 1895 1214 1215
f 1895 1215 1902
f 607 1896 1368
f 607 1368 608
f 1896 1897 1387
f 1896 1387 1368
f 1897 1898 1406
f 1897 1406 1387
f 1898 1899 1425
f 1898 1425 1406
f 1899 1900 1444
f 1899 1444 1425
f 1900 1901 1463
f 1900 1463 1444
f 1901 1902 1482
f 1901 1482 1463
f 1902 1215 1216
f 1902 1216 1482
