# Cliff v4
v -20.288 0.615 -6.241
v -19.140 0.638 -5.987
v -18.896 1.710 -5.782
v -20.049 1.760 -6.038
v -18.341 0.568 -5.903
v -18.070 1.627 -5.675
v -17.809 0.279 -6.175
v -17.549 1.353 -5.955
v -16.952 0.149 -6.172
v -16.725 1.357 -5.977
v -16.181 0.159 -6.237
v -15.937 1.529 -6.030
v -15.397 0.440 -6.293
v -15.256 1.826 -6.172
v -14.220 0.804 -6.145
v -14.061 2.121 -6.011
v -13.779 1.115 -6.494
v -13.375 2.203 -6.154
v -12.950 1.237 -6.514
v -12.473 2.208 -6.113
v -11.828 1.253 -6.288
v -11.325 2.325 -5.866
v -10.603 1.158 -5.971
v -10.374 2.341 -5.779
v -9.873 1.060 -6.073
v -9.583 2.094 -5.827
v -9.000 0.891 -6.052
v -8.854 1.902 -5.926
v -8.182 0.550 -6.074
v -7.879 1.646 -5.817
v -7.253 0.362 -5.878
v -6.609 1.501 -5.464
v -6.239 0.293 -5.741
v -5.779 1.535 -5.354
v -5.363 0.374 -5.724
v -5.017 1.536 -5.432
v -4.420 0.479 -5.650
v -4.103 1.538 -5.380
v -3.541 0.279 -5.626
v -3.091 1.504 -5.248
v -2.798 0.071 -5.718
v -2.635 1.409 -5.583
v -2.117 0.010 -5.865
v -1.957 1.375 -5.730
v -1.414 0.000 -5.995
v -1.305 1.340 -5.906
v -0.946 0.103 -6.319
v -0.931 1.361 -6.306
v -0.146 0.096 -6.363
v -0.016 1.326 -6.252
v 0.842 0.000 -6.246
v 1.321 1.111 -5.843
v 2.081 0.000 -5.916
v 2.389 0.975 -5.657
v 2.893 0.000 -5.948
v 3.040 0.904 -5.821
v 3.519 0.000 -6.141
v 3.924 0.800 -5.795
v 4.016 0.000 -6.442
v 4.422 0.676 -6.098
v 5.016 0.000 -6.321
v 5.077 0.624 -6.264
v 5.736 0.000 -6.431
v 5.866 0.596 -6.318
v 6.820 0.000 -6.361
v 6.865 0.651 -6.319
v 7.438 0.000 -6.553
v 7.527 0.710 -6.478
v 8.137 0.000 -6.682
v 8.346 0.781 -6.508
v 8.984 0.000 -6.687
v 9.124 0.703 -6.570
v 9.268 0.000 -7.162
v 9.997 0.604 -6.550
v 10.258 0.000 -7.048
v 10.737 0.568 -6.643
v 11.574 0.000 -6.661
v 11.693 0.571 -6.558
v 12.016 0.000 -7.001
v 12.243 0.584 -6.808
v 12.939 0.045 -6.935
v 13.204 0.750 -6.709
v 14.047 0.433 -6.719
v 14.354 1.263 -6.460
v 14.796 0.778 -6.806
v 15.076 1.734 -6.568
v 15.838 1.189 -6.643
v 16.147 1.883 -6.381
v 16.954 1.308 -6.420
v 17.464 1.936 -5.986
v 17.925 1.251 -6.315
v 18.435 1.927 -5.884
v 19.057 1.244 -6.077
v 19.262 1.952 -5.900
v 20.060 1.364 -5.944
v 20.239 2.168 -5.791
v -18.420 2.654 -5.379
v -19.207 2.622 -5.326
v -17.734 2.597 -5.389
v -17.043 2.387 -5.527
v -16.043 2.448 -5.402
v -15.270 2.665 -5.465
v -14.646 2.839 -5.656
v -13.800 2.906 -5.788
v -13.032 2.836 -5.860
v -11.994 2.789 -5.705
v -11.295 2.966 -5.833
v -10.385 3.055 -5.783
v -9.557 2.885 -5.800
v -8.434 2.699 -5.571
v -7.236 2.541 -5.276
v -6.110 2.443 -5.042
v -5.162 2.452 -4.832
v -4.606 2.392 -5.082
v -4.077 2.231 -5.354
v -3.411 2.017 -5.515
v -2.858 1.869 -5.771
v -2.035 2.007 -5.795
v -1.095 2.214 -5.725
v -0.499 2.409 -5.940
v 0.315 2.376 -5.971
v 1.156 2.018 -5.979
v 2.137 1.774 -5.870
v 3.065 1.722 -5.803
v 3.878 1.767 -5.831
v 4.674 1.884 -5.880
v 5.411 2.028 -5.974
v 6.193 2.068 -6.034
v 7.178 2.076 -6.048
v 7.780 2.047 -6.261
v 8.739 2.032 -6.175
v 9.546 1.889 -6.213
v 10.394 1.661 -6.214
v 11.415 1.478 -6.069
v 11.943 1.382 -6.340
v 12.878 1.397 -6.269
v 13.941 1.535 -6.090
v 14.852 1.887 -6.040
v 15.572 2.213 -6.148
v 16.531 2.355 -6.056
v 17.176 2.497 -6.228
v 18.084 2.673 -6.178
v 19.260 2.710 -5.902
v 20.218 2.714 -5.810
v -18.561 3.635 -5.494
v -19.377 3.607 -5.468
v -17.878 3.594 -5.505
v -17.163 3.423 -5.624
v -16.167 3.417 -5.505
v -15.322 3.560 -5.510
v -14.840 3.561 -5.822
v -14.009 3.415 -5.967
v -12.867 3.322 -5.723
v -12.089 3.283 -5.786
v -11.435 3.481 -5.948
v -10.670 3.583 -6.020
v -9.749 3.536 -5.962
v -8.764 3.384 -5.848
v -7.670 3.344 -5.641
v -6.708 3.277 -5.543
v -5.879 3.186 -5.433
v -5.087 3.143 -5.486
v -4.496 2.994 -5.709
v -3.719 2.650 -5.774
v -3.112 2.404 -5.983
v -1.966 2.546 -5.738
v -1.122 2.799 -5.742
v -0.247 3.102 -5.724
v 0.554 3.074 -5.766
v 1.240 2.639 -5.906
v 1.918 2.418 -6.052
v 2.709 2.477 -6.103
v 3.747 2.649 -5.942
v 4.548 2.948 -5.984
v 5.425 3.280 -5.960
v 6.334 3.411 -5.911
v 7.302 3.384 -5.936
v 8.156 3.324 -5.939
v 8.951 3.251 -5.991
v 9.505 3.082 -6.241
v 10.452 2.737 -6.158
v 11.523 2.444 -5.972
v 12.231 2.293 -6.096
v 13.255 2.371 -5.950
v 14.122 2.597 -5.936
v 14.853 2.723 -6.037
v 15.701 2.806 -6.040
v 16.509 2.938 -6.074
v 17.264 3.057 -6.155
v 18.369 3.339 -5.938
v 19.292 3.379 -5.876
v 20.089 3.213 -5.923
v -18.537 4.597 -5.477
v -19.250 4.744 -5.362
v -17.998 4.600 -5.610
v -17.010 4.670 -5.493
v -15.814 4.535 -5.204
v -14.951 4.464 -5.198
v -14.328 4.451 -5.391
v -13.806 4.396 -5.797
v -12.928 4.443 -5.778
v -12.196 4.485 -5.879
v -11.582 4.440 -6.078
v -10.829 4.431 -6.159
v -9.867 4.361 -6.064
v -8.827 4.318 -5.904
v -7.835 4.490 -5.783
v -6.987 4.639 -5.782
v -6.024 4.741 -5.560
v -5.033 4.570 -5.444
v -4.256 4.228 -5.510
v -3.446 3.919 -5.545
v -2.684 3.664 -5.622
v -1.902 3.616 -5.681
v -0.833 3.638 -5.499
v -0.228 3.785 -5.705
v 0.594 3.802 -5.728
v 1.381 3.718 -5.784
v 2.159 3.769 -5.846
v 2.958 4.003 -5.893
v 3.824 4.132 -5.880
v 4.679 4.262 -5.873
v 5.630 4.538 -5.787
v 6.601 4.640 -5.686
v 7.456 4.724 -5.810
v 8.288 4.644 -5.829
v 8.909 4.282 -6.022
v 9.776 4.035 -6.006
v 10.695 3.761 -5.949
v 11.497 3.450 -5.991
v 12.530 3.266 -5.840
v 13.507 3.293 -5.736
v 14.355 3.432 -5.736
v 15.189 3.793 -5.751
v 16.179 4.024 -5.635
v 16.950 3.952 -5.701
v 17.730 3.943 -5.758
v 18.693 3.974 -5.663
v 19.468 3.977 -5.731
v 20.265 3.961 -5.778
v -18.333 6.103 -5.307
v -19.336 6.106 -5.438
v -17.399 6.108 -5.110
v -16.460 6.071 -5.032
v -15.871 5.902 -5.252
v -15.370 5.703 -5.551
v -14.685 5.751 -5.695
v -13.677 5.844 -5.690
v -13.094 5.837 -5.919
v -12.378 5.840 -6.033
v -11.497 5.907 -6.006
v -10.512 5.977 -5.893
v -9.776 5.832 -5.987
v -8.945 5.803 -6.001
v -8.095 5.961 -6.002
v -7.045 6.126 -5.835
v -6.237 6.286 -5.742
v -5.173 6.089 -5.562
v -4.100 5.682 -5.378
v -3.588 5.372 -5.663
v -2.702 5.133 -5.635
v -1.775 4.968 -5.569
v -1.327 4.866 -5.908
v -0.547 4.959 -5.967
v 0.265 4.991 -6.001
v 1.549 5.078 -5.637
v 2.614 5.432 -5.461
v 2.861 5.895 -5.970
v 3.692 6.136 -5.986
v 5.029 6.215 -5.576
v 5.632 6.170 -5.783
v 6.522 6.109 -5.753
v 7.431 6.021 -5.833
v 8.211 5.828 -5.893
v 8.934 5.660 -5.999
v 9.769 5.409 -6.011
v 11.031 5.039 -5.663
v 11.631 4.800 -5.875
v 12.466 4.735 -5.891
v 13.627 4.754 -5.631
v 14.940 4.827 -5.239
v 15.519 4.975 -5.470
v 16.097 5.043 -5.700
v 16.985 4.972 -5.668
v 17.919 5.055 -5.595
v 18.640 5.288 -5.708
v 19.166 5.329 -5.982
v 19.790 5.275 -6.176
v -18.612 7.364 -5.541
v -19.836 7.341 -5.858
v -17.724 7.355 -5.383
v -16.733 7.253 -5.262
v -15.716 7.159 -5.121
v -15.293 7.041 -5.485
v -14.903 7.184 -5.874
v -14.086 7.362 -6.029
v -13.204 7.287 -6.009
v -12.357 7.240 -6.014
v -11.536 7.391 -6.038
v -10.696 7.462 -6.046
v -9.631 7.191 -5.864
v -8.909 7.021 -5.970
v -7.962 7.012 -5.891
v -7.207 7.118 -5.970
v -6.309 7.302 -5.803
v -5.016 7.113 -5.434
v -4.196 6.740 -5.460
v -3.734 6.550 -5.783
v -2.727 6.440 -5.652
v -2.070 6.328 -5.812
v -1.322 6.272 -5.901
v -0.299 6.359 -5.757
v 0.484 6.382 -5.815
v 1.629 6.463 -5.566
v 2.707 6.813 -5.378
v 3.040 7.241 -5.815
v 3.868 7.537 -5.833
v 4.896 7.715 -5.681
v 5.579 7.650 -5.824
v 6.401 7.574 -5.851
v 7.472 7.389 -5.795
v 8.149 7.163 -5.942
v 8.931 7.140 -6.000
v 10.091 6.899 -5.742
v 10.763 6.455 -5.885
v 11.541 6.248 -5.949
v 12.428 6.259 -5.921
v 13.580 6.231 -5.668
v 14.857 6.167 -5.304
v 15.392 6.123 -5.574
v 16.089 6.096 -5.704
v 17.171 6.106 -5.510
v 17.875 6.335 -5.636
v 18.655 6.736 -5.697
v 19.274 6.806 -5.895
v 19.617 6.707 -6.323
v -18.823 8.403 -5.724
v -19.826 8.549 -5.853
v -18.022 8.346 -5.637
v -16.847 8.209 -5.362
v -15.574 8.232 -5.002
v -14.799 8.432 -5.062
v -14.612 8.465 -5.625
v -13.955 8.438 -5.919
v -13.009 8.251 -5.840
v -12.249 8.132 -5.918
v -11.191 8.383 -5.744
v -10.424 8.536 -5.814
v -9.556 8.493 -5.802
v -8.918 8.282 -5.980
v -7.905 8.007 -5.842
v -7.137 7.992 -5.910
v -6.356 8.165 -5.844
v -4.994 7.978 -5.418
v -4.217 7.654 -5.478
v -3.591 7.656 -5.663
v -2.875 7.696 -5.778
v -2.113 7.696 -5.852
v -1.288 7.668 -5.875
v -0.415 7.451 -5.855
v 0.439 7.417 -5.851
v 1.299 7.551 -5.847
v 2.569 7.751 -5.497
v 3.352 7.952 -5.551
v 4.073 8.174 -5.660
v 4.849 8.402 -5.721
v 5.613 8.694 -5.797
v 6.508 8.853 -5.762
v 7.291 8.714 -5.817
v 8.189 8.524 -5.905
v 8.977 8.300 -5.959
v 10.150 8.062 -5.690
v 11.192 7.748 -5.526
v 12.171 7.627 -5.414
v 12.907 7.702 -5.511
v 13.908 7.545 -5.384
v 14.917 7.254 -5.254
v 15.592 7.253 -5.402
v 16.355 7.308 -5.478
v 17.184 7.371 -5.500
v 17.945 7.590 -5.577
v 18.570 7.806 -5.769
v 19.275 7.868 -5.896
v 19.837 7.946 -6.139
v -19.153 9.322 -5.878
v -19.961 9.308 -5.970
v -18.330 9.319 -5.899
v -17.141 9.243 -5.610
v -16.281 9.110 -5.602
v -15.471 9.110 -5.633
v -14.554 9.208 -5.573
v -13.771 9.246 -5.761
v -12.788 9.083 -5.651
v -12.110 8.991 -5.795
v -11.013 9.136 -5.590
v -10.276 9.348 -5.688
v -9.450 9.451 -5.708
v -8.443 9.310 -5.577
v -7.287 9.090 -5.318
v -6.613 8.953 -5.466
v -5.978 8.967 -5.525
v -4.863 8.851 -5.303
v -3.979 8.659 -5.275
v -3.455 8.568 -5.554
v -2.885 8.535 -5.791
v -2.169 8.664 -5.903
v -1.500 8.631 -6.055
v -0.600 8.382 -6.014
v 0.280 8.334 -5.989
v 1.196 8.401 -5.937
v 2.213 8.541 -5.801
v 3.112 8.674 -5.764
v 4.014 8.755 -5.718
v 5.095 8.908 -5.523
v 5.827 9.131 -5.624
v 6.237 9.235 -5.995
v 7.411 9.251 -5.719
v 8.648 9.193 -5.519
v 9.368 8.951 -5.631
v 10.409 8.862 -5.472
v 11.482 8.944 -5.284
v 12.347 8.854 -5.271
v 13.021 8.710 -5.417
v 13.850 8.616 -5.433
v 14.718 8.439 -5.420
v 15.655 8.499 -5.347
v 16.412 8.607 -5.426
v 17.260 8.495 -5.434
v 17.655 8.518 -5.818
v 18.361 8.709 -5.945
v 18.974 8.729 -6.146
v 20.013 8.591 -5.987
v -19.251 9.967 -5.960
v -19.882 10.047 -5.903
v -18.447 9.958 -5.997
v -17.407 9.947 -5.834
v -16.738 9.865 -5.988
v -15.790 9.883 -5.904
v -14.761 9.940 -5.750
v -13.485 9.929 -5.518
v -12.275 9.776 -5.216
v -11.470 9.696 -5.253
v -10.951 9.838 -5.531
v -10.102 10.057 -5.534
v -9.121 10.160 -5.427
v -8.229 10.114 -5.395
v -7.077 10.075 -5.142
v -6.734 9.956 -5.568
v -6.157 9.869 -5.678
v -4.955 9.830 -5.383
v -4.147 9.720 -5.416
v -3.615 9.494 -5.685
v -2.861 9.385 -5.770
v -1.757 9.570 -5.561
v -1.319 9.568 -5.907
v -0.661 9.378 -6.065
v 0.352 9.336 -5.930
v 0.911 9.348 -6.178
v 1.688 9.389 -6.242
v 2.409 9.366 -6.356
v 3.342 9.365 -6.284
v 4.468 9.480 -6.050
v 5.286 9.656 -6.082
v 6.171 9.740 -6.053
v 7.045 9.679 -6.031
v 8.479 9.622 -5.665
v 9.153 9.517 -5.816
v 10.182 9.607 -5.664
v 11.082 9.928 -5.619
v 12.185 10.003 -5.406
v 13.383 9.935 -5.115
v 14.062 9.885 -5.257
v 14.866 9.763 -5.298
v 15.581 9.693 -5.411
v 16.133 9.705 -5.665
v 16.729 9.715 -5.883
v 17.401 9.781 -6.036
v 18.126 9.873 -6.145
v 18.865 9.864 -6.241
v 19.539 9.721 -6.392
v -19.291 10.734 -5.991
v -20.290 11.115 -6.116
v -18.433 10.682 -5.984
v -17.614 10.736 -6.012
v -16.792 10.755 -6.036
v -15.796 10.865 -5.911
v -14.805 10.906 -5.791
v -13.718 10.934 -5.715
v -12.446 10.944 -5.360
v -11.762 10.929 -5.497
v -10.849 11.135 -5.445
v -10.039 11.299 -5.480
v -9.329 11.221 -5.600
v -8.289 11.181 -5.445
v -7.551 11.276 -5.542
v -7.040 11.103 -5.830
v -6.600 10.841 -6.052
v -5.346 10.931 -5.715
v -4.615 10.963 -5.816
v -4.004 10.574 -6.014
v -2.931 10.343 -5.828
v -1.923 10.562 -5.700
v -1.255 10.637 -5.854
v -0.862 10.562 -6.241
v -0.061 10.548 -6.283
v 0.860 10.581 -6.220
v 1.463 10.588 -6.434
v 2.230 10.431 -6.508
v 3.146 10.413 -6.454
v 4.164 10.490 -6.309
v 5.266 10.568 -6.100
v 6.045 10.624 -6.164
v 6.954 10.336 -6.109
v 8.161 10.182 -5.936
v 8.892 10.276 -6.036
v 10.017 10.554 -5.804
v 10.994 11.104 -5.693
v 12.252 11.523 -5.346
v 13.476 11.757 -5.034
v 13.980 11.746 -5.324
v 14.575 11.638 -5.541
v 15.289 11.258 -5.658
v 15.906 11.028 -5.856
v 16.430 11.254 -6.135
v 16.975 11.342 -6.397
v 17.595 11.122 -6.596
v 18.536 11.074 -6.525
v 19.133 11.143 -6.740
v -19.293 12.012 -5.999
v -19.920 12.380 -5.809
v -18.576 12.001 -6.110
v -17.713 12.149 -6.098
v -16.617 11.956 -5.891
v -16.018 11.718 -6.101
v -15.011 11.901 -5.967
v -13.575 12.165 -5.597
v -12.404 12.534 -5.327
v -11.694 12.714 -5.443
v -10.807 12.817 -5.414
v -10.059 12.942 -5.501
v -9.273 12.880 -5.556
v -8.161 12.761 -5.339
v -7.433 12.606 -5.446
v -6.951 12.458 -5.757
v -6.379 12.390 -5.867
v -5.536 12.413 -5.876
v -4.698 12.358 -5.887
v -3.774 12.198 -5.826
v -2.596 12.106 -5.550
v -1.819 12.053 -5.612
v -1.381 12.002 -5.961
v -0.684 11.827 -6.096
v -0.085 11.798 -6.308
v 0.810 11.885 -6.267
v 1.387 12.003 -6.501
v 2.081 12.024 -6.633
v 2.911 11.840 -6.651
v 4.084 11.620 -6.379
v 5.045 11.674 -6.286
v 5.742 11.774 -6.416
v 7.041 11.640 -6.036
v 8.182 11.597 -5.922
v 8.712 11.838 -6.190
v 9.748 12.161 -6.032
v 11.099 12.570 -5.604
v 12.187 13.170 -5.402
v 13.094 13.587 -5.356
v 14.061 13.575 -5.261
v 14.854 13.434 -5.312
v 15.663 13.037 -5.349
v 16.062 12.781 -5.733
v 16.573 12.681 -6.023
v 16.860 12.563 -6.499
v 17.500 12.508 -6.679
v 18.473 12.536 -6.580
v 19.196 12.728 -6.692
v -19.028 13.515 -5.776
v -19.859 13.852 -5.757
v -18.439 13.456 -5.994
v -17.487 13.443 -5.908
v -16.433 13.452 -5.737
v -15.293 13.529 -5.493
v -14.342 13.635 -5.407
v -13.468 13.744 -5.509
v -12.143 13.941 -5.109
v -11.290 14.037 -5.107
v -10.396 14.111 -5.069
v -9.609 14.229 -5.123
v -9.011 14.316 -5.335
v -8.146 14.243 -5.326
v -7.600 14.051 -5.584
v -7.020 13.924 -5.815
v -6.541 13.892 -6.005
v -5.469 13.796 -5.821
v -4.579 13.628 -5.787
v -3.883 13.611 -5.916
v -2.817 13.607 -5.734
v -2.009 13.610 -5.769
v -1.124 13.577 -5.747
v -0.383 13.473 -5.841
v 0.339 13.467 -5.951
v 1.099 13.563 -6.024
v 1.672 13.618 -6.260
v 2.277 13.508 -6.467
v 3.111 13.393 -6.480
v 4.241 13.263 -6.243
v 5.150 13.213 -6.198
v 6.123 13.232 -6.223
v 7.382 13.129 -5.877
v 8.399 13.113 -5.738
v 8.862 13.381 -6.063
v 9.806 13.660 -5.982
v 11.125 13.883 -5.581
v 12.131 14.310 -5.447
v 12.775 14.659 -5.621
v 13.764 14.624 -5.507
v 14.306 14.551 -5.767
v 15.167 14.469 -5.764
v 15.899 14.393 -5.870
v 16.614 14.343 -5.988
v 16.949 14.252 -6.422
v 17.433 14.211 -6.733
v 18.340 14.234 -6.690
v 19.422 14.372 -6.498
v -18.830 14.718 -5.607
v -19.961 14.962 -5.839
v -18.107 14.654 -5.713
v -17.210 14.633 -5.674
v -16.405 14.912 -5.710
v -15.488 15.248 -5.655
v -14.312 15.224 -5.377
v -13.194 15.166 -5.277
v -12.388 15.221 -5.313
v -11.689 15.251 -5.442
v -10.415 15.179 -5.086
v -9.793 15.088 -5.280
v -8.858 15.138 -5.209
v -8.308 15.087 -5.465
v -7.760 14.890 -5.723
v -7.175 14.793 -5.946
v -6.518 14.778 -5.987
v -5.611 14.666 -5.940
v -4.609 14.605 -5.808
v -4.043 14.870 -6.049
v -3.103 15.019 -5.973
v -2.073 15.076 -5.824
v -1.056 15.046 -5.689
v -0.675 15.019 -6.085
v 0.234 15.027 -6.037
v 1.344 15.086 -5.817
v 1.869 15.064 -6.091
v 2.519 14.838 -6.263
v 3.294 14.774 -6.326
v 4.137 14.732 -6.332
v 5.396 14.629 -6.115
v 6.443 14.602 -5.952
v 7.380 14.571 -5.878
v 8.439 14.636 -5.703
v 9.156 14.908 -5.812
v 10.033 15.061 -5.788
v 11.000 14.915 -5.682
v 12.076 14.900 -5.492
v 12.848 14.992 -5.559
v 13.717 14.970 -5.546
v 14.130 15.077 -5.916
v 14.843 15.422 -6.035
v 15.813 15.616 -5.941
v 16.755 15.744 -5.867
v 17.208 15.806 -6.200
v 17.579 15.814 -6.607
v 18.588 15.830 -6.479
v 19.466 15.893 -6.458
v -19.131 15.580 -5.859
v -20.238 15.726 -6.072
v -18.169 15.607 -5.765
v -17.314 15.873 -5.760
v -16.054 16.034 -5.417
v -14.987 16.001 -5.231
v -13.998 16.011 -5.110
v -13.289 16.043 -5.357
v -12.495 16.226 -5.408
v -11.815 16.333 -5.551
v -10.907 16.078 -5.505
v -9.864 15.749 -5.342
v -8.791 15.622 -5.151
v -8.428 15.503 -5.565
v -7.606 15.225 -5.594
v -6.948 15.090 -5.758
v -6.139 15.020 -5.671
v -5.489 15.049 -5.838
v -4.541 15.259 -5.755
v -3.833 15.692 -5.874
v -3.046 15.910 -5.927
v -1.939 15.824 -5.714
v -1.047 15.755 -5.684
v -0.515 15.906 -5.956
v 0.289 15.922 -5.995
v 1.322 15.831 -5.839
v 1.831 15.835 -6.125
v 2.416 15.783 -6.349
v 3.396 15.711 -6.240
v 4.522 15.617 -6.137
v 5.541 15.673 -5.993
v 6.643 15.755 -5.782
v 7.720 15.885 -5.591
v 8.534 16.060 -5.618
v 9.306 16.133 -5.683
v 10.331 16.133 -5.534
v 11.495 15.805 -5.268
v 12.383 15.402 -5.236
v 12.691 15.120 -5.695
v 13.647 15.184 -5.606
v 14.376 15.482 -5.711
v 15.281 15.876 -5.667
v 16.136 16.081 -5.666
v 16.710 16.367 -5.899
v 17.514 16.609 -5.938
v 17.821 16.625 -6.404
v 18.829 16.655 -6.275
v 19.740 16.807 -6.228
v -19.003 16.483 -5.749
v -19.952 16.446 -5.832
v -18.139 16.475 -5.738
v -17.172 16.437 -5.640
v -15.893 16.566 -5.279
v -14.842 16.643 -5.106
v -14.078 16.653 -5.176
v -13.523 16.698 -5.429
v -12.619 16.778 -5.514
v -12.011 16.807 -5.717
v -11.234 16.618 -5.778
v -10.187 16.352 -5.613
v -9.155 16.220 -5.459
v -8.271 16.072 -5.431
v -7.532 15.797 -5.530
v -7.012 15.611 -5.811
v -6.391 15.553 -5.880
v -5.410 15.707 -5.771
v -4.197 16.047 -5.465
v -3.441 16.198 -5.544
v -2.504 16.242 -5.472
v -1.555 16.236 -5.389
v -0.981 16.286 -5.625
v -0.483 16.588 -5.926
v 0.470 16.639 -5.840
v 1.458 16.570 -5.723
v 2.284 16.578 -5.742
v 2.817 16.548 -6.010
v 3.746 16.549 -5.944
v 5.068 16.497 -5.674
v 5.946 16.421 -5.646
v 6.580 16.393 -5.828
v 7.579 16.641 -5.701
v 8.700 16.827 -5.474
v 9.985 16.803 -5.107
v 10.565 16.707 -5.330
v 11.549 16.335 -5.217
v 12.318 16.000 -5.290
v 13.193 15.881 -5.275
v 14.082 15.903 -5.242
v 14.701 16.114 -5.439
v 15.257 16.446 -5.689
v 16.090 16.632 -5.707
v 16.980 16.871 -5.671
v 17.535 17.058 -5.921
v 18.044 17.073 -6.215
v 19.046 17.120 -6.093
v 19.981 17.347 -6.023
v -18.923 17.638 -5.684
v -19.745 17.626 -5.660
v -18.027 17.600 -5.647
v -17.046 17.413 -5.536
v -16.204 17.403 -5.537
v -14.766 17.451 -5.036
v -14.134 17.417 -5.221
v -13.489 17.405 -5.399
v -12.739 17.482 -5.612
v -11.935 17.518 -5.652
v -11.194 17.448 -5.744
v -10.229 17.350 -5.648
v -9.359 17.315 -5.629
v -7.915 17.152 -5.129
v -7.520 16.834 -5.515
v -7.095 16.598 -5.876
v -6.335 16.515 -5.830
v -5.562 16.631 -5.895
v -4.225 16.834 -5.489
v -3.439 16.771 -5.538
v -2.519 16.766 -5.479
v -1.672 16.998 -5.485
v -0.896 17.322 -5.549
v -0.092 17.734 -5.590
v 0.786 17.803 -5.567
v 1.374 17.748 -5.790
v 2.057 17.691 -5.929
v 2.766 17.625 -6.048
v 3.902 17.602 -5.933
v 5.233 17.480 -5.529
v 6.185 17.287 -5.442
v 6.757 17.194 -5.674
v 7.767 17.477 -5.538
v 8.596 17.659 -5.558
v 9.768 17.611 -5.288
v 10.365 17.436 -5.499
v 11.107 17.045 -5.587
v 12.128 16.756 -5.446
v 13.067 16.650 -5.377
v 14.185 16.667 -5.152
v 14.631 16.854 -5.493
v 15.458 17.251 -5.517
v 16.323 17.549 -5.508
v 16.904 17.764 -5.733
v 17.138 17.919 -6.256
v 17.916 17.922 -6.325
v 18.810 17.973 -6.292
v 19.884 18.278 -6.106
v -18.917 19.017 -5.678
v -19.865 19.129 -5.759
v -17.958 18.979 -5.588
v -17.122 18.869 -5.598
v -16.292 18.795 -5.609
v -14.992 18.820 -5.226
v -14.146 18.699 -5.233
v -13.678 18.537 -5.558
v -12.945 18.627 -5.785
v -12.148 18.703 -5.832
v -11.231 18.698 -5.777
v -10.329 18.692 -5.734
v -9.404 18.708 -5.669
v -8.054 18.557 -5.246
v -7.302 18.272 -5.333
v -6.918 18.068 -5.726
v -6.097 17.955 -5.627
v -5.237 17.985 -5.622
v -4.306 18.009 -5.556
v -3.146 17.865 -5.295
v -2.324 17.903 -5.317
v -1.894 18.365 -5.673
v -0.974 18.861 -5.615
v -0.313 19.140 -5.779
v 0.682 19.195 -5.659
v 1.523 19.244 -5.660
v 2.015 19.177 -5.963
v 2.900 19.114 -5.935
v 4.128 19.040 -5.743
v 5.131 18.835 -5.614
v 6.063 18.588 -5.544
v 6.885 18.473 -5.566
v 8.055 18.746 -5.295
v 8.667 18.951 -5.497
v 10.027 19.004 -5.068
v 10.456 18.784 -5.422
v 11.332 18.253 -5.400
v 12.255 17.805 -5.339
v 12.952 17.490 -5.473
v 14.308 17.575 -5.051
v 14.757 17.908 -5.388
v 15.780 18.565 -5.244
v 16.414 19.077 -5.431
v 17.151 19.248 -5.529
v 17.487 19.397 -5.967
v 18.251 19.417 -6.043
v 18.959 19.456 -6.165
v 19.962 19.719 -6.039
v -19.122 20.336 -5.850
v -19.723 20.447 -5.640
v -18.224 20.313 -5.810
v -17.109 20.243 -5.584
v -16.288 20.121 -5.603
v -15.099 20.136 -5.314
v -14.197 20.168 -5.274
v -13.873 20.227 -5.723
v -13.086 20.319 -5.904
v -12.247 20.364 -5.915
v -11.095 20.352 -5.662
v -10.149 20.267 -5.581
v -9.111 20.098 -5.420
v -8.004 19.955 -5.201
v -7.099 19.888 -5.160
v -6.471 19.735 -5.349
v -5.963 19.526 -5.516
v -5.067 19.565 -5.476
v -4.292 19.598 -5.539
v -3.278 19.545 -5.399
v -2.583 19.634 -5.530
v -1.655 19.968 -5.466
v -0.804 20.310 -5.469
v -0.052 20.425 -5.553
v 0.892 20.403 -5.475
v 1.468 20.282 -5.708
v 2.222 20.285 -5.787
v 3.282 20.373 -5.739
v 4.226 20.340 -5.659
v 5.285 20.213 -5.485
v 6.060 20.219 -5.546
v 6.838 20.261 -5.609
v 7.656 20.182 -5.632
v 8.780 20.187 -5.398
v 9.784 20.229 -5.272
v 10.662 20.121 -5.251
v 11.412 19.946 -5.336
v 12.313 19.676 -5.295
v 13.169 19.544 -5.293
v 14.205 19.560 -5.138
v 14.987 19.722 -5.196
v 15.803 20.009 -5.227
v 16.195 20.236 -5.617
v 17.216 20.532 -5.473
v 17.920 20.698 -5.603
v 18.432 20.643 -5.893
v 19.016 20.663 -6.120
v 19.728 20.901 -6.237
v -19.280 21.778 -5.981
v -19.611 21.864 -5.543
v -18.479 21.747 -6.022
v -17.498 21.614 -5.910
v -16.379 21.372 -5.680
v -15.096 21.272 -5.315
v -14.179 21.484 -5.260
v -13.462 21.828 -5.377
v -12.577 22.025 -5.476
v -11.628 22.077 -5.395
v -10.791 21.948 -5.406
v -10.168 21.698 -5.599
v -9.213 21.456 -5.511
v -8.194 21.289 -5.367
v -7.544 21.291 -5.533
v -6.597 21.247 -5.448
v -5.803 21.096 -5.374
v -4.704 21.104 -5.165
v -4.070 21.049 -5.344
v -3.725 20.836 -5.774
v -3.105 20.765 -5.970
v -1.891 21.015 -5.663
v -0.899 21.226 -5.549
v -0.060 21.246 -5.563
v 0.600 21.234 -5.722
v 1.531 21.248 -5.652
v 2.411 21.370 -5.628
v 3.260 21.475 -5.756
v 4.078 21.528 -5.782
v 5.011 21.529 -5.713
v 5.914 21.555 -5.670
v 6.423 21.582 -5.958
v 7.557 21.593 -5.718
v 8.591 21.584 -5.558
v 9.790 21.520 -5.264
v 10.774 21.471 -5.155
v 11.622 21.465 -5.160
v 12.502 21.413 -5.138
v 13.111 21.439 -5.341
v 14.233 21.378 -5.117
v 14.831 21.298 -5.330
v 15.488 21.320 -5.494
v 16.052 21.345 -5.739
v 16.838 21.373 -5.792
v 17.504 21.362 -5.946
v 17.871 21.306 -6.360
v 18.750 21.306 -6.340
v 19.529 21.405 -6.402
v -18.792 22.840 -5.570
v -19.339 22.906 -5.316
v -18.062 22.813 -5.671
v -17.180 22.693 -5.644
v -16.271 22.440 -5.592
v -15.262 22.305 -5.457
v -14.180 22.655 -5.259
v -13.365 23.128 -5.293
v -12.379 23.281 -5.305
v -11.579 23.289 -5.348
v -10.762 23.114 -5.376
v -10.040 22.800 -5.488
v -9.497 22.556 -5.749
v -8.411 22.342 -5.553
v -7.768 22.292 -5.726
v -6.782 22.264 -5.611
v -6.066 22.141 -5.600
v -4.832 22.111 -5.277
v -4.578 21.951 -5.778
v -3.969 21.600 -5.984
v -3.097 21.432 -5.967
v -1.869 21.680 -5.646
v -0.656 21.856 -5.345
v 0.053 21.842 -5.466
v 0.787 21.847 -5.565
v 1.593 21.981 -5.598
v 2.368 22.202 -5.662
v 2.985 22.342 -5.988
v 3.997 22.449 -5.853
v 5.043 22.474 -5.687
v 5.996 22.405 -5.604
v 6.611 22.369 -5.803
v 7.740 22.516 -5.567
v 8.614 22.562 -5.544
v 9.856 22.448 -5.211
v 10.775 22.408 -5.154
v 11.537 22.421 -5.234
v 12.240 22.408 -5.362
v 12.811 22.461 -5.598
v 13.781 22.381 -5.499
v 14.610 22.235 -5.516
v 15.497 22.200 -5.487
v 16.115 22.123 -5.686
v 16.994 21.903 -5.662
v 17.832 21.743 -5.671
v 18.202 21.684 -6.081
v 18.994 21.674 -6.135
v 19.720 21.706 -6.242
v -18.830 23.443 -5.597
v -19.760 23.473 -5.662
v -17.826 23.421 -5.468
v -16.838 23.314 -5.351
v -15.945 23.059 -5.318
v -15.302 22.924 -5.494
v -14.277 23.389 -5.346
v -13.405 24.012 -5.327
v -12.756 24.182 -5.496
v -11.790 24.164 -5.526
v -10.824 24.112 -5.426
v -10.193 23.841 -5.614
v -9.286 23.537 -5.570
v -8.536 23.231 -5.657
v -7.677 22.955 -5.652
v -7.117 22.870 -5.772
v -6.313 22.797 -5.814
v -5.357 22.808 -5.724
v -4.609 22.751 -5.806
v -4.003 22.683 -6.013
v -3.121 22.665 -5.988
v -2.133 22.672 -5.870
v -0.679 22.593 -5.363
v -0.154 22.317 -5.637
v 0.709 22.289 -5.625
v 1.641 22.519 -5.557
v 2.221 22.877 -5.785
v 3.253 23.223 -5.761
v 4.122 23.302 -5.746
v 5.115 23.234 -5.625
v 5.909 23.103 -5.675
v 6.971 23.029 -5.503
v 7.816 23.015 -5.506
v 8.743 23.014 -5.439
v 9.712 23.050 -5.339
v 10.585 23.127 -5.320
v 10.999 23.409 -5.688
v 11.774 23.511 -5.754
v 12.592 23.520 -5.785
v 13.651 23.378 -5.609
v 14.568 23.068 -5.549
v 15.384 22.941 -5.581
v 16.108 22.816 -5.691
v 16.850 22.574 -5.783
v 17.692 22.358 -5.788
v 18.415 22.094 -5.899
v 19.149 22.099 -6.002
v 19.907 22.447 -6.084
v -18.916 24.152 -5.667
v -19.599 24.182 -5.523
v -18.147 24.149 -5.735
v -17.018 24.160 -5.498
v -16.141 24.060 -5.481
v -15.207 24.107 -5.416
v -14.199 24.487 -5.283
v -13.565 25.043 -5.468
v -12.819 25.341 -5.552
v -12.058 25.384 -5.754
v -11.033 25.167 -5.606
v -9.966 24.808 -5.420
v -9.208 24.461 -5.504
v -8.447 24.150 -5.582
v -7.631 23.892 -5.612
v -7.125 23.861 -5.779
v -6.313 23.979 -5.814
v -5.611 23.893 -5.936
v -4.646 23.779 -5.835
v -3.896 23.867 -5.924
v -3.024 23.888 -5.907
v -1.844 23.695 -5.625
v -0.669 23.406 -5.350
v -0.095 23.196 -5.582
v 0.845 23.183 -5.508
v 1.689 23.355 -5.515
v 2.487 23.740 -5.686
v 3.321 24.123 -5.702
v 4.090 24.165 -5.772
v 5.052 24.054 -5.679
v 5.851 23.936 -5.723
v 6.703 23.887 -5.724
v 7.556 23.922 -5.720
v 8.552 23.953 -5.602
v 9.642 23.881 -5.399
v 10.536 24.037 -5.362
v 10.907 24.570 -5.768
v 11.659 24.898 -5.854
v 12.034 25.001 -6.254
v 13.146 24.936 -6.036
v 14.104 24.693 -5.942
v 15.369 24.300 -5.588
v 16.287 23.961 -5.534
v 17.071 23.741 -5.593
v 17.629 23.503 -5.842
v 18.344 23.294 -5.958
v 19.220 23.252 -5.941
v 20.251 23.264 -5.790
v -18.965 25.378 -5.707
v -19.680 25.423 -5.591
v -18.125 25.398 -5.715
v -17.193 25.529 -5.645
v -16.262 25.547 -5.583
v -15.259 25.647 -5.458
v -14.325 25.908 -5.389
v -13.771 26.298 -5.639
v -12.834 26.591 -5.566
v -12.093 26.654 -5.785
v -11.000 26.353 -5.577
v -9.854 25.929 -5.325
v -9.134 25.613 -5.442
v -8.343 25.328 -5.496
v -7.499 25.074 -5.502
v -7.145 25.107 -5.796
v -6.315 25.327 -5.816
v -5.646 25.189 -5.965
v -4.653 25.018 -5.842
v -3.682 25.159 -5.743
v -2.951 25.202 -5.842
v -1.708 24.959 -5.512
v -0.732 24.657 -5.402
v -0.062 24.491 -5.554
v 0.867 24.501 -5.488
v 1.732 24.701 -5.477
v 2.576 24.973 -5.613
v 3.311 25.167 -5.712
v 4.168 25.152 -5.708
v 5.105 24.995 -5.637
v 5.768 24.856 -5.794
v 6.521 24.821 -5.879
v 7.407 24.855 -5.846
v 8.661 24.978 -5.510
v 9.694 25.069 -5.354
v 10.407 25.346 -5.468
v 10.763 25.947 -5.890
v 11.535 26.333 -5.959
v 12.069 26.438 -6.225
v 13.049 26.433 -6.117
v 14.086 26.278 -5.957
v 15.321 25.833 -5.629
v 16.207 25.444 -5.600
v 17.139 25.184 -5.536
v 17.683 24.932 -5.796
v 18.306 24.788 -5.991
v 19.203 24.747 -5.957
v 20.268 24.656 -5.777
v -19.165 26.776 -5.878
v -20.024 26.884 -5.886
v -18.289 26.817 -5.856
v -17.427 27.075 -5.846
v -16.391 27.213 -5.692
v -15.088 27.288 -5.313
v -14.374 27.402 -5.428
v -13.560 27.548 -5.459
v -12.671 27.791 -5.425
v -11.658 27.873 -5.413
v -10.750 27.615 -5.362
v -9.938 27.260 -5.396
v -9.186 27.154 -5.486
v -8.359 26.905 -5.509
v -7.392 26.555 -5.286
v -6.737 26.604 -5.450
v -5.929 26.833 -5.488
v -5.309 26.640 -5.682
v -4.516 26.338 -5.731
v -3.607 26.411 -5.680
v -2.754 26.472 -5.673
v -1.517 26.372 -5.348
v -0.511 26.340 -5.217
v 0.015 26.283 -5.490
v 0.767 26.346 -5.572
v 1.639 26.693 -5.556
v 2.522 26.716 -5.658
v 3.280 26.511 -5.739
v 4.138 26.511 -5.735
v 4.907 26.375 -5.806
v 5.683 26.200 -5.867
v 6.410 26.178 -5.974
v 7.401 26.126 -5.852
v 8.765 26.325 -5.418
v 9.597 26.742 -5.434
v 10.399 27.060 -5.473
v 10.644 27.407 -5.987
v 11.562 27.597 -5.935
v 12.050 27.572 -6.238
v 13.188 27.606 -5.997
v 14.526 27.522 -5.584
v 15.329 27.147 -5.625
v 15.846 26.822 -5.909
v 16.856 26.447 -5.776
v 17.734 26.191 -5.758
v 18.414 26.160 -5.903
v 19.488 26.182 -5.719
v 20.128 26.263 -5.894
v -18.807 27.970 -5.587
v -19.652 28.075 -5.580
v -18.205 27.981 -5.792
v -17.126 28.145 -5.597
v -15.950 28.476 -5.321
v -15.270 28.770 -5.464
v -14.366 28.971 -5.418
v -13.515 29.171 -5.416
v -12.450 29.144 -5.235
v -11.679 29.088 -5.428
v -10.809 28.944 -5.413
v -10.142 28.622 -5.569
v -9.241 28.233 -5.532
v -8.447 28.068 -5.581
v -7.438 28.176 -5.323
v -6.631 28.183 -5.357
v -5.834 28.164 -5.405
v -4.955 28.010 -5.379
v -4.277 27.724 -5.526
v -3.479 27.694 -5.571
v -2.568 27.748 -5.521
v -1.272 27.792 -5.146
v -0.234 28.027 -4.985
v 0.136 28.271 -5.390
v 0.888 28.335 -5.472
v 1.874 28.420 -5.363
v 2.863 28.343 -5.374
v 3.486 28.184 -5.569
v 4.158 28.108 -5.719
v 4.730 27.876 -5.956
v 5.783 27.643 -5.789
v 6.491 27.568 -5.908
v 7.397 27.750 -5.857
v 8.944 28.040 -5.271
v 9.668 28.302 -5.371
v 10.674 28.498 -5.237
v 11.054 28.671 -5.636
v 11.636 28.691 -5.867
v 12.630 28.669 -5.750
v 13.499 28.688 -5.734
v 14.821 28.613 -5.334
v 15.292 28.192 -5.658
v 15.897 27.849 -5.867
v 16.699 27.786 -5.910
v 17.820 27.719 -5.685
v 18.781 27.671 -5.594
v 19.311 27.647 -5.864
v 19.864 27.561 -6.117
v -18.938 29.277 -5.698
v -20.142 29.147 -5.991
v -18.176 29.288 -5.770
v -17.137 29.276 -5.608
v -15.850 29.530 -5.239
v -15.089 29.785 -5.312
v -14.348 29.808 -5.403
v -13.580 29.809 -5.472
v -12.780 29.719 -5.515
v -12.021 29.656 -5.720
v -11.193 29.564 -5.738
v -10.381 29.346 -5.772
v -9.223 29.179 -5.515
v -8.255 29.124 -5.416
v -7.273 29.200 -5.180
v -6.394 29.279 -5.154
v -5.648 29.333 -5.244
v -4.742 29.230 -5.323
v -4.013 29.036 -5.428
v -3.274 28.973 -5.397
v -2.480 29.018 -5.447
v -1.137 29.097 -5.031
v -0.368 29.341 -5.100
v -0.046 29.696 -5.547
v 0.820 29.758 -5.536
v 1.924 29.710 -5.447
v 2.628 29.621 -5.572
v 3.506 29.505 -5.552
v 4.279 29.404 -5.618
v 4.954 29.250 -5.768
v 5.828 29.094 -5.749
v 6.578 29.024 -5.832
v 7.532 29.256 -5.743
v 8.986 29.489 -5.236
v 9.431 29.612 -5.569
v 10.467 29.689 -5.410
v 11.297 29.734 -5.427
v 11.934 29.634 -5.611
v 12.644 29.545 -5.730
v 13.656 29.531 -5.596
v 14.572 29.453 -5.544
v 15.271 29.201 -5.678
v 15.868 29.022 -5.894
v 16.919 29.069 -5.728
v 17.811 29.079 -5.696
v 18.686 29.090 -5.676
v 19.091 29.057 -6.051
v 19.822 28.859 -6.153
v -18.872 30.281 -5.638
v -19.948 29.953 -5.829
v -18.064 30.296 -5.672
v -17.248 30.134 -5.700
v -16.139 30.234 -5.483
v -15.082 30.369 -5.308
v -14.327 30.187 -5.388
v -13.380 29.938 -5.306
v -12.757 29.791 -5.503
v -12.041 29.735 -5.618
v -10.957 29.767 -5.546
v -9.884 29.787 -5.356
v -8.868 29.982 -5.219
v -8.129 30.026 -5.184
v -7.163 30.000 -5.086
v -6.331 30.140 -5.100
v -5.307 30.290 -4.957
v -4.723 30.254 -5.308
v -3.961 30.196 -5.385
v -2.980 30.127 -5.275
v -2.449 30.152 -5.421
v -1.416 30.223 -5.395
v -0.752 30.351 -5.429
v -0.067 30.660 -5.569
v 0.721 30.708 -5.622
v 1.892 30.624 -5.478
v 2.504 30.612 -5.675
v 3.231 30.573 -5.781
v 4.159 30.436 -5.716
v 4.729 30.310 -5.830
v 5.617 30.168 -5.800
v 6.840 30.088 -5.614
v 7.988 30.321 -5.362
v 8.754 30.470 -5.426
v 9.501 30.486 -5.512
v 10.513 30.538 -5.375
v 11.330 30.566 -5.401
v 12.043 30.436 -5.521
v 12.843 30.311 -5.567
v 13.759 30.253 -5.512
v 14.190 30.148 -5.868
v 14.868 30.087 -6.017
v 15.877 30.083 -5.890
v 16.963 30.123 -5.695
v 17.444 30.118 -6.004
v 18.186 30.157 -6.097
v 18.868 30.144 -6.241
v 19.706 30.031 -6.253
v -22.401 1.620 6.251
v -20.346 1.734 7.544
v -19.175 2.548 8.763
v -21.405 2.418 7.296
v -20.296 1.765 6.685
v -19.123 2.523 7.913
v -20.447 1.869 5.604
v -18.960 2.395 7.173
v -19.804 1.855 5.368
v -18.529 2.488 6.725
v -16.644 1.820 5.059
v -16.837 2.726 4.855
v -16.411 1.768 4.400
v -15.865 2.705 4.964
v -16.582 1.532 3.316
v -15.249 2.534 4.709
v -16.069 1.265 2.961
v -14.280 2.269 4.826
v -13.899 1.168 4.342
v -12.724 2.146 5.558
v -13.239 1.044 4.131
v -12.745 1.968 4.647
v -14.648 0.964 4.502
v -14.407 1.846 4.749
v -14.242 0.795 4.013
v -13.369 1.882 4.949
v -13.304 0.616 4.098
v -12.397 1.704 5.067
v -12.983 0.530 3.549
v -11.101 1.450 5.529
v -11.691 0.347 4.016
v -11.735 1.323 3.987
v -10.600 0.193 4.278
v -9.988 1.230 4.935
v -9.699 0.377 4.354
v -7.908 1.373 6.241
v -7.264 0.692 6.033
v -5.417 1.571 7.983
v -5.260 0.671 7.252
v -5.349 1.518 7.162
v -4.030 0.623 7.656
v -4.295 1.493 7.370
v -2.470 0.944 8.400
v -2.124 1.628 8.766
v -1.457 1.120 8.569
v 0.028 1.769 10.138
v -1.032 0.992 8.132
v -0.662 1.809 8.499
v -0.237 0.938 8.075
v 0.256 1.773 8.566
v -0.650 0.900 6.736
v 0.931 1.649 8.396
v -0.608 1.074 5.887
v 0.423 1.742 6.974
v 0.024 1.364 5.646
v -0.012 1.886 5.621
v 0.268 1.301 5.027
v 1.053 1.963 5.862
v 2.096 1.130 6.051
v 2.009 1.970 5.958
v 3.707 1.093 6.835
v 3.679 1.835 6.827
v 5.191 1.097 7.488
v 6.095 1.757 8.470
v 6.814 1.000 8.324
v 6.846 1.771 8.352
v 6.906 0.813 7.502
v 7.474 1.721 8.100
v 8.824 0.586 5.875
v 11.471 1.667 8.671
v 9.221 0.618 5.392
v 10.969 1.692 7.249
v 10.112 0.972 5.436
v 11.121 1.841 6.525
v 11.902 1.232 6.422
v 12.311 2.160 6.886
v 12.617 1.296 6.298
v 13.419 2.454 7.128
v 14.547 1.160 7.438
v 14.908 2.253 7.806
v 15.798 0.816 7.859
v 16.184 1.776 8.268
v 17.503 0.466 8.768
v 18.792 1.398 10.129
v 16.647 0.306 6.963
v 18.539 1.248 8.955
v 16.492 0.612 5.918
v 18.196 1.437 7.707
v 16.595 0.826 5.111
v 16.946 1.635 5.478
v 16.444 0.772 4.025
v 16.934 1.857 4.544
v 17.040 0.757 3.736
v 17.359 1.906 4.079
v 16.233 0.854 1.999
v 17.931 1.927 3.776
v -18.635 3.053 9.315
v -19.825 3.129 8.950
v -18.640 3.020 8.409
v -18.311 2.974 7.845
v -17.734 3.085 7.540
v -15.389 3.249 6.356
v -14.608 3.203 6.275
v -13.897 3.126 6.117
v -13.397 2.940 5.765
v -13.923 2.834 4.327
v -13.612 2.702 3.750
v -15.887 2.534 3.192
v -15.377 2.482 2.833
v -13.992 2.348 3.389
v -11.024 2.205 5.603
v -10.482 2.233 5.297
v -9.099 2.258 5.871
v -6.652 2.298 7.565
v -3.988 2.294 9.502
v -4.264 2.151 8.313
v -3.679 2.139 8.029
v -1.503 2.311 9.429
v -1.750 2.506 8.280
v -3.103 2.666 5.949
v -1.698 2.673 6.524
v 0.855 2.591 8.328
v 1.819 2.582 8.460
v 1.000 2.598 6.695
v 1.910 2.653 6.772
v 2.037 2.691 6.004
v 3.147 2.687 6.253
v 3.825 2.669 6.072
v 5.021 2.749 6.445
v 7.103 2.845 7.731
v 10.588 2.981 7.751
v 11.708 2.940 8.026
v 11.237 2.754 6.652
v 12.045 2.803 6.610
v 12.682 2.979 6.371
v 15.123 2.800 8.045
v 17.878 2.383 10.071
v 19.110 2.078 10.471
v 18.005 1.980 8.419
v 18.519 2.142 8.074
v 17.000 2.392 5.564
v 16.774 2.768 4.396
v 17.291 2.822 4.031
v 18.811 2.628 4.722
v -20.462 3.902 7.387
v -22.372 3.994 6.258
v -19.950 3.909 7.025
v -19.451 4.003 6.638
v -19.000 4.020 6.202
v -16.251 3.951 5.453
v -16.340 3.855 4.450
v -15.947 3.809 3.969
v -14.792 3.659 4.303
v -14.662 3.564 3.552
v -13.103 3.549 4.293
v -13.438 3.374 3.044
v -15.880 3.136 2.306
v -13.964 3.042 3.422
v -11.172 3.020 5.462
v -9.482 3.129 6.351
v -8.312 3.238 6.698
v -6.901 3.210 7.310
v -4.687 3.148 8.776
v -4.037 3.051 8.570
v -3.289 3.077 8.450
v -1.954 3.336 8.966
v -3.417 3.582 6.535
v -3.302 3.833 5.750
v -2.459 3.909 5.743
v 0.175 4.012 7.618
v 2.481 3.987 9.150
v 0.929 3.920 6.622
v 2.109 3.813 6.984
v 2.288 3.647 6.257
v 2.397 3.705 5.472
v 2.822 3.750 5.031
v 4.417 3.794 5.825
v 6.272 3.887 6.884
v 10.413 4.106 7.588
v 11.968 4.000 8.323
v 11.844 3.645 7.303
v 13.139 3.577 7.767
v 13.850 3.670 7.602
v 15.903 3.522 8.866
v 17.717 3.142 9.919
v 18.330 2.843 9.663
v 19.376 2.749 9.877
v 18.860 2.841 8.440
v 18.048 3.081 6.692
v 17.344 3.499 5.019
v 17.943 3.557 4.741
v 19.307 3.331 5.279
v -20.205 4.949 7.637
v -21.812 5.138 6.827
v -19.172 4.895 7.835
v -18.964 4.851 7.143
v -18.996 4.935 6.202
v -19.757 5.096 4.494
v -16.334 4.901 4.472
v -15.844 4.755 4.079
v -14.586 4.798 4.525
v -14.466 4.825 3.758
v -12.531 4.633 4.890
v -12.936 4.376 3.573
v -14.461 4.220 3.810
v -13.078 4.187 4.374
v -10.724 4.177 5.949
v -8.908 4.270 6.979
v -6.577 4.397 8.534
v -5.594 4.472 8.706
v -4.287 4.653 9.189
v -3.293 4.727 9.341
v -2.387 4.805 9.396
v -1.495 4.985 9.444
v -2.382 5.088 7.620
v -1.768 5.210 7.366
v -0.895 5.236 7.390
v 1.018 5.241 8.495
v 2.177 5.206 8.831
v 1.183 5.089 6.907
v 1.973 5.130 6.839
v 3.411 5.189 7.438
v 3.268 5.142 6.400
v 4.498 5.100 6.795
v 5.895 5.258 7.385
v 8.109 5.256 8.837
v 11.639 5.021 8.887
v 12.884 4.853 9.282
v 13.327 4.750 8.844
v 13.550 4.620 8.178
v 14.594 4.473 8.375
v 15.821 4.378 8.782
v 18.299 4.143 10.538
v 18.028 3.975 9.338
v 17.447 3.896 7.817
v 16.625 3.977 6.049
v 17.068 4.024 5.617
v 16.848 3.924 4.451
v 16.157 3.885 2.830
v 17.806 3.837 3.674
v -21.445 6.272 6.323
v -22.697 6.286 5.895
v -20.183 6.278 6.765
v -19.394 6.307 6.697
v -18.310 6.230 6.933
v -18.814 6.102 5.498
v -18.212 5.963 5.237
v -15.152 5.903 4.816
v -13.431 5.880 5.748
v -12.920 5.872 5.383
v -11.227 5.768 6.264
v -10.356 5.537 6.291
v -9.004 5.295 6.827
v -10.330 5.260 7.283
v -9.829 5.234 6.923
v -8.240 5.255 7.711
v -5.877 5.304 9.308
v -4.936 5.478 9.409
v -4.111 5.893 9.380
v -3.310 6.296 9.325
v -1.919 6.549 9.882
v -1.930 6.573 8.979
v -1.540 6.474 8.487
v -0.304 6.351 8.895
v 0.345 6.326 8.686
v 0.556 6.345 8.020
v 0.617 6.378 7.193
v 0.864 6.335 6.552
v 1.348 6.466 6.173
v 3.243 6.683 7.263
v 5.632 6.793 8.880
v 6.039 6.831 8.412
v 8.186 6.782 9.787
v 10.138 6.590 10.961
v 13.033 6.286 10.370
v 12.472 6.093 8.873
v 12.324 5.889 7.808
v 12.777 5.735 7.375
v 13.729 5.677 7.473
v 14.231 5.688 7.121
v 15.749 5.704 7.827
v 16.531 5.667 7.753
v 16.860 5.554 7.175
v 16.137 5.399 5.503
v 15.964 5.124 4.432
v 15.711 4.702 3.249
v 16.073 4.649 2.724
v 17.671 4.881 3.517
v -22.256 7.718 5.469
v -21.932 7.613 6.697
v -21.383 7.746 5.502
v -20.018 7.741 6.060
v -18.676 7.540 6.567
v -16.800 7.218 7.627
v -17.186 7.080 6.326
v -17.147 7.048 5.475
v -12.996 6.944 6.217
v -10.881 6.896 7.527
v -10.815 6.848 6.715
v -9.945 6.696 6.745
v -8.716 6.516 7.148
v -9.504 6.485 8.164
v -8.568 6.379 8.270
v -7.360 6.290 8.654
v -6.544 6.245 8.623
v -5.470 6.454 8.854
v -4.534 6.936 8.941
v -4.598 7.442 7.981
v -3.039 7.767 8.715
v -1.063 7.737 9.882
v -2.645 7.598 7.331
v -2.796 7.400 6.285
v -2.217 7.365 6.002
v -1.337 7.432 6.043
v 0.141 7.558 6.699
v 1.117 7.628 6.819
v 2.422 7.833 7.299
v 4.042 8.145 8.110
v 6.500 8.369 9.798
v 6.614 8.467 9.014
v 7.528 8.291 9.090
v 8.862 8.006 9.602
v 11.453 7.655 8.698
v 10.500 7.422 6.797
v 10.248 7.190 5.633
v 11.111 7.045 5.626
v 11.646 7.064 5.289
v 13.257 7.095 6.087
v 14.215 7.194 6.196
v 15.534 7.270 6.692
v 16.629 7.200 6.917
v 16.734 6.923 6.110
v 15.566 6.534 4.002
v 15.444 6.041 2.958
v 16.800 5.997 3.473
v 18.288 6.340 4.146
v -20.362 8.723 7.484
v -19.929 8.559 8.817
v -20.244 8.665 6.728
v -19.412 8.293 6.714
v -17.666 8.240 7.638
v -16.330 8.275 8.128
v -16.562 8.182 7.000
v -16.407 8.237 6.276
v -14.931 8.205 6.932
v -10.732 8.159 7.710
v -10.691 7.840 6.857
v -10.177 7.600 6.513
v -8.454 7.748 7.448
v -9.222 7.764 8.487
v -7.503 7.599 9.403
v -6.799 7.584 9.249
v -5.135 7.572 10.102
v -4.985 7.721 9.358
v -5.513 8.000 7.904
v -5.004 8.122 7.552
v -4.189 8.249 7.498
v -2.469 8.209 8.393
v -3.923 8.105 5.980
v -3.365 8.017 5.678
v -3.009 8.026 5.157
v -1.172 8.184 6.201
v 0.570 8.401 7.143
v 2.549 8.602 8.327
v 4.055 8.766 9.026
v 5.855 9.032 10.033
v 7.302 9.305 10.644
v 6.507 9.431 8.909
v 8.086 9.263 9.687
v 8.563 9.002 9.288
v 9.736 8.545 6.874
v 8.709 8.341 4.892
v 9.333 8.401 4.640
v 9.643 8.268 4.048
v 9.568 8.206 3.070
v 11.933 8.094 4.663
v 13.663 8.040 5.605
v 12.648 8.469 6.376
v 13.726 8.706 6.606
v 15.342 8.261 4.645
v 14.998 7.807 3.382
v 15.820 7.483 3.358
v 17.255 7.457 3.954
v 18.060 7.689 3.909
v -19.786 8.793 8.096
v -19.521 8.818 9.289
v -20.297 8.767 6.673
v -19.142 8.688 6.994
v -16.964 8.784 8.384
v -16.345 8.893 8.124
v -15.807 8.902 7.788
v -15.592 9.094 7.108
v -14.099 9.292 7.772
v -11.727 9.353 6.648
v -11.102 9.171 6.426
v -9.363 8.870 7.367
v -8.281 8.622 7.615
v -8.702 8.598 9.021
v -6.602 8.748 10.353
v -4.749 8.840 11.396
v -5.398 8.761 9.803
v -5.045 8.869 9.292
v -4.311 8.965 9.169
v -5.187 8.825 7.354
v -4.576 8.849 7.089
v -2.945 8.885 7.892
v -2.332 8.810 7.636
v -2.510 8.630 6.554
v -0.736 8.630 7.516
v 1.629 8.831 9.118
v 2.183 9.051 8.833
v 2.358 9.271 8.120
v 4.144 9.279 9.127
v 5.445 9.362 9.601
v 5.417 9.313 8.651
v 5.066 9.237 7.381
v 6.497 9.318 7.999
v 7.741 9.328 8.417
v 8.416 9.266 5.481
v 9.158 9.166 5.342
v 9.120 9.093 4.409
v 9.699 8.940 4.096
v 9.830 8.787 3.327
v 11.861 8.785 4.566
v 14.314 8.908 6.270
v 12.004 9.322 5.674
v 14.110 9.593 6.991
v 16.174 9.400 5.523
v 15.245 9.057 3.646
v 15.953 8.721 3.491
v 17.026 8.702 3.717
v 17.594 8.994 3.416
v -19.086 9.129 8.823
v -20.463 9.209 8.275
v -19.150 9.125 7.870
v -17.614 9.183 8.606
v -15.500 9.328 9.944
v -16.506 9.459 7.958
v -16.379 9.651 7.195
v -16.696 10.014 5.944
v -15.963 10.335 5.811
v -13.056 10.445 5.242
v -11.127 10.280 6.385
v -9.417 9.993 7.302
v -8.613 9.730 7.265
v -8.144 9.722 9.609
v -6.999 9.933 9.923
v -8.198 10.023 7.758
v -8.156 9.917 6.889
v -6.794 9.990 7.431
v -4.843 9.992 8.595
v -4.327 9.736 8.261
v -3.857 9.670 7.835
v -4.314 9.676 6.453
v -4.032 9.624 5.847
v -2.713 9.484 6.326
v -2.010 9.489 6.176
v -1.441 9.648 5.907
v 0.622 9.775 7.205
v 1.268 9.909 7.002
v 2.558 9.750 7.471
v 5.060 9.635 9.206
v 6.144 9.538 9.414
v 4.927 9.469 7.234
v 5.248 9.507 6.680
v 6.353 9.570 6.945
v 8.982 9.679 6.049
v 8.792 9.717 4.944
v 9.917 9.696 5.230
v 10.258 9.675 4.666
v 10.180 9.665 3.674
v 10.960 9.665 3.612
v 12.871 9.752 4.751
v 10.870 10.049 4.470
v 11.784 10.236 4.535
v 16.288 10.058 5.643
v 17.547 9.745 6.081
v 18.469 9.468 6.157
v 19.056 9.456 5.878
v 19.364 9.720 5.305
v -20.553 9.844 7.271
v -22.125 9.910 6.527
v -19.019 9.861 7.982
v -17.940 9.975 8.235
v -16.556 10.054 8.806
v -16.130 10.094 8.365
v -16.134 10.429 7.457
v -17.245 10.876 5.384
v -16.339 11.188 5.415
v -15.879 11.300 5.001
v -11.729 11.177 5.747
v -10.476 11.101 6.190
v -7.387 11.179 8.560
v -7.701 11.296 10.090
v -8.094 11.499 8.757
v -9.808 11.584 6.058
v -9.615 11.498 5.352
v -7.366 11.540 6.808
v -5.811 11.493 7.553
v -4.014 11.164 8.584
v -4.223 10.949 7.452
v -4.164 10.827 6.606
v -4.246 10.784 5.623
v -3.003 10.745 6.020
v -2.414 10.757 5.750
v -1.822 10.818 5.502
v -0.480 10.804 6.046
v 0.730 10.835 6.429
v 2.588 10.547 7.501
v 4.878 10.242 9.002
v 6.563 10.269 9.853
v 5.323 10.329 7.663
v 4.839 10.161 6.249
v 4.475 10.156 4.957
v 7.984 10.305 4.992
v 8.878 10.455 5.019
v 9.604 10.540 4.874
v 11.066 10.748 5.502
v 10.425 11.046 3.927
v 10.801 11.001 3.439
v 12.157 10.952 3.983
v 10.723 11.048 4.322
v 11.524 11.052 4.262
v 16.281 10.810 5.640
v 17.165 10.590 5.660
v 17.601 10.517 5.206
v 17.206 10.527 3.902
v 17.524 10.673 3.345
v -21.933 10.751 5.794
v -22.573 11.044 6.050
v -19.983 10.783 6.938
v -18.518 11.144 7.612
v -17.996 11.398 7.292
v -17.217 11.642 7.217
v -17.645 11.787 5.860
v -17.188 11.895 5.451
v -17.804 11.958 3.874
v -16.226 11.956 4.619
v -10.607 12.166 6.902
v -9.243 12.454 7.473
v -6.918 12.827 9.034
v -6.127 12.972 8.984
v -10.077 13.000 6.659
v -10.037 13.091 5.796
v -8.886 13.100 6.102
v -8.228 13.129 5.908
v -6.799 13.086 6.526
v -5.033 12.763 7.505
v -3.486 12.510 8.225
v -3.275 12.657 7.540
v -2.453 12.706 7.504
v -2.742 12.619 6.303
v -1.793 12.589 6.407
v -0.834 12.480 6.525
v -0.224 12.283 6.285
v 1.977 12.119 7.717
v 2.651 11.920 7.542
v 4.774 11.709 8.883
v 4.710 11.391 7.889
v 4.685 11.213 6.947
v 4.027 11.488 5.367
v 5.790 11.700 6.311
v 7.885 11.844 4.889
v 8.696 11.998 4.829
v 8.831 11.965 4.044
v 9.088 12.202 3.414
v 9.017 12.474 2.433
v 9.385 12.555 1.932
v 10.729 12.664 2.470
v 9.442 12.452 2.961
v 9.777 12.182 2.398
v 11.455 12.178 3.266
v 15.821 12.194 4.241
v 15.889 12.331 3.405
v 16.560 12.378 3.209
v 17.321 12.456 3.122
v -21.410 12.415 6.349
v -22.164 12.478 6.491
v -20.232 12.443 6.686
v -18.588 12.613 7.540
v -17.810 12.867 7.487
v -18.108 13.129 6.288
v -17.688 13.227 5.811
v -17.393 13.262 5.236
v -17.517 13.312 4.188
v -15.889 13.318 4.981
v -11.217 13.598 6.275
v -11.089 13.868 5.542
v -8.143 13.985 7.756
v -6.732 14.059 8.366
v -9.103 14.282 7.697
v -8.511 14.400 7.413
v -7.746 14.372 7.312
v -7.716 14.346 6.459
v -6.392 14.239 6.963
v -4.564 14.008 8.017
v -4.641 13.880 7.041
v -4.263 14.025 6.518
v -3.545 14.087 6.371
v -2.283 14.085 6.807
v -1.157 14.069 7.099
v 0.227 13.945 7.643
v 1.489 13.759 8.083
v 2.299 13.625 8.051
v 3.177 13.388 8.089
v 6.301 13.106 10.482
v 4.886 12.881 8.083
v 4.945 12.785 7.230
v 5.633 12.959 7.045
v 5.643 13.128 6.155
v 9.210 13.308 6.263
v 9.032 13.459 5.172
v 8.089 13.463 3.273
v 9.638 13.591 3.983
v 9.989 13.653 3.467
v 10.032 13.790 2.623
v 7.661 14.030 1.981
v 8.943 14.033 2.452
v 10.397 13.928 3.074
v 12.437 13.743 4.324
v 15.688 13.632 4.116
v 16.097 13.775 3.627
v 16.939 13.799 3.613
v 18.411 13.742 4.279
v -20.666 14.105 7.148
v -22.925 13.955 5.673
v -19.389 14.122 7.590
v -18.352 14.085 7.787
v -17.234 14.300 8.093
v -17.348 14.538 7.082
v -18.374 14.608 5.096
v -17.860 14.644 4.728
v -16.479 14.686 5.288
v -15.125 14.688 5.801
v -11.576 14.847 5.909
v -11.580 14.834 5.033
v -9.129 14.561 6.725
v -7.032 14.543 8.057
v -8.570 14.954 8.269
v -7.152 15.165 8.842
v -6.427 15.168 8.715
v -6.765 15.136 7.485
v -6.007 15.047 7.392
v -5.540 14.921 7.000
v -4.930 14.917 6.713
v -5.702 15.053 4.996
v -5.457 15.155 4.348
v -3.537 15.284 5.465
v -2.820 15.302 5.321
v -1.650 15.217 5.669
v 0.456 15.089 7.008
v 1.223 14.982 6.932
v 2.601 14.698 7.487
v 4.254 14.303 8.332
v 5.958 14.090 9.224
v 5.467 14.043 7.817
v 4.611 14.108 6.016
v 5.466 14.228 5.990
v 9.008 14.387 6.067
v 9.779 14.477 5.961
v 8.998 14.545 4.244
v 9.592 14.591 3.963
v 10.152 14.484 3.652
v 10.151 14.645 2.776
v 8.039 14.975 2.396
v 9.264 15.224 2.792
v 10.842 15.382 3.554
v 12.431 15.125 4.318
v 16.217 14.891 4.667
v 17.643 14.974 5.269
v 18.572 14.968 5.352
v 19.282 14.822 5.208
v -20.698 15.070 7.114
v -22.348 15.116 6.277
v -19.387 15.061 7.601
v -17.774 15.105 8.398
v -16.291 15.336 9.082
v -16.736 15.544 7.719
v -16.819 15.728 6.720
v -17.260 15.928 5.354
v -16.583 15.665 5.155
v -14.798 15.478 6.124
v -11.310 15.444 6.180
v -10.767 15.214 5.875
v -8.552 14.887 7.318
v -7.689 14.841 7.341
v -7.813 15.140 9.042
v -6.456 15.495 9.578
v -5.562 15.737 9.634
v -6.832 15.831 7.408
v -7.339 15.915 5.965
v -6.831 15.705 5.605
v -6.489 15.637 5.047
v -5.248 15.664 5.440
v -4.467 15.759 5.361
v -2.585 16.077 6.445
v -2.000 16.146 6.161
v -2.265 16.117 5.001
v -1.098 16.004 5.353
v 0.158 15.781 5.784
v 2.294 15.630 7.140
v 4.468 15.354 8.541
v 5.391 15.051 8.616
v 5.115 14.952 7.420
v 5.328 15.000 6.752
v 5.790 15.070 6.306
v 8.855 15.021 5.883
v 9.593 15.033 5.765
v 10.756 15.321 6.097
v 12.256 15.341 6.778
v 12.980 15.147 6.653
v 10.710 15.257 6.117
v 9.562 15.541 4.006
v 10.693 15.819 4.296
v 11.403 16.069 4.134
v 12.061 16.072 3.917
v 13.793 16.009 4.831
v 17.389 16.091 4.988
v 18.185 16.102 4.936
v 19.665 16.052 5.608
v -20.183 16.211 7.675
v -21.701 16.334 6.956
v -18.900 16.194 8.139
v -17.628 16.235 8.581
v -15.787 16.266 9.616
v -15.361 16.227 9.158
v -15.756 16.199 7.840
v -15.799 16.160 6.891
v -14.410 15.883 7.454
v -14.617 15.735 6.341
v -11.269 15.796 6.244
v -10.669 15.760 5.999
v -8.910 15.739 6.948
v -7.637 15.756 7.387
v -8.860 15.841 7.936
v -7.925 16.061 8.026
v -7.410 16.196 7.677
v -6.634 16.221 7.591
v -7.297 16.258 5.994
v -7.717 16.368 4.658
v -6.188 16.484 5.359
v -4.876 16.544 5.838
v -3.021 16.633 6.878
v -3.126 16.732 5.872
v -2.159 16.750 5.992
v 0.066 16.734 7.446
v 0.137 16.658 6.643
v 1.176 16.587 6.846
v 1.992 16.474 6.824
v 2.401 16.284 6.357
v 3.899 16.229 7.039
v 5.132 16.219 7.436
v 4.841 16.127 6.223
v 5.345 16.054 5.835
v 7.982 16.099 4.965
v 8.411 16.014 4.515
v 9.369 15.942 4.619
v 10.745 15.901 5.169
v 9.076 15.831 5.266
v 9.512 15.841 4.833
v 9.749 15.959 4.178
v 10.216 16.360 3.764
v 10.918 16.765 3.596
v 12.410 16.883 4.268
v 12.937 16.992 3.929
v 13.233 17.199 3.336
v 16.216 17.214 2.845
v 17.031 17.080 2.825
v -19.829 17.684 8.053
v -21.005 17.700 7.723
v -18.587 17.664 8.472
v -17.799 17.583 8.403
v -16.516 17.457 8.857
v -15.270 17.290 9.270
v -15.214 17.122 8.426
v -15.312 16.859 7.419
v -14.109 16.517 7.789
v -14.033 16.386 6.965
v -11.023 16.667 6.516
v -9.881 16.953 6.825
v -8.861 17.163 6.998
v -7.048 17.184 7.996
v -10.595 16.982 6.119
v -10.790 16.916 5.018
v -8.969 16.903 6.026
v -7.302 16.968 6.872
v -7.524 17.124 5.750
v -7.592 17.396 4.787
v -5.684 17.556 5.883
v -4.119 17.503 6.632
v -3.371 17.527 6.516
v -3.051 17.618 5.957
v -2.528 17.616 5.618
v -0.894 17.495 6.450
v 0.245 17.394 6.764
v -0.231 17.415 5.378
v 0.916 17.371 5.694
v 1.705 17.369 5.626
v 1.619 17.616 4.641
v 2.425 17.726 4.577
v 3.494 17.604 4.801
v 4.380 17.478 4.831
v 7.592 17.530 4.573
v 8.759 17.416 4.893
v 8.301 17.211 3.514
v 8.762 17.080 3.097
v 7.557 16.984 3.668
v 7.578 16.916 2.801
v 8.097 16.799 2.453
v 9.602 16.948 3.136
v 10.581 17.274 3.255
v 12.657 17.515 4.546
v 12.590 17.806 3.562
v 12.678 18.100 2.747
v 12.279 18.141 1.438
v 15.371 18.086 1.075
v -19.932 19.299 7.937
v -20.391 19.116 8.347
v -19.455 19.294 7.554
v -18.958 19.118 7.178
v -17.163 18.982 8.176
v -15.510 18.809 9.019
v -14.854 18.556 8.805
v -15.059 18.157 7.678
v -14.299 17.846 7.589
v -14.484 17.764 6.493
v -11.070 18.153 6.463
v -9.644 18.528 7.070
v -8.871 18.681 6.985
v -7.374 18.658 7.653
v -10.326 18.348 6.386
v -10.668 18.190 5.128
v -9.132 18.173 5.839
v -7.516 18.320 6.634
v -7.409 18.605 5.857
v -7.283 18.832 5.091
v -6.382 18.917 5.138
v -5.178 18.636 5.496
v -3.791 18.535 6.046
v -4.257 18.754 4.677
v -3.508 18.768 4.572
v -1.085 18.581 6.221
v -0.184 18.584 6.304
v 0.942 18.764 6.610
v 2.187 18.674 7.021
v 1.861 18.600 5.792
v 2.613 18.880 5.686
v 3.173 19.025 5.351
v 3.442 19.052 4.740
v 5.226 19.078 5.726
v 7.890 19.131 4.874
v 8.839 19.023 4.965
v 10.478 18.868 5.809
v 8.138 18.686 5.167
v 8.823 18.504 4.977
v 9.473 18.476 4.775
v 10.476 18.312 4.956
v 10.428 18.081 3.987
v 10.767 18.167 3.434
v 12.918 18.462 4.801
v 12.760 18.855 3.747
v 13.033 19.145 3.120
v 14.226 19.206 3.468
v 17.106 19.297 2.878
v -20.560 20.712 7.265
v -21.630 20.620 7.048
v -19.670 20.726 7.312
v -18.417 20.723 7.737
v -16.460 20.663 8.906
v -15.705 20.520 8.811
v -14.891 20.311 8.766
v -14.208 20.024 8.583
v -13.781 19.713 8.141
v -13.904 19.574 7.116
v -10.436 19.646 7.135
v -9.847 19.796 6.860
v -9.503 20.153 6.322
v -7.751 20.214 7.255
v -9.428 20.044 7.337
v -9.551 19.954 6.310
v -8.234 19.895 6.789
v -6.962 19.951 7.219
v -7.372 20.097 5.894
v -7.342 20.291 5.042
v -6.443 20.371 5.080
v -5.510 20.148 5.163
v -3.865 19.976 5.988
v -3.822 19.867 5.140
v -2.816 19.854 5.301
v -1.985 19.882 5.293
v -1.524 19.877 4.898
v -0.531 19.887 5.060
v 0.676 20.094 5.439
v 2.173 20.416 6.122
v 3.291 20.526 6.409
v 3.436 20.526 5.658
v 4.023 20.542 5.376
v 4.925 20.516 5.406
v 8.503 20.456 5.531
v 9.412 20.314 5.577
v 10.131 20.144 5.440
v 7.924 20.017 4.952
v 7.341 20.055 3.436
v 8.653 19.875 3.920
v 9.674 19.557 4.115
v 10.005 19.525 3.561
v 10.177 19.681 2.829
v 12.194 20.089 4.053
v 12.894 20.517 3.885
v 13.416 20.853 3.537
v 13.897 20.872 3.144
v 14.926 20.690 3.340
v -20.855 21.508 6.950
v -22.909 21.379 5.680
v -18.807 21.532 8.209
v -18.053 21.567 8.112
v -16.273 21.682 9.102
v -15.600 21.764 8.910
v -15.173 21.626 8.467
v -14.518 21.460 8.262
v -14.255 21.464 7.646
v -13.612 21.479 7.430
v -9.894 21.366 7.704
v -9.955 21.307 6.749
v -8.568 21.481 7.309
v -7.086 21.529 7.961
v -8.871 21.453 7.915
v -8.986 21.465 6.914
v -7.699 21.475 7.378
v -6.146 21.491 8.103
v -6.069 21.520 7.288
v -6.449 21.499 5.989
v -6.247 21.479 5.302
v -5.292 21.392 5.412
v -4.470 21.256 5.367
v -3.317 21.146 5.676
v -3.054 21.148 5.058
v -2.052 21.248 5.217
v -1.218 21.331 5.213
v -0.691 21.427 4.892
v 0.833 21.670 5.612
v 2.379 22.050 6.346
v 3.001 22.234 6.103
v 3.268 22.258 5.482
v 3.547 22.230 4.884
v 4.545 22.097 5.019
v 8.400 21.860 5.428
v 9.458 21.667 5.629
v 10.328 21.437 5.653
v 8.176 21.110 5.229
v 7.892 20.919 4.025
v 8.352 20.856 3.622
v 9.329 20.847 3.771
v 10.050 21.072 3.632
v 10.494 21.336 3.184
v 11.606 21.675 3.447
v 12.447 22.014 3.423
v 12.475 22.274 2.546
v 12.951 22.312 2.147
v 13.499 22.252 1.837
v -22.270 21.891 5.453
v -24.512 21.792 3.987
v -19.917 21.913 7.030
v -17.550 21.968 8.637
v -16.422 22.249 8.937
v -15.659 22.561 8.845
v -15.000 22.541 8.647
v -14.470 22.472 8.304
v -14.189 22.703 7.701
v -14.143 22.836 6.860
v -10.097 22.660 7.491
v -9.659 22.563 7.049
v -8.711 22.645 7.158
v -7.004 22.686 8.051
v -8.692 22.666 8.122
v -8.096 22.713 7.864
v -6.458 22.748 8.691
v -4.800 22.751 9.529
v -5.513 22.713 7.886
v -5.757 22.515 6.734
v -5.449 22.385 6.154
v -4.923 22.420 5.813
v -4.491 22.366 5.357
v -3.105 22.342 5.912
v -2.446 22.355 5.718
v -1.127 22.427 6.208
v 0.011 22.557 6.521
v 0.728 22.734 6.383
v 2.600 22.901 7.471
v 3.062 23.156 7.063
v 3.111 23.316 6.219
v 3.774 23.340 6.025
v 3.986 23.371 5.347
v 5.135 23.289 5.648
v 6.620 23.003 6.295
v 10.615 22.785 6.850
v 10.731 22.501 6.091
v 9.096 22.046 6.202
v 8.027 21.697 4.194
v 8.789 21.711 4.104
v 10.276 21.861 4.779
v 11.232 22.170 4.891
v 11.508 22.473 4.275
v 12.402 22.740 4.296
v 13.670 23.037 4.707
v 13.900 23.290 4.041
v 13.401 23.348 2.625
v 13.993 23.336 2.367
v -21.009 22.455 6.800
v -23.138 22.319 5.430
v -20.100 22.496 6.875
v -18.633 22.629 7.527
v -17.311 22.957 8.023
v -16.344 23.231 8.148
v -16.095 23.417 7.514
v -16.317 23.523 6.367
v -15.917 23.572 5.879
v -14.912 23.578 6.035
v -10.285 23.426 7.278
v -9.787 23.375 6.912
v -7.885 23.459 8.021
v -6.635 23.553 8.456
v -7.548 23.725 9.337
v -5.125 23.839 11.003
v -5.934 23.833 9.245
v -5.402 23.859 8.909
v -3.693 23.819 9.807
v -4.149 23.609 8.440
v -3.600 23.447 8.123
v -2.581 23.433 8.286
v -2.313 23.304 7.668
v -2.489 23.237 6.581
v -1.541 23.184 6.684
v 0.147 23.033 7.581
v 1.145 23.310 7.733
v 2.617 23.738 8.370
v 3.626 23.762 8.550
v 4.577 23.788 8.640
v 4.685 23.884 7.874
v 5.249 23.890 7.590
v 5.302 23.955 6.746
v 6.785 23.828 7.400
v 8.854 23.526 8.677
v 8.348 23.317 7.249
v 8.134 23.021 6.112
v 8.287 22.777 5.374
v 8.842 22.700 5.060
v 9.837 22.709 5.223
v 9.874 22.842 4.359
v 10.974 23.200 4.619
v 13.344 23.507 6.206
v 14.806 23.590 6.843
v 13.923 23.713 5.003
v 14.749 24.059 4.963
v 15.897 24.102 5.267
v 18.731 23.878 4.641
v -23.127 23.301 4.543
v -22.162 23.323 6.444
v -22.648 23.319 4.172
v -21.219 23.501 4.784
v -19.925 23.911 5.266
v -18.209 24.336 6.181
v -17.529 24.491 5.993
v -16.938 24.516 5.694
v -16.286 24.504 5.472
v -14.293 24.498 6.659
v -11.460 24.396 6.039
v -10.477 24.426 6.206
v -9.139 24.687 6.712
v -5.878 24.807 9.254
v -6.556 24.871 10.392
v -5.844 25.169 10.254
v -5.647 25.431 9.533
v -5.901 25.346 8.376
v -5.215 25.129 8.199
v -5.169 24.970 7.345
v -4.090 24.788 7.567
v -3.442 24.455 7.352
v -3.804 24.045 6.080
v -3.443 23.656 5.572
v -2.551 23.618 5.615
v -1.000 23.843 6.348
v 0.246 24.216 6.767
v 0.386 24.534 6.034
v 1.683 24.770 6.523
v 4.344 25.036 8.418
v 6.585 25.084 9.877
v 6.562 25.046 8.979
v 7.146 24.889 8.713
v 8.270 24.599 8.971
v 7.883 24.320 7.642
v 7.012 24.217 5.830
v 7.136 24.261 5.068
v 8.275 24.132 5.386
v 9.646 23.995 5.919
v 11.269 24.060 6.726
v 12.730 24.281 7.363
v 12.632 24.551 6.355
v 13.356 24.742 6.208
v 15.134 24.641 7.187
v 15.594 24.522 6.784
v 15.427 24.528 5.699
v 15.698 24.580 5.085
v 18.658 24.801 4.580
v -23.494 24.710 4.153
v -22.856 24.837 5.715
v -22.630 24.728 4.183
v -21.232 24.981 4.770
v -19.811 25.355 5.386
v -19.133 25.706 5.208
v -17.780 25.822 5.725
v -17.589 25.811 5.013
v -16.474 25.760 5.275
v -13.973 25.746 6.991
v -11.322 25.641 6.181
v -9.728 25.698 6.985
v -9.216 26.003 6.628
v -9.038 26.148 8.671
v -6.835 26.204 10.096
v -5.966 26.521 10.123
v -5.447 26.842 9.740
v -5.769 26.713 8.510
v -5.447 26.441 7.953
v -5.645 26.309 6.842
v -4.664 26.104 6.963
v -3.669 25.645 7.111
v -3.827 25.132 6.054
v -3.001 24.678 6.036
v -2.329 24.638 5.851
v -0.668 24.920 6.691
v 0.265 25.336 6.779
v 0.750 25.666 6.415
v 1.805 26.017 6.643
v 4.346 26.398 8.412
v 6.515 26.565 9.800
v 7.003 26.598 9.438
v 7.882 26.373 9.485
v 8.080 26.056 8.773
v 7.894 25.783 7.654
v 7.027 25.703 5.847
v 7.253 25.821 5.199
v 9.041 25.716 6.199
v 9.177 25.571 5.424
v 11.362 25.630 6.824
v 12.963 25.823 7.610
v 12.980 25.999 6.719
v 14.662 26.115 7.576
v 15.649 26.027 7.732
v 16.144 25.890 7.360
v 18.299 25.829 5.980
v 17.799 25.866 4.561
v 18.344 26.102 4.246
v -23.660 26.224 3.968
v -23.809 26.447 4.698
v -22.071 26.262 4.752
v -20.933 26.645 5.066
v -19.168 26.906 6.031
v -17.390 27.034 7.007
v -17.731 27.180 5.765
v -17.061 27.190 5.567
v -15.393 27.085 6.413
v -13.329 27.053 7.677
v -10.419 26.961 7.134
v -10.574 27.105 6.079
v -8.632 27.393 7.229
v -9.622 27.520 8.054
v -7.907 27.585 8.972
v -6.635 27.693 9.420
v -5.685 27.849 9.506
v -4.493 27.716 9.870
v -4.706 27.478 8.729
v -4.529 27.382 8.008
v -4.817 27.220 6.808
v -4.014 26.959 6.756
v -3.233 26.708 6.699
v -3.390 26.589 5.625
v -2.869 26.547 5.285
v -0.660 26.519 6.720
v 0.698 26.822 7.228
v 1.460 27.139 7.149
v 2.577 27.391 7.432
v 4.672 27.640 8.745
v 6.528 28.014 9.825
v 6.632 28.223 9.071
v 7.336 28.047 8.935
v 7.952 27.818 8.640
v 8.514 27.536 8.321
v 7.107 27.446 5.950
v 7.001 27.479 4.925
v 7.951 27.401 5.030
v 9.410 27.346 5.670
v 11.287 27.313 6.742
v 11.980 27.291 6.586
v 12.887 27.286 6.643
v 13.652 27.316 6.543
v 17.653 27.435 7.117
v 18.308 27.497 6.897
v 17.597 27.616 5.247
v 17.320 27.605 4.059
v 17.656 27.428 3.511
v -22.802 27.502 4.860
v -24.343 27.719 4.117
v -20.767 27.546 6.112
v -19.472 27.906 6.592
v -17.808 28.151 7.452
v -17.395 28.367 7.006
v -17.453 28.378 6.055
v -16.005 28.233 6.673
v -13.909 28.045 7.992
v -13.234 27.967 7.786
v -11.030 28.289 6.481
v -10.790 28.653 5.844
v -8.264 28.879 7.614
v -9.209 28.857 8.479
v -8.680 28.602 8.154
v -8.053 28.492 7.927
v -7.345 28.556 7.754
v -5.539 28.425 8.755
v -5.111 28.261 8.324
v -6.503 28.231 5.941
v -6.455 28.169 5.091
v -5.646 28.264 5.055
v -4.820 28.325 5.038
v -4.453 28.253 4.513
v -3.582 28.290 4.527
v -2.000 28.564 5.307
v -0.049 28.756 6.447
v 0.471 28.922 6.095
v 1.997 29.027 6.810
v 4.934 29.089 9.012
v 6.097 29.026 9.361
v 6.501 28.961 8.914
v 6.987 29.132 8.541
v 8.062 29.182 8.763
v 9.216 29.075 9.059
v 7.932 29.029 6.805
v 8.034 28.967 6.006
v 8.402 28.827 5.485
v 9.762 28.645 6.003
v 9.878 28.562 5.244
v 11.123 28.374 5.680
v 11.930 28.217 5.628
v 12.433 28.206 5.245
v 16.425 28.557 5.809
v 16.981 28.823 5.498
v 17.406 28.919 5.043
v 18.094 28.943 4.867
v 18.449 29.008 4.348
v -24.011 28.940 3.580
v -25.078 29.029 3.348
v -22.007 28.928 4.801
v -20.480 28.956 5.532
v -18.278 29.049 6.960
v -17.831 29.173 6.545
v -17.407 29.180 6.097
v -16.461 29.129 6.204
v -14.689 29.084 7.170
v -13.693 29.070 7.304
v -13.715 29.265 6.396
v -10.845 29.492 5.796
v -8.787 29.647 7.064
v -9.612 29.502 8.051
v -8.985 29.085 7.839
v -8.716 28.853 7.239
v -7.107 28.827 8.013
v -5.337 28.830 8.970
v -5.404 28.945 8.034
v -6.313 29.178 6.169
v -5.496 29.359 6.120
v -4.680 29.563 6.095
v -4.287 29.682 5.610
v -3.756 29.617 5.261
v -3.082 29.613 5.073
v -1.661 29.711 5.671
v 0.134 29.835 6.654
v 1.008 29.984 6.659
v 1.575 29.905 6.368
v 4.271 29.775 8.310
v 4.693 29.752 7.885
v 5.023 29.753 7.344
v 6.031 29.870 7.522
v 7.709 29.965 8.378
v 9.259 30.023 9.108
v 8.825 30.058 7.756
v 9.080 30.024 7.114
v 9.530 29.903 6.671
v 10.559 29.726 6.839
v 10.175 29.666 5.558
v 11.260 29.492 5.829
v 11.546 29.268 5.227
v 15.132 29.187 5.353
v 16.465 29.335 5.858
v 16.980 29.478 5.507
v 17.319 29.565 4.964
v 18.045 29.635 4.828
v 18.316 29.935 4.215
v -23.806 30.403 3.792
v -25.147 30.294 3.284
v -22.504 30.330 4.282
v -21.008 29.940 4.975
v -19.227 29.789 5.967
v -17.393 29.753 7.002
v -16.518 29.777 7.025
v -16.359 29.900 6.306
v -14.867 30.088 6.964
v -14.678 30.173 6.269
v -13.533 30.100 6.574
v -9.328 30.023 7.381
v -8.071 30.019 7.826
v -8.779 29.798 8.939
v -5.907 29.293 11.065
v -6.971 28.941 9.068
v -6.343 28.796 8.824
v -5.851 28.941 8.439
v -5.130 29.370 8.294
v -5.413 29.935 7.107
v -4.980 30.356 6.660
v -4.037 30.619 6.747
v -4.000 30.791 5.889
v -3.761 30.753 5.235
v -3.198 30.674 4.936
v -1.266 30.376 6.090
v 0.484 30.202 7.034
v 2.703 30.226 8.458
v 2.658 30.118 7.517
v 3.016 30.100 6.989
v 3.389 30.400 6.491
v 4.279 30.570 6.542
v 5.537 30.554 6.988
v 6.999 30.596 7.640
v 7.959 30.745 7.751
v 10.698 30.848 9.725
v 10.370 30.871 8.486
v 10.266 30.821 7.445
v 10.308 30.715 6.592
v 11.446 30.715 6.898
v 12.872 30.662 7.522
v 13.041 30.477 6.782
v 15.702 30.361 5.952
v 16.798 30.175 6.208
v 18.249 30.001 6.833
v 18.451 29.944 6.149
v 19.465 30.023 6.310
v 19.345 30.501 5.294
v -20.458 0.649 -5.487
v -20.086 1.582 -5.154
v -19.340 2.309 -4.484
v -19.566 3.256 -4.683
v -19.083 4.709 -4.252
v -19.364 6.247 -4.500
v -19.892 7.539 -4.768
v -20.015 8.333 -4.882
v -20.705 9.213 -5.500
v -20.352 9.922 -5.187
v -20.386 10.901 -5.215
v -20.391 12.494 -5.224
v -20.374 13.947 -5.209
v -20.411 15.068 -5.239
v -20.287 15.837 -5.123
v -20.248 16.575 -5.088
v -19.767 17.601 -4.663
v -19.865 18.992 -4.750
v -20.039 20.568 -4.901
v -19.924 21.897 -4.790
v -19.381 22.809 -4.306
v -19.336 23.492 -4.259
v -19.509 24.350 -4.409
v -19.429 25.600 -4.339
v -19.993 26.983 -4.847
v -19.272 28.299 -4.214
v -19.652 29.338 -4.555
v -19.856 30.131 -4.737
v -20.793 0.649 -4.585
v -20.130 1.535 -3.969
v -19.914 2.135 -3.768
v -20.189 3.000 -4.019
v -19.600 4.478 -3.471
v -19.635 6.132 -3.499
v -19.736 7.542 -3.593
v -20.135 8.248 -3.965
v -20.940 9.055 -4.718
v -21.087 9.810 -4.854
v -20.986 10.945 -4.759
v -21.012 12.596 -4.790
v -20.824 14.053 -4.617
v -20.461 15.259 -4.280
v -20.380 16.128 -4.202
v -20.410 16.769 -4.227
v -20.292 17.543 -4.115
v -19.805 18.776 -3.663
v -20.001 20.348 -3.840
v -20.348 21.728 -4.153
v -19.838 22.667 -3.677
v -19.109 23.487 -2.994
v -19.374 24.498 -3.228
v -19.251 25.795 -3.117
v -19.426 27.229 -3.283
v -19.338 28.600 -3.210
v -19.450 29.582 -3.323
v -19.773 30.330 -3.632
v -20.800 0.607 -3.569
v -20.325 1.606 -3.114
v -20.240 2.180 -3.040
v -20.487 2.980 -3.272
v -20.169 4.268 -2.969
v -20.101 5.965 -2.905
v -20.379 7.478 -3.166
v -20.400 8.242 -3.182
v -20.589 9.034 -3.366
v -20.997 9.876 -3.748
v -21.078 11.228 -3.824
v -21.153 12.768 -3.905
v -20.777 14.151 -3.548
v -20.451 15.356 -3.235
v -20.709 16.357 -3.485
v -20.707 16.917 -3.480
v -20.562 17.545 -3.337
v -20.026 18.687 -2.827
v -20.271 20.086 -3.055
v -20.568 21.609 -3.328
v -19.891 22.707 -2.673
v -19.140 23.608 -1.949
v -19.877 24.638 -2.650
v -19.800 25.936 -2.581
v -19.181 27.453 -1.988
v -19.129 28.860 -1.940
v -19.343 29.778 -2.158
v -19.802 30.439 -2.608
v -20.405 0.657 -2.140
v -20.332 1.790 -2.062
v -20.759 2.383 -2.484
v -20.940 3.030 -2.664
v -20.876 4.234 -2.604
v -21.071 5.847 -2.796
v -21.301 7.418 -3.018
v -20.994 8.504 -2.713
v -21.263 9.255 -2.978
v -21.048 10.047 -2.764
v -20.407 11.400 -2.127
v -20.916 12.995 -2.625
v -20.478 14.373 -2.201
v -20.304 15.514 -2.036
v -20.571 16.348 -2.297
v -20.646 16.962 -2.371
v -20.579 17.684 -2.302
v -20.153 18.898 -1.887
v -20.235 20.201 -1.953
v -20.099 21.690 -1.812
v -19.080 22.852 -0.805
v -18.914 23.712 -0.657
v -20.020 24.660 -1.733
v -20.097 25.895 -1.810
v -19.583 27.431 -1.302
v -18.968 28.875 -0.700
v -18.761 29.805 -0.503
v -19.371 30.428 -1.111
v -21.206 0.653 -1.130
v -21.876 1.943 -1.788
v -22.133 2.676 -2.040
v -22.302 3.250 -2.217
v -22.141 4.340 -2.057
v -22.218 5.844 -2.140
v -22.545 7.451 -2.464
v -21.861 8.840 -1.780
v -22.076 9.591 -1.991
v -22.040 10.340 -1.954
v -22.122 11.631 -2.036
v -21.928 13.208 -1.844
v -22.220 14.537 -2.127
v -21.692 15.580 -1.591
v -20.979 16.265 -1.618
v -21.334 16.979 -1.980
v -21.203 17.891 -1.855
v -20.929 19.233 -1.575
v -20.538 20.386 -1.170
v -20.028 21.715 -0.655
v -19.088 22.912 0.285
v -19.248 23.778 0.110
v -20.538 24.678 -1.168
v -20.441 25.833 -1.076
v -19.881 27.271 -0.510
v -19.292 28.674 0.078
v -18.754 29.671 0.622
v -18.725 30.336 0.639
v -21.788 0.832 -0.439
v -22.674 1.860 -1.331
v -23.148 2.780 -1.816
v -22.814 3.583 -1.491
v -23.080 4.535 -1.756
v -22.844 5.918 -1.512
v -21.914 7.464 -0.589
v -22.152 8.800 -0.822
v -22.804 9.675 -1.475
v -22.680 10.429 -1.348
v -22.855 11.661 -1.521
v -21.609 13.350 -0.275
v -22.899 14.459 -1.554
v -22.539 15.347 -1.177
v -22.475 16.329 -1.111
v -22.074 17.236 -0.722
v -21.917 18.228 -0.578
v -22.117 19.431 -0.776
v -20.346 20.724 0.119
v -19.868 21.819 0.616
v -19.479 22.940 1.010
v -19.979 23.995 0.495
v -19.919 24.881 0.539
v -20.274 25.915 0.187
v -19.650 27.089 0.819
v -19.289 28.378 1.193
v -18.968 29.437 1.531
v -18.508 30.183 1.983
v -22.066 0.826 0.588
v -23.012 1.851 -0.379
v -23.854 2.826 -1.243
v -23.289 3.693 -0.683
v -23.393 4.631 -0.786
v -23.395 5.962 -0.776
v -22.717 7.475 -0.095
v -22.457 8.795 0.160
v -23.343 9.700 -0.729
v -23.521 10.444 -0.906
v -23.339 11.643 -0.721
v -22.380 13.338 0.250
v -23.295 14.449 -0.668
v -23.262 15.344 -0.613
v -22.964 16.359 -0.309
v -22.197 17.319 0.454
v -22.192 18.332 0.446
v -22.665 19.522 -0.029
v -21.682 20.783 0.999
v -21.112 21.812 1.595
v -19.792 22.894 1.825
v -19.898 23.986 1.707
v -20.189 24.877 1.389
v -20.157 25.890 1.421
v -19.596 27.013 2.004
v -19.459 28.299 2.153
v -19.016 29.402 2.620
v -18.773 30.177 2.856
v -23.375 0.674 0.595
v -22.811 1.972 1.160
v -23.782 3.017 0.162
v -23.469 3.897 0.478
v -23.678 4.881 0.273
v -24.298 6.103 -0.369
v -23.566 7.548 0.364
v -22.522 8.884 0.102
v -22.642 9.779 -0.008
v -22.261 10.455 0.376
v -21.415 11.531 1.238
v -21.852 13.099 0.805
v -22.057 14.455 0.598
v -22.957 15.565 1.025
v -22.655 16.414 1.340
v -22.963 17.392 1.019
v -22.860 18.447 1.127
v -22.485 19.772 1.519
v -21.784 20.741 2.252
v -21.324 21.702 2.737
v -19.420 22.688 3.362
v -19.240 23.688 3.532
v -19.677 24.583 3.063
v -20.028 25.636 2.703
v -19.182 26.858 3.579
v -19.526 28.280 3.249
v -18.529 29.487 4.273
v -18.676 30.255 4.106
v -22.995 0.910 0.806
v -21.943 2.069 1.872
v -21.586 3.049 2.235
v -21.562 3.899 2.247
v -21.584 4.981 2.242
v -22.587 6.146 1.200
v -22.668 7.559 1.104
v -22.931 8.906 0.835
v -22.513 9.719 1.273
v -21.664 10.279 2.138
v -21.329 11.156 2.490
v -21.823 12.658 1.987
v -21.073 14.194 2.762
v -20.521 15.556 3.333
v -20.612 16.514 3.254
v -21.306 17.376 2.530
v -22.160 18.350 1.647
v -21.487 19.662 2.340
v -20.689 20.739 3.185
v -19.574 21.707 4.367
v -18.914 22.589 5.060
v -18.896 23.420 5.062
v -19.405 24.163 4.527
v -19.623 25.327 4.302
v -18.218 26.932 5.755
v -18.549 28.425 5.430
v -19.485 29.629 4.455
v -20.180 30.301 3.723
v -23.118 1.131 1.839
v -21.937 2.126 3.060
v -21.343 3.027 3.665
v -20.951 3.843 4.064
v -20.695 5.045 4.351
v -21.245 6.180 3.766
v -22.297 7.572 2.690
v -22.947 8.937 2.007
v -22.396 9.654 2.576
v -21.822 10.111 3.162
v -23.013 10.794 1.925
v -22.289 12.190 2.675
v -22.612 13.832 2.345
v -22.539 15.399 2.428
v -20.878 16.472 4.155
v -19.857 17.231 5.206
v -21.375 18.157 3.626
v -21.483 19.457 3.516
v -21.105 20.654 3.931
v -19.838 21.605 5.263
v -19.309 22.378 5.815
v -19.099 23.100 6.045
v -19.919 23.758 5.189
v -19.690 25.063 5.426
v -18.199 26.971 6.981
v -20.485 28.420 4.604
v -20.525 29.656 4.552
v -21.945 30.373 3.063
v -21.670 1.156 4.544
v -20.596 2.161 5.668
v -19.442 3.037 6.871
v -19.313 3.883 7.004
v -20.210 5.023 6.053
v -21.882 6.292 4.307
v -22.600 7.740 3.557
v -21.622 8.894 4.593
v -21.076 9.480 5.154
v -21.624 9.883 4.569
v -21.757 10.480 4.432
v -22.290 11.675 3.876
v -22.902 13.288 3.246
v -22.888 14.921 3.255
v -21.176 16.178 5.039
v -20.170 17.005 6.101
v -20.437 18.017 5.816
v -20.343 19.313 5.918
v -20.585 20.587 5.683
v -20.162 21.538 6.122
v -20.095 22.234 6.185
v -20.181 22.837 6.101
v -20.098 23.513 6.197
v -20.039 24.887 6.263
v -19.757 26.725 6.553
v -21.471 28.299 4.738
v -21.726 29.459 4.465
v -22.903 30.237 3.236
v -22.786 1.281 4.609
v -21.321 2.235 6.142
v -19.717 3.037 7.815
v -21.372 3.904 6.072
v -21.352 5.047 6.066
v -21.838 6.342 5.561
v -22.796 7.775 4.556
v -20.927 8.752 6.528
v -20.061 9.154 7.466
v -20.537 9.530 6.935
v -21.855 10.144 5.559
v -22.463 11.256 4.921
v -22.956 12.798 4.405
v -23.464 14.394 3.863
v -22.601 15.681 4.766
v -20.755 16.648 6.716
v -19.898 17.829 7.630
v -19.826 19.177 7.701
v -20.491 20.517 7.018
v -21.583 21.435 5.855
v -22.337 22.038 5.055
v -21.708 22.559 5.705
v -21.138 23.337 6.320
v -21.226 24.775 6.224
v -21.991 26.492 5.402
v -23.756 27.994 3.536
v -24.159 29.186 3.113
v -23.923 30.198 3.354
v 20.437 1.136 -4.679
v 20.704 1.895 -4.438
v 20.478 2.484 -4.640
v 20.181 3.126 -4.910
v 20.497 3.835 -4.632
v 19.968 5.136 -5.102
v 20.013 6.576 -5.068
v 20.135 7.905 -4.962
v 19.877 8.823 -5.186
v 19.608 9.867 -5.432
v 19.142 11.035 -5.856
v 19.159 12.576 -5.846
v 19.034 14.227 -5.954
v 19.211 15.755 -5.791
v 19.632 16.698 -5.414
v 20.024 17.126 -5.063
v 19.787 18.090 -5.274
v 19.652 19.632 -5.396
v 19.641 20.627 -5.406
v 19.619 21.457 -5.429
v 19.736 22.003 -5.326
v 19.519 22.369 -5.513
v 19.687 23.247 -5.361
v 19.741 24.731 -5.311
v 19.814 26.509 -5.246
v 19.338 27.722 -5.671
v 19.349 29.037 -5.664
v 19.366 30.197 -5.650
v 20.870 0.933 -3.334
v 21.158 1.610 -3.068
v 20.916 2.193 -3.291
v 20.640 2.933 -3.546
v 20.501 3.692 -3.682
v 20.313 4.995 -3.860
v 19.907 6.475 -4.242
v 19.935 7.996 -4.219
v 20.149 9.084 -4.019
v 19.835 9.992 -4.311
v 19.549 10.892 -4.585
v 19.172 12.292 -4.936
v 18.941 13.940 -5.149
v 19.415 15.462 -4.710
v 19.351 16.363 -4.764
v 19.873 16.877 -4.280
v 19.751 17.900 -4.393
v 19.487 19.431 -4.636
v 19.459 20.508 -4.664
v 19.446 21.478 -4.680
v 19.704 22.099 -4.445
v 19.408 22.417 -4.717
v 19.428 23.391 -4.695
v 19.358 24.929 -4.756
v 19.442 26.770 -4.676
v 18.915 28.032 -5.168
v 18.922 29.256 -5.160
v 19.235 30.259 -4.871
v 21.249 0.795 -2.014
v 21.179 1.301 -2.089
v 21.032 1.915 -2.233
v 20.835 2.789 -2.419
v 20.534 3.622 -2.712
v 20.647 4.902 -2.609
v 20.021 6.412 -3.208
v 19.826 8.150 -3.405
v 20.395 9.341 -2.863
v 19.657 10.097 -3.563
v 19.486 10.726 -3.729
v 18.928 11.921 -4.262
v 18.987 13.552 -4.204
v 19.151 15.082 -4.049
v 19.074 15.908 -4.124
v 19.574 16.593 -3.653
v 19.245 17.671 -3.968
v 18.897 19.144 -4.306
v 18.913 20.429 -4.286
v 19.181 21.474 -4.029
v 19.651 22.125 -3.578
v 19.218 22.495 -3.996
v 19.048 23.622 -4.149
v 18.772 25.189 -4.412
v 19.279 26.967 -3.924
v 18.750 28.295 -4.433
v 18.911 29.356 -4.276
v 19.106 30.161 -4.089
v 21.739 0.309 -0.581
v 22.385 1.033 0.044
v 21.908 1.809 -0.426
v 21.541 2.769 -0.790
v 21.037 3.628 -1.286
v 21.030 4.952 -1.299
v 20.538 6.477 -1.786
v 20.650 8.074 -1.678
v 20.159 9.257 -2.164
v 19.445 9.918 -2.862
v 19.403 10.439 -2.909
v 18.754 11.543 -3.541
v 18.911 13.195 -3.387
v 19.820 14.845 -2.495
v 20.015 15.869 -2.308
v 19.331 16.669 -2.981
v 18.523 17.710 -3.773
v 18.215 19.023 -4.079
v 18.655 20.473 -3.650
v 19.321 21.407 -3.003
v 19.121 21.982 -3.188
v 19.272 22.676 -3.030
v 19.360 23.817 -2.950
v 19.256 25.358 -3.049
v 19.198 27.068 -3.095
v 19.171 28.377 -3.127
v 19.410 29.464 -2.890
v 19.253 30.290 -3.041
v 22.054 0.000 0.683
v 21.855 0.817 0.479
v 21.011 1.781 -0.368
v 20.404 2.841 -0.976
v 20.409 3.736 -0.976
v 20.132 5.093 -1.252
v 19.889 6.607 -1.503
v 19.500 7.963 -1.894
v 19.693 9.024 -1.710
v 19.301 9.603 -2.106
v 18.818 10.100 -2.594
v 18.325 11.158 -3.075
v 18.463 12.830 -2.936
v 19.098 14.615 -2.294
v 19.368 15.845 -2.026
v 18.721 16.726 -2.675
v 18.110 17.722 -3.285
v 18.122 18.916 -3.281
v 18.391 20.488 -3.018
v 18.506 21.298 -2.899
v 18.457 21.798 -2.940
v 19.412 22.871 -1.987
v 19.604 24.125 -1.797
v 19.345 25.645 -2.048
v 19.523 27.221 -1.866
v 19.887 28.469 -1.508
v 19.890 29.606 -1.511
v 19.327 30.502 -2.068
v 21.874 0.000 1.451
v 21.571 0.787 1.147
v 20.480 1.782 0.042
v 19.812 2.812 -0.641
v 19.602 3.951 -0.859
v 20.477 5.433 0.007
v 19.634 6.974 -0.839
v 19.438 8.038 -1.040
v 19.140 8.857 -1.350
v 18.574 9.382 -1.930
v 17.534 9.952 -2.979
v 17.645 10.991 -2.864
v 17.445 12.568 -3.061
v 18.244 14.332 -2.244
v 18.163 15.566 -2.316
v 17.691 16.394 -2.808
v 17.303 17.489 -3.210
v 17.978 18.957 -2.544
v 18.027 20.277 -2.489
v 17.475 21.179 -3.029
v 18.473 21.804 -2.020
v 19.590 22.914 -0.888
v 19.030 24.233 -1.450
v 18.610 25.741 -1.870
v 18.889 27.245 -1.578
v 19.854 28.476 -0.623
v 18.906 29.564 -1.576
v 19.405 30.448 -1.084
v 21.658 0.000 2.178
v 21.556 0.800 2.069
v 20.524 1.807 1.011
v 19.743 2.830 0.211
v 19.569 3.990 0.023
v 20.276 5.484 0.731
v 19.294 7.026 -0.261
v 19.001 8.061 -0.570
v 19.359 8.827 -0.221
v 18.262 9.353 -1.344
v 17.284 9.966 -2.341
v 17.252 11.014 -2.370
v 17.303 12.569 -2.316
v 18.333 14.305 -1.255
v 17.957 15.534 -1.625
v 17.505 16.371 -2.100
v 17.426 17.484 -2.198
v 17.852 18.974 -1.775
v 17.520 20.264 -2.105
v 17.449 21.175 -2.161
v 18.302 21.812 -1.284
v 19.491 22.909 -0.069
v 18.758 24.250 -0.815
v 18.671 25.752 -0.902
v 18.475 27.211 -1.085
v 19.645 28.452 0.085
v 18.869 29.559 -0.707
v 19.203 30.464 -0.376
v 21.890 0.000 3.349
v 21.097 0.855 2.536
v 20.231 1.894 1.645
v 19.995 2.927 1.391
v 20.561 3.931 1.952
v 20.258 5.356 1.641
v 19.993 6.869 1.370
v 19.807 8.055 1.165
v 19.138 8.839 0.471
v 18.592 9.405 -0.099
v 17.779 10.134 -0.941
v 17.611 11.282 -1.108
v 17.545 12.853 -1.167
v 18.915 14.496 0.255
v 18.704 15.703 0.031
v 18.970 16.644 0.292
v 18.277 17.732 -0.424
v 17.981 19.030 -0.728
v 17.865 20.472 -0.848
v 18.262 21.347 -0.429
v 19.118 21.921 0.443
v 18.787 22.927 0.124
v 18.700 24.257 0.047
v 18.559 25.732 -0.100
v 18.474 27.095 -0.188
v 19.809 28.381 1.157
v 19.545 29.612 0.882
v 19.078 30.618 0.412
v 20.869 0.000 3.231
v 20.954 0.937 3.324
v 20.483 1.880 2.833
v 20.868 2.875 3.219
v 20.966 3.878 3.310
v 20.770 5.251 3.095
v 20.273 6.715 2.567
v 19.537 7.924 1.793
v 18.950 8.802 1.187
v 18.887 9.503 1.118
v 18.291 10.473 0.505
v 18.398 11.666 0.615
v 18.279 13.239 0.503
v 18.392 14.753 0.632
v 19.299 15.883 1.552
v 19.151 16.875 1.393
v 18.606 17.982 0.835
v 18.111 19.232 0.331
v 18.545 20.702 0.776
v 19.556 21.708 1.808
v 19.608 22.381 1.865
v 18.670 23.149 0.920
v 18.657 24.172 0.915
v 18.819 25.584 1.080
v 18.989 27.077 1.248
v 19.448 28.498 1.712
v 18.686 29.637 0.930
v 19.219 30.536 1.483
v 19.069 0.056 2.286
v 19.994 1.076 3.237
v 20.977 1.962 4.253
v 21.294 2.940 4.591
v 20.400 3.927 3.645
v 20.135 5.194 3.344
v 18.562 6.590 1.700
v 18.320 7.799 1.440
v 19.246 8.732 2.399
v 18.769 9.563 1.912
v 18.088 10.759 1.212
v 18.254 11.909 1.404
v 17.821 13.488 0.957
v 18.003 14.958 1.145
v 17.549 16.085 0.675
v 19.012 17.096 2.179
v 19.113 18.169 2.288
v 19.262 19.352 2.447
v 19.191 20.849 2.385
v 18.987 22.003 2.160
v 18.837 22.801 1.995
v 18.423 23.454 1.583
v 18.092 24.300 1.247
v 18.290 25.662 1.453
v 20.019 27.219 3.221
v 18.440 28.710 1.587
v 17.904 29.718 1.038
v 19.116 30.477 2.306
v 18.184 0.633 2.270
v 18.909 1.528 3.018
v 20.804 2.276 4.994
v 21.756 3.095 6.007
v 20.265 4.025 4.409
v 19.379 5.216 3.461
v 18.806 6.629 2.864
v 18.578 7.942 2.614
v 18.822 8.912 2.879
v 19.123 9.645 3.206
v 18.113 10.702 2.167
v 17.913 12.225 1.952
v 17.458 13.754 1.494
v 18.206 15.099 2.278
v 17.576 16.062 1.608
v 18.635 17.076 2.685
v 17.751 18.195 1.758
v 15.749 19.541 1.782
v 15.935 20.783 1.989
v 16.180 22.091 2.244
v 16.215 23.032 2.275
v 16.190 23.656 2.280
v 18.248 24.333 2.331
v 18.913 25.682 3.018
v 20.676 27.381 4.838
v 19.018 28.818 3.123
v 18.672 29.823 2.770
v 19.136 30.549 3.243
v 16.209 0.952 1.094
v 18.108 1.832 3.072
v 20.679 2.517 5.770
v 20.983 3.260 6.119
v 18.628 4.045 3.617
v 17.773 5.084 2.703
v 18.348 6.487 3.294
v 18.740 7.896 3.710
v 18.472 8.970 3.449
v 19.858 9.685 4.917
v 19.143 10.716 4.151
v 17.619 12.394 2.546
v 18.386 13.839 3.355
v 18.462 15.057 3.444
v 18.659 16.040 3.639
v 17.607 17.094 2.521
v 13.911 18.193 1.055
v 15.052 19.538 2.234
v 15.268 20.731 2.472
v 15.487 22.178 2.704
v 15.653 23.215 2.877
v 17.335 23.828 4.661
v 17.051 24.503 4.393
v 20.038 25.842 5.102
v 19.170 27.514 4.191
v 18.957 28.928 3.969
v 18.700 29.874 3.699
v 18.787 30.510 3.793
v -19.570 0.565 -5.239
v -19.887 0.574 -4.522
v -19.853 0.559 -3.467
v -19.645 0.662 -2.215
v -19.501 0.747 -0.996
v -19.655 0.950 -0.053
v -19.696 0.961 1.023
v -19.255 0.851 2.612
v -20.345 0.980 2.666
v -20.311 1.107 3.879
v -19.091 1.417 6.359
v -19.390 1.660 7.296
v -18.459 0.558 -5.002
v -18.516 0.576 -4.033
v -18.637 0.538 -3.110
v -18.573 0.665 -1.985
v -18.313 0.784 -0.643
v -18.652 0.942 0.121
v -18.832 0.956 1.064
v -17.426 0.898 3.636
v -17.430 1.015 4.803
v -17.916 1.147 5.500
v -17.517 1.482 7.141
v -18.466 1.738 7.377
v -17.998 0.586 -5.356
v -17.779 0.631 -4.143
v -17.875 0.479 -3.198
v -17.710 0.643 -1.978
v -17.360 0.849 -0.546
v -17.618 0.866 0.312
v -17.410 0.873 1.646
v -17.164 0.925 3.039
v -16.371 1.034 5.018
v -17.007 1.249 5.554
v -17.600 1.495 6.153
v -19.256 1.765 5.628
v -16.979 0.471 -5.209
v -17.026 0.526 -4.237
v -17.232 0.372 -3.401
v -17.316 0.565 -2.427
v -17.326 0.869 -1.361
v -17.751 0.897 -0.694
v -17.762 0.867 0.407
v -16.870 0.753 2.456
v -16.028 0.721 4.500
v -16.936 0.916 4.749
v -18.223 1.259 4.593
v -18.734 1.645 5.257
v -16.018 0.429 -5.111
v -16.332 0.482 -4.385
v -16.879 0.354 -3.880
v -17.387 0.577 -3.338
v -17.561 0.948 -2.459
v -17.584 0.915 -1.407
v -17.824 0.821 -0.548
v -17.338 0.513 1.079
v -17.894 0.372 1.675
v -18.316 0.532 2.402
v -18.644 0.971 3.257
v -17.229 1.472 3.529
v -15.792 0.581 -5.670
v -15.765 0.615 -4.659
v -16.076 0.563 -3.938
v -16.736 0.647 -3.544
v -16.929 0.863 -2.687
v -17.431 0.776 -2.126
v -17.776 0.694 -1.381
v -17.139 0.471 0.398
v -17.584 0.376 1.112
v -17.983 0.552 1.861
v -15.901 1.022 3.105
v -15.846 1.500 4.079
v -14.818 0.792 -5.564
v -15.218 0.807 -4.950
v -15.652 0.855 -4.359
v -16.305 0.753 -3.970
v -16.547 0.706 -3.169
v -17.005 0.490 -2.558
v -17.125 0.424 -1.593
v -16.865 0.372 -0.213
v -17.945 0.408 -0.169
v -17.843 0.630 1.101
v -17.142 1.077 3.030
v -16.250 1.429 2.748
v -13.992 1.045 -5.793
v -14.585 0.995 -5.154
v -15.491 0.955 -5.015
v -15.463 0.689 -3.979
v -15.087 0.404 -2.566
v -15.157 0.123 -1.560
v -15.549 0.077 -0.856
v -15.919 0.148 -0.114
v -16.943 0.304 -0.029
v -17.958 0.560 0.082
v -16.819 0.993 2.466
v -14.770 1.237 3.395
v -13.143 1.138 -5.798
v -14.048 1.056 -5.445
v -14.713 0.966 -5.084
v -14.986 0.623 -4.344
v -14.215 0.242 -2.546
v -15.251 0.000 -2.505
v -15.712 0.000 -1.881
v -16.205 0.064 -1.277
v -16.115 0.250 -0.051
v -16.150 0.506 1.058
v -15.006 0.942 3.452
v -13.394 1.155 3.940
v -11.959 1.233 -5.496
v -12.726 1.071 -5.004
v -13.556 0.819 -4.792
v -13.938 0.526 -4.152
v -13.321 0.243 -2.503
v -14.594 0.190 -2.701
v -15.149 0.215 -2.174
v -14.455 0.339 -0.348
v -14.792 0.479 0.435
v -15.578 0.669 0.781
v -14.631 0.796 2.969
v -15.392 0.922 3.389
v -11.133 1.116 -5.519
v -11.894 0.883 -5.021
v -12.356 0.572 -4.458
v -12.745 0.380 -3.817
v -12.234 0.259 -2.262
v -14.073 0.343 -3.029
v -14.332 0.394 -2.209
v -13.594 0.507 -0.342
v -13.197 0.595 1.212
v -15.097 0.711 0.408
v -15.364 0.684 1.330
v -14.949 0.785 2.966
v -10.281 0.835 -5.519
v -11.022 0.579 -4.999
v -11.395 0.356 -4.350
v -11.650 0.344 -3.572
v -10.841 0.417 -1.723
v -13.096 0.304 -2.898
v -13.841 0.294 -2.564
v -12.602 0.408 -0.194
v -11.886 0.488 1.696
v -13.583 0.598 1.122
v -14.442 0.563 1.399
v -14.374 0.666 2.659
v -9.594 0.660 -5.454
v -9.791 0.462 -4.642
v -10.246 0.348 -4.057
v -10.643 0.395 -3.408
v -10.333 0.537 -2.047
v -10.836 0.470 -1.479
v -11.102 0.449 -0.648
v -11.367 0.474 0.211
v -11.739 0.472 0.989
v -13.107 0.511 0.738
v -13.630 0.462 1.364
v -13.836 0.528 2.335
v -8.407 0.394 -5.149
v -8.563 0.326 -4.281
v -8.882 0.415 -3.551
v -8.643 0.423 -2.270
v -9.019 0.587 -1.578
v -9.861 0.839 -1.338
v -10.141 0.844 -0.516
v -10.400 0.655 0.355
v -11.100 0.534 0.777
v -11.463 0.475 1.549
v -11.185 0.499 3.021
v -11.864 0.511 3.517
v -7.166 0.216 -4.793
v -7.426 0.206 -4.006
v -7.575 0.329 -3.109
v -7.714 0.481 -2.189
v -8.204 0.810 -1.600
v -8.345 1.081 -0.653
v -8.430 1.090 0.376
v -7.946 0.919 2.020
v -8.921 0.743 2.155
v -9.858 0.617 2.341
v -10.563 0.544 2.798
v -9.972 0.421 4.606
v -6.364 0.088 -4.842
v -6.671 0.066 -4.103
v -6.566 0.124 -2.965
v -6.982 0.491 -2.314
v -7.627 1.015 -1.880
v -7.580 1.152 -0.740
v -7.839 1.158 0.110
v -7.574 1.126 1.521
v -8.202 0.910 2.018
v -8.176 0.717 3.224
v -8.330 0.551 4.251
v -8.389 0.337 5.377
v -5.318 0.184 -4.672
v -5.033 0.146 -3.383
v -5.557 0.167 -2.830
v -6.234 0.446 -2.428
v -7.307 0.870 -2.416
v -7.647 1.009 -1.677
v -7.973 1.031 -0.906
v -6.865 1.048 1.365
v -8.023 0.911 1.309
v -8.635 0.787 1.844
v -7.106 0.685 4.626
v -7.046 0.516 5.921
v -4.536 0.304 -4.740
v -5.396 0.230 -4.511
v -5.810 0.197 -3.886
v -5.639 0.324 -2.684
v -6.866 0.542 -2.826
v -7.406 0.636 -2.297
v -7.517 0.678 -1.317
v -7.749 0.802 -0.434
v -7.142 0.820 1.326
v -8.033 0.816 1.567
v -6.974 0.838 3.859
v -6.063 0.786 6.040
v -4.270 0.174 -5.255
v -4.981 0.141 -4.910
v -5.582 0.220 -4.481
v -5.683 0.253 -3.557
v -5.794 0.309 -2.611
v -7.012 0.278 -2.762
v -7.087 0.287 -1.757
v -8.027 0.410 -1.600
v -7.545 0.521 0.034
v -7.706 0.566 1.021
v -7.086 0.637 2.856
v -4.769 0.685 6.490
v -3.410 0.026 -5.251
v -3.995 0.030 -4.788
v -4.952 0.189 -4.693
v -5.009 0.169 -3.733
v -5.298 0.146 -2.971
v -6.449 0.054 -3.063
v -6.717 0.040 -2.255
v -7.316 0.147 -1.752
v -6.978 0.306 -0.267
v -7.128 0.387 0.737
v -5.881 0.491 3.220
v -3.704 0.592 6.712
v -2.202 0.108 -4.939
v -2.426 0.174 -4.127
v -3.184 0.264 -3.819
v -3.597 0.263 -3.188
v -4.273 0.194 -2.804
v -4.971 0.000 -2.442
v -5.372 0.000 -1.756
v -5.379 0.271 -0.648
v -4.968 0.439 0.927
v -5.302 0.494 1.757
v -4.355 0.689 3.940
v -2.636 0.836 6.958
v -1.995 0.199 -5.519
v -2.131 0.394 -4.645
v -1.984 0.480 -3.481
v -2.741 0.440 -3.183
v -3.518 0.236 -2.910
v -4.430 0.000 -2.761
v -4.779 0.000 -2.028
v -4.292 0.274 -0.428
v -4.628 0.516 0.384
v -5.376 0.609 0.780
v -3.606 0.840 3.824
v -2.494 0.991 6.239
v -1.877 0.385 -6.175
v -1.880 0.593 -5.203
v -1.819 0.485 -4.138
v -2.238 0.490 -3.518
v -3.098 0.256 -3.337
v -4.406 0.000 -3.593
v -5.226 0.000 -3.343
v -4.435 0.147 -1.438
v -3.803 0.459 0.339
v -5.121 0.609 0.160
v -4.200 0.763 2.336
v -3.038 0.872 4.764
v -0.819 0.339 -5.992
v -0.937 0.576 -5.119
v -1.013 0.537 -4.183
v -1.417 0.542 -3.549
v -2.151 0.307 -3.240
v -3.169 0.000 -3.208
v -3.882 0.000 -2.849
v -3.433 0.148 -1.283
v -2.928 0.457 0.363
v -4.388 0.612 0.035
v -3.158 0.781 2.533
v -2.555 0.883 4.378
v 0.482 0.000 -5.586
v 0.589 0.336 -4.495
v -0.105 0.795 -4.135
v 0.062 0.774 -2.949
v -0.599 0.572 -2.547
v -2.613 0.067 -3.492
v -3.559 0.016 -3.372
v -2.948 0.347 -1.653
v -2.547 0.566 -0.108
v -2.637 0.685 0.970
v -1.719 0.988 3.128
v -1.431 1.095 4.672
v 1.881 0.000 -5.092
v 1.786 0.246 -4.170
v 0.699 0.671 -4.187
v 0.046 0.798 -3.795
v -0.306 0.834 -3.102
v -1.290 0.598 -3.018
v -1.663 0.547 -2.310
v -1.553 0.636 -1.092
v -1.619 0.755 -0.032
v -1.518 0.859 1.241
v 0.240 1.072 4.280
v 0.052 1.165 5.332
v 2.654 0.000 -5.157
v 1.746 0.209 -4.998
v 0.685 0.402 -5.011
v 0.438 0.705 -4.247
v -0.095 0.988 -3.743
v -0.119 1.173 -2.711
v -0.369 1.123 -1.874
v 0.145 0.814 -0.231
v -0.416 0.931 0.321
v -1.055 1.112 0.832
v 0.339 1.100 3.490
v 0.672 1.159 5.080
v 3.139 0.000 -5.489
v 1.841 0.256 -5.701
v 1.069 0.519 -5.460
v 0.935 0.795 -4.588
v 0.511 1.051 -3.980
v 0.995 1.296 -2.441
v 0.751 1.278 -1.595
v 0.610 1.026 -0.622
v 0.888 1.001 0.791
v -0.018 1.027 1.029
v 0.882 1.066 3.173
v 0.828 1.139 4.356
v 3.799 0.000 -5.668
v 3.212 0.310 -5.224
v 2.255 0.664 -5.145
v 1.754 0.829 -4.622
v 2.169 0.917 -3.176
v 2.194 1.125 -2.087
v 1.792 1.145 -1.400
v 1.349 1.047 -0.745
v 1.644 0.882 0.691
v 1.466 0.709 1.683
v 2.240 0.858 3.710
v 1.978 1.004 4.674
v 4.532 0.000 -5.777
v 4.466 0.098 -4.849
v 3.896 0.465 -4.394
v 3.434 0.710 -3.816
v 2.950 0.778 -3.243
v 2.198 0.879 -2.931
v 1.472 0.860 -2.583
v 1.465 0.707 -1.488
v 2.007 0.651 0.198
v 1.827 0.550 1.182
v 4.089 0.726 4.742
v 3.628 0.932 5.503
v 5.534 0.000 -5.648
v 5.448 0.000 -4.735
v 5.178 0.328 -3.984
v 4.204 0.638 -3.892
v 2.896 0.729 -4.138
v 2.048 0.784 -3.935
v 1.562 0.737 -3.355
v 1.955 0.524 -1.852
v 2.860 0.547 0.203
v 3.510 0.516 2.039
v 4.299 0.702 4.079
v 4.575 0.928 5.603
v 6.560 0.000 -5.491
v 5.879 0.000 -5.123
v 5.821 0.502 -4.174
v 4.963 0.758 -3.980
v 3.875 0.873 -4.011
v 3.452 0.989 -3.378
v 3.074 0.959 -2.683
v 3.396 0.768 -1.247
v 4.050 0.814 0.563
v 5.021 0.849 2.741
v 5.415 0.823 4.349
v 5.280 0.886 5.448
v 7.067 0.000 -5.798
v 6.639 0.000 -5.214
v 6.413 0.484 -4.426
v 6.011 0.779 -3.794
v 5.432 1.055 -3.312
v 4.683 1.329 -3.004
v 4.133 1.322 -2.479
v 4.147 1.096 -1.358
v 4.901 1.093 0.553
v 5.170 1.132 1.994
v 6.098 0.952 4.162
v 6.472 0.820 5.792
v 7.897 0.000 -6.022
v 7.137 0.000 -5.538
v 6.540 0.265 -5.119
v 6.669 0.681 -3.979
v 6.768 1.160 -2.826
v 5.782 1.626 -2.759
v 5.318 1.664 -2.144
v 5.333 1.438 -1.016
v 5.075 1.275 -0.141
v 4.473 1.157 0.405
v 7.527 0.935 2.658
v 8.088 0.690 4.178
v 8.495 0.000 -6.248
v 7.950 0.000 -5.879
v 7.216 0.299 -5.283
v 7.771 0.730 -3.731
v 8.216 1.219 -2.234
v 6.979 1.688 -2.405
v 6.713 1.721 -1.584
v 6.852 1.472 -0.335
v 7.717 1.293 0.134
v 7.051 1.147 0.361
v 8.240 0.918 2.513
v 8.410 0.688 3.620
v 9.300 0.000 -6.288
v 8.976 0.196 -5.715
v 8.139 0.490 -5.204
v 9.012 0.878 -3.341
v 8.618 1.253 -2.679
v 7.961 1.590 -2.263
v 7.734 1.550 -1.403
v 8.464 1.137 -0.871
v 7.896 1.062 -0.535
v 7.449 1.026 -0.096
v 8.768 0.872 2.203
v 9.822 0.829 4.210
v 10.419 0.000 -6.047
v 10.224 0.272 -5.342
v 9.790 0.562 -4.875
v 9.704 0.866 -3.500
v 9.658 1.092 -2.490
v 9.384 1.380 -1.681
v 9.295 1.347 -0.674
v 9.181 0.969 0.334
v 10.008 0.903 0.775
v 9.548 0.864 1.202
v 9.739 0.876 2.321
v 10.810 1.038 4.346
v 11.604 0.000 -5.754
v 11.569 0.276 -4.896
v 11.090 0.525 -4.456
v 11.366 0.714 -3.291
v 10.661 0.802 -2.347
v 10.385 1.174 -1.541
v 10.610 1.203 -0.216
v 10.837 0.947 1.154
v 9.597 0.859 1.030
v 8.554 0.785 1.110
v 10.336 1.002 2.043
v 11.617 1.280 4.295
v 12.010 0.000 -6.145
v 11.892 0.247 -5.378
v 11.695 0.461 -4.683
v 11.386 0.733 -3.524
v 11.481 0.903 -2.374
v 10.763 1.183 -2.012
v 10.637 1.203 -1.045
v 11.296 1.013 0.766
v 11.539 0.887 2.158
v 10.497 0.759 2.246
v 10.249 1.013 3.174
v 13.223 1.236 5.090
v 12.736 0.165 -6.253
v 12.671 0.280 -5.437
v 12.482 0.377 -4.730
v 12.540 0.738 -3.214
v 12.414 1.027 -2.280
v 11.309 1.179 -2.316
v 11.220 1.186 -1.314
v 11.218 1.108 -0.191
v 12.301 0.972 2.076
v 11.943 0.805 2.871
v 12.466 1.056 4.612
v 14.696 1.090 5.753
v 13.893 0.385 -5.977
v 13.473 0.382 -5.485
v 13.194 0.485 -4.870
v 13.719 0.667 -2.896
v 13.775 0.850 -1.770
v 11.821 1.023 -2.653
v 11.546 1.068 -1.844
v 11.667 1.126 -0.596
v 12.946 1.091 1.871
v 13.430 1.015 3.539
v 15.555 0.992 4.844
v 16.388 0.774 6.640
v 14.545 0.602 -6.155
v 14.327 0.504 -5.483
v 14.371 0.588 -4.559
v 14.475 0.570 -2.984
v 14.702 0.597 -1.691
v 13.275 0.736 -2.049
v 13.095 0.803 -1.141
v 12.607 0.969 -0.516
v 13.326 1.011 1.383
v 16.251 1.012 3.744
v 15.838 0.847 4.243
v 15.980 0.551 5.313
v 15.936 1.055 -5.671
v 16.359 0.847 -4.380
v 16.299 0.630 -3.524
v 16.259 0.538 -2.068
v 15.513 0.498 -1.731
v 14.503 0.454 -1.668
v 14.468 0.475 -0.608
v 14.865 0.633 0.924
v 15.429 0.661 2.675
v 16.333 0.659 2.944
v 17.059 0.745 4.645
v 16.878 0.649 5.375
v 17.220 1.200 -5.287
v 17.105 0.964 -4.471
v 17.818 0.601 -2.869
v 17.807 0.413 -1.377
v 16.727 0.295 -1.363
v 15.857 0.148 -1.146
v 15.493 0.141 -0.407
v 16.124 0.275 1.364
v 17.756 0.304 2.623
v 16.240 0.324 1.977
v 17.810 0.597 4.552
v 18.383 0.700 6.059
v 18.313 0.943 -5.066
v 18.299 0.747 -4.151
v 18.675 0.558 -2.863
v 18.898 0.204 -1.136
v 18.247 0.000 -0.684
v 18.586 0.000 -0.155
v 18.085 0.000 0.266
v 18.691 0.000 1.796
v 19.126 0.000 3.166
v 17.715 0.164 2.642
v 19.140 0.452 5.070
v 19.027 0.642 5.842
v 19.793 0.906 -4.502
v 19.730 0.722 -3.607
v 19.922 0.589 -2.476
v 20.941 0.181 -0.532
v 20.935 0.000 0.415
v 20.249 0.000 0.670
v 20.117 0.000 1.472
v 21.424 0.000 3.733
v 20.546 0.000 3.775
v 18.957 0.129 3.056
v 18.356 0.461 3.355
v 17.360 0.678 3.199
v -18.997 30.276 -4.730
v -19.010 30.495 -3.711
v -18.502 30.735 -2.170
v -18.077 30.655 -0.674
v -17.665 30.519 0.851
v -17.874 30.308 1.765
v -18.274 30.265 2.500
v -17.720 30.271 4.226
v -18.535 30.230 4.549
v -20.216 30.214 3.976
v -20.735 30.145 4.617
v -22.525 30.170 3.935
v -17.997 30.333 -4.593
v -17.604 30.534 -3.193
v -17.477 30.729 -2.003
v -17.627 30.643 -1.067
v -17.504 30.509 0.163
v -17.851 30.301 0.927
v -18.089 30.256 1.816
v -17.858 30.249 3.203
v -17.600 30.186 4.627
v -17.861 30.144 5.537
v -18.830 30.094 5.722
v -21.021 30.120 4.635
v -16.764 30.447 -4.248
v -16.745 30.536 -3.183
v -16.724 30.447 -2.104
v -16.868 30.403 -1.164
v -17.106 30.333 -0.295
v -17.600 30.202 0.315
v -17.730 30.177 1.303
v -17.538 30.179 2.644
v -17.137 30.089 4.214
v -17.810 30.013 4.696
v -17.817 29.965 5.890
v -19.635 29.931 5.200
v -15.832 30.357 -4.173
v -15.775 30.338 -3.068
v -16.036 30.246 -2.254
v -16.143 30.303 -1.284
v -16.488 30.348 -0.531
v -16.993 30.294 0.062
v -16.875 30.270 1.298
v -16.619 30.220 2.708
v -16.846 30.120 3.637
v -16.993 30.030 4.651
v -17.103 29.931 5.736
v -18.072 29.838 5.953
v -14.966 30.153 -4.160
v -14.897 30.081 -3.041
v -15.650 30.113 -2.703
v -15.735 30.320 -1.720
v -15.809 30.511 -0.710
v -16.804 30.537 -0.612
v -16.980 30.503 0.321
v -16.212 30.350 2.244
v -16.017 30.247 3.603
v -16.371 30.157 4.414
v -16.786 29.998 5.167
v -18.262 29.849 4.847
v -14.419 30.163 -4.438
v -14.381 30.181 -3.359
v -14.646 30.259 -2.561
v -14.850 30.428 -1.694
v -14.898 30.580 -0.664
v -15.878 30.610 -0.549
v -16.156 30.583 0.280
v -15.440 30.440 2.156
v -15.222 30.364 3.543
v -16.263 30.310 3.637
v -16.867 30.060 4.193
v -17.362 29.880 4.887
v -13.701 30.181 -4.559
v -14.124 30.342 -3.917
v -14.245 30.483 -2.999
v -14.417 30.582 -2.105
v -14.958 30.653 -1.572
v -14.733 30.667 -0.259
v -15.104 30.642 0.480
v -14.836 30.507 1.897
v -15.079 30.459 2.811
v -16.159 30.454 2.846
v -16.801 30.134 3.377
v -17.010 29.973 4.375
v -12.825 30.113 -4.534
v -13.063 30.339 -3.728
v -13.740 30.453 -3.340
v -13.858 30.683 -2.402
v -13.813 30.847 -1.283
v -14.047 30.778 -0.427
v -14.342 30.740 0.385
v -14.007 30.627 1.866
v -14.185 30.401 2.847
v -16.061 30.214 2.068
v -15.981 30.060 3.338
v -15.729 30.031 4.822
v -12.169 30.081 -4.713
v -12.415 30.317 -3.920
v -13.051 30.394 -3.496
v -13.171 30.702 -2.566
v -12.928 30.928 -1.247
v -13.790 30.805 -1.027
v -14.064 30.762 -0.201
v -13.960 30.674 1.044
v -14.559 30.343 1.592
v -15.440 30.043 1.835
v -15.869 30.002 2.573
v -16.315 30.046 3.323
v -10.980 29.908 -4.616
v -11.307 30.163 -3.675
v -12.066 30.482 -3.359
v -12.151 30.665 -2.394
v -12.116 30.798 -1.289
v -13.168 30.776 -1.256
v -13.929 30.731 -0.919
v -13.244 30.546 0.917
v -13.689 30.244 1.628
v -14.138 29.967 2.320
v -15.114 29.999 2.489
v -12.571 30.064 3.933
v -10.033 29.778 -4.529
v -10.673 29.961 -3.873
v -11.243 30.316 -3.377
v -11.328 30.451 -2.417
v -11.255 30.569 -1.281
v -12.670 30.605 -1.602
v -12.869 30.565 -0.701
v -11.571 30.363 1.764
v -13.092 30.100 1.364
v -14.203 29.839 1.375
v -13.146 29.897 1.541
v -11.446 29.990 4.226
v -8.778 29.777 -4.163
v -9.913 29.805 -3.954
v -10.347 29.988 -3.337
v -10.352 30.185 -2.295
v -10.187 30.380 -1.062
v -10.850 30.418 -0.628
v -10.604 30.385 0.735
v -10.549 30.218 1.937
v -11.856 29.992 1.745
v -13.408 29.750 1.307
v -13.161 29.712 2.750
v -9.800 29.819 5.080
v -8.332 29.852 -4.310
v -8.790 29.833 -3.697
v -9.332 29.916 -3.172
v -9.604 30.080 -2.384
v -9.520 30.253 -1.230
v -9.741 30.321 -0.357
v -9.415 30.299 1.089
v -9.772 30.129 1.876
v -10.893 29.872 1.871
v -11.062 29.597 2.863
v -10.295 29.532 4.856
v -10.072 29.616 6.335
v -7.284 30.138 -4.133
v -7.361 30.132 -3.149
v -7.131 30.055 -2.297
v -7.820 30.105 -2.025
v -8.731 30.196 -1.277
v -8.908 30.422 -0.361
v -9.092 30.440 0.569
v -7.982 30.228 2.849
v -8.585 29.830 3.388
v -9.059 29.439 4.072
v -7.817 29.365 6.576
v -6.896 29.339 8.771
v -6.468 30.290 -4.161
v -6.813 30.281 -3.429
v -6.894 30.148 -2.455
v -6.645 30.238 -1.706
v -7.035 30.370 -1.154
v -7.355 30.509 -0.563
v -8.789 30.505 0.021
v -8.185 30.267 1.782
v -7.172 29.811 3.988
v -6.459 29.411 5.916
v -5.546 29.269 8.083
v -5.952 29.117 8.894
v -5.489 30.363 -4.051
v -5.600 30.317 -3.096
v -5.863 30.102 -2.285
v -6.693 30.331 -2.015
v -6.739 30.579 -0.971
v -6.972 30.494 -0.119
v -7.190 30.447 0.780
v -6.929 30.264 2.197
v -5.922 29.839 4.395
v -5.397 29.503 6.129
v -4.543 29.319 8.261
v -5.708 29.084 8.260
v -4.674 30.265 -4.291
v -4.871 30.291 -3.210
v -4.746 30.254 -2.025
v -4.868 30.363 -1.061
v -4.482 30.483 0.427
v -5.209 30.394 0.808
v -5.346 30.341 1.800
v -5.033 30.139 3.279
v -4.171 29.773 5.340
v -3.698 29.491 7.027
v -4.299 29.312 7.627
v -5.033 29.125 8.061
v -3.527 30.157 -4.031
v -3.796 30.313 -3.009
v -3.579 30.524 -1.734
v -3.570 30.447 -0.628
v -3.181 30.345 0.870
v -3.146 30.213 2.035
v -3.383 30.153 2.939
v -3.514 29.964 3.964
v -3.545 29.723 5.105
v -4.236 29.539 5.580
v -3.987 29.421 7.053
v -4.350 29.369 7.876
v -2.795 30.267 -3.932
v -3.020 30.461 -3.078
v -3.172 30.559 -2.157
v -3.098 30.546 -1.002
v -2.607 30.443 0.583
v -2.356 30.220 1.959
v -2.559 30.146 2.902
v -2.671 29.993 3.945
v -2.896 29.850 4.887
v -3.471 29.731 5.484
v -4.109 29.664 6.027
v -4.633 29.753 6.694
v -2.022 30.404 -4.003
v -2.133 30.590 -3.049
v -2.545 30.581 -2.375
v -2.775 30.618 -1.524
v -2.570 30.541 -0.231
v -2.231 30.288 1.215
v -2.354 30.207 2.228
v -2.639 30.068 3.088
v -2.770 29.985 4.125
v -3.490 29.920 4.578
v -3.432 29.892 5.827
v -4.649 30.063 5.774
v -1.281 30.505 -4.104
v -1.426 30.642 -3.182
v -1.584 30.645 -2.268
v -1.821 30.497 -1.424
v -1.841 30.328 -0.354
v -1.747 30.371 0.844
v -1.593 30.353 2.129
v -1.293 30.183 3.591
v -2.065 30.062 3.979
v -1.872 29.962 5.366
v -2.353 30.143 6.069
v -3.485 30.383 6.102
v -0.732 30.527 -4.377
v -0.894 30.525 -3.479
v -0.699 30.473 -2.235
v -0.918 30.293 -1.375
v -1.453 30.198 -0.815
v -1.590 30.462 0.148
v -1.477 30.488 1.381
v -1.352 30.309 2.652
v -1.612 30.193 3.552
v -2.026 30.105 4.315
v -1.843 30.349 5.708
v -3.694 30.592 4.981
v 0.036 30.398 -4.451
v -0.353 30.225 -3.768
v -0.523 30.153 -2.887
v -0.751 30.111 -2.050
v -1.018 30.214 -1.242
v -1.368 30.577 -0.489
v -1.568 30.615 0.419
v -0.964 30.428 2.169
v -0.806 30.392 3.498
v -1.767 30.395 3.696
v -1.967 30.397 4.694
v -3.266 30.538 4.531
v 0.971 30.387 -4.376
v 0.414 30.185 -3.845
v 0.194 30.088 -3.015
v -0.018 30.112 -2.166
v -0.314 30.279 -1.387
v -0.480 30.609 -0.453
v -0.726 30.633 0.409
v -0.057 30.436 2.222
v -0.210 30.416 3.232
v -0.986 30.439 3.626
v -0.848 30.393 4.973
v -2.323 30.499 4.629
v 2.070 30.487 -4.358
v 1.941 30.308 -3.525
v 1.563 30.123 -2.520
v 1.198 30.291 -1.809
v 0.923 30.550 -0.996
v 0.924 30.677 0.106
v 1.092 30.639 1.398
v 0.704 30.405 2.138
v 0.418 30.365 3.003
v 0.093 30.377 3.853
v 0.682 30.366 5.680
v -0.576 30.398 5.589
v 2.777 30.583 -4.485
v 3.111 30.471 -3.229
v 2.988 30.326 -2.399
v 2.974 30.445 -1.472
v 1.934 30.636 -0.841
v 1.707 30.808 0.030
v 1.765 30.771 1.207
v 1.991 30.470 2.576
v 1.516 30.428 3.263
v 1.676 30.450 4.606
v 1.853 30.359 6.002
v 1.095 30.288 6.437
v 3.573 30.699 -4.539
v 4.105 30.667 -3.098
v 3.706 30.581 -2.528
v 4.013 30.539 -1.296
v 3.206 30.580 -0.430
v 2.522 30.949 -0.012
v 2.271 30.941 0.852
v 2.795 30.540 2.530
v 2.652 30.550 3.561
v 2.866 30.642 4.959
v 2.682 30.460 5.979
v 5.064 30.311 7.282
v 4.494 30.477 -4.479
v 4.755 30.453 -3.288
v 4.882 30.431 -2.213
v 4.716 30.547 -1.433
v 4.017 30.715 -0.467
v 3.518 30.951 0.142
v 3.471 30.930 1.216
v 3.554 30.625 2.443
v 3.797 30.612 3.863
v 3.096 30.652 4.320
v 3.362 30.431 5.800
v 3.061 30.257 6.706
v 4.991 30.197 -4.588
v 4.683 30.124 -3.838
v 4.518 30.137 -2.951
v 5.102 30.453 -1.316
v 5.454 30.779 0.120
v 5.206 30.811 0.983
v 4.637 30.775 1.540
v 4.541 30.648 2.591
v 4.234 30.657 3.430
v 3.766 30.658 4.124
v 4.266 30.429 5.852
v 4.317 30.278 7.121
v 5.688 30.170 -4.725
v 5.333 30.066 -4.023
v 5.191 30.027 -3.116
v 5.269 30.331 -1.983
v 5.743 30.654 -0.434
v 5.585 30.808 0.524
v 5.421 30.808 1.486
v 5.482 30.718 2.693
v 5.051 30.772 3.406
v 4.325 30.768 3.830
v 4.864 30.575 5.590
v 5.301 30.491 7.263
v 6.765 30.185 -4.523
v 6.328 30.076 -3.885
v 6.172 30.007 -2.994
v 6.288 30.283 -1.818
v 6.789 30.587 -0.238
v 6.692 30.827 0.782
v 6.668 30.851 1.890
v 6.432 30.771 2.787
v 6.290 30.835 3.813
v 6.123 30.824 4.817
v 5.839 30.655 5.727
v 6.236 30.605 7.356
v 7.663 30.134 -4.478
v 7.170 30.069 -3.890
v 6.937 30.210 -3.070
v 7.229 30.430 -1.729
v 7.096 30.660 -0.774
v 7.554 30.730 0.790
v 7.613 30.731 1.977
v 7.764 30.712 3.275
v 6.760 30.656 3.414
v 6.007 30.544 3.815
v 6.914 30.391 5.962
v 8.054 30.410 8.385
v 8.432 30.181 -4.548
v 8.253 30.151 -3.676
v 7.895 30.358 -2.971
v 8.034 30.490 -1.773
v 7.970 30.607 -0.756
v 7.871 30.573 0.235
v 7.975 30.554 1.462
v 7.869 30.518 2.508
v 6.995 30.400 2.776
v 5.735 30.282 2.646
v 6.694 30.203 4.838
v 8.092 30.327 7.522
v 9.169 30.278 -4.642
v 9.287 30.204 -3.504
v 8.846 30.217 -2.874
v 8.816 30.265 -1.846
v 8.631 30.301 -0.963
v 7.461 30.453 -1.032
v 7.484 30.444 0.098
v 7.412 30.221 1.164
v 7.619 30.193 2.535
v 7.042 30.239 3.110
v 7.220 30.209 4.498
v 8.223 30.416 6.771
v 10.199 30.299 -4.482
v 10.101 30.152 -3.537
v 9.602 30.051 -2.965
v 9.466 30.025 -2.046
v 8.779 30.001 -1.663
v 7.819 30.140 -1.532
v 7.493 30.132 -0.760
v 7.666 29.927 0.548
v 8.379 29.991 2.433
v 8.818 30.151 4.063
v 9.768 30.193 6.263
v 10.071 30.465 7.826
v 10.711 30.203 -4.786
v 10.617 29.982 -3.852
v 10.048 29.833 -3.357
v 9.919 29.798 -2.441
v 9.518 29.801 -1.768
v 8.658 29.781 -1.546
v 8.783 29.764 -0.314
v 8.900 29.730 0.934
v 9.057 29.886 2.246
v 9.374 30.112 3.773
v 9.842 30.171 5.473
v 9.371 30.435 6.198
v 11.567 30.127 -4.787
v 11.245 29.834 -4.062
v 10.726 29.533 -3.526
v 10.550 29.446 -2.663
v 10.367 29.461 -1.785
v 9.461 29.521 -1.599
v 9.270 29.544 -0.688
v 8.994 29.624 0.158
v 9.967 29.904 2.313
v 10.820 30.225 4.388
v 11.334 30.348 6.134
v 10.224 30.554 6.181
v 12.475 30.221 -4.740
v 12.018 29.865 -4.136
v 11.239 29.316 -3.853
v 11.270 29.151 -2.790
v 10.892 29.142 -2.113
v 10.501 29.384 -1.423
v 10.097 29.470 -0.729
v 9.504 29.628 -0.202
v 10.263 29.984 1.734
v 11.286 30.363 3.988
v 11.484 30.635 5.396
v 10.143 30.794 5.187
v 13.609 30.142 -4.487
v 13.391 29.881 -3.650
v 12.805 29.522 -3.171
v 12.279 29.365 -2.638
v 11.331 29.337 -2.514
v 11.282 29.465 -1.486
v 11.093 29.503 -0.576
v 11.182 29.587 0.642
v 11.561 29.926 2.195
v 12.543 30.295 4.410
v 11.969 30.491 5.020
v 11.758 30.646 5.988
v 14.168 30.040 -4.956
v 14.302 29.988 -3.596
v 14.059 29.958 -2.787
v 13.522 29.810 -2.255
v 12.694 29.727 -1.999
v 12.264 29.656 -1.341
v 11.706 29.612 -0.801
v 12.594 29.567 1.226
v 13.354 29.851 3.172
v 13.253 30.180 4.279
v 13.510 30.242 5.741
v 12.826 30.374 6.237
v 15.138 30.099 -4.855
v 15.533 30.142 -3.554
v 15.580 30.075 -2.573
v 15.383 29.991 -1.832
v 14.338 29.914 -1.941
v 13.314 29.791 -2.060
v 13.405 29.754 -1.063
v 14.561 29.743 1.026
v 15.616 29.915 3.047
v 15.388 30.132 3.769
v 15.745 30.171 5.071
v 13.494 30.260 6.026
v 16.063 30.156 -4.795
v 16.127 30.230 -3.796
v 16.384 30.115 -2.613
v 16.390 30.103 -1.677
v 14.908 30.071 -2.227
v 14.004 29.945 -2.222
v 14.242 29.922 -1.079
v 14.904 29.945 0.511
v 15.398 30.026 1.948
v 15.862 30.145 3.369
v 16.087 30.162 4.542
v 15.681 30.211 5.013
v 16.764 30.153 -4.932
v 16.818 30.336 -3.949
v 17.127 30.484 -2.717
v 17.427 30.262 -1.497
v 16.523 30.073 -1.466
v 15.259 30.081 -1.822
v 15.272 30.100 -0.903
v 15.912 30.146 0.665
v 15.920 30.149 1.603
v 16.237 30.192 2.865
v 16.620 30.334 4.204
v 16.225 30.325 4.695
v 17.165 30.139 -5.334
v 17.545 30.401 -4.067
v 17.589 30.696 -3.096
v 17.910 30.417 -1.855
v 16.958 30.218 -1.873
v 16.516 30.318 -1.411
v 16.236 30.354 -0.782
v 16.943 30.376 0.850
v 16.628 30.319 1.452
v 16.400 30.319 2.148
v 17.776 30.442 4.512
v 16.825 30.325 4.426
v 17.972 30.141 -5.371
v 18.184 30.413 -4.264
v 18.287 30.698 -3.247
v 18.401 30.598 -2.211
v 17.704 30.580 -1.984
v 17.494 30.549 -1.287
v 17.184 30.520 -0.686
v 17.910 30.450 0.972
v 17.520 30.507 1.496
v 17.550 30.655 2.458
v 18.274 30.417 4.141
v 17.277 30.138 4.008
v 18.634 30.156 -5.539
v 18.555 30.397 -4.708
v 18.458 30.611 -3.895
v 18.878 30.587 -2.577
v 18.625 30.642 -1.921
v 18.667 30.569 -0.967
v 18.571 30.533 -0.150
v 18.789 30.483 0.994
v 18.084 30.543 1.198
v 18.006 30.691 2.045
v 18.430 30.427 3.413
v 18.361 30.155 4.243
f 1 3 2
f 1 4 3
f 2 6 5
f 2 3 6
f 5 8 7
f 5 6 8
f 7 10 9
f 7 8 10
f 9 12 11
f 9 10 12
f 11 14 13
f 11 12 14
f 13 16 15
f 13 14 16
f 15 18 17
f 15 16 18
f 17 20 19
f 17 18 20
f 19 22 21
f 19 20 22
f 21 24 23
f 21 22 24
f 23 26 25
f 23 24 26
f 25 28 27
f 25 26 28
f 27 30 29
f 27 28 30
f 29 32 31
f 29 30 32
f 31 34 33
f 31 32 34
f 33 36 35
f 33 34 36
f 35 38 37
f 35 36 38
f 37 40 39
f 37 38 40
f 39 42 41
f 39 40 42
f 41 44 43
f 41 42 44
f 43 46 45
f 43 44 46
f 45 48 47
f 45 46 48
f 47 50 49
f 47 48 50
f 49 52 51
f 49 50 52
f 51 54 53
f 51 52 54
f 53 56 55
f 53 54 56
f 55 58 57
f 55 56 58
f 57 60 59
f 57 58 60
f 59 62 61
f 59 60 62
f 61 64 63
f 61 62 64
f 63 66 65
f 63 64 66
f 65 68 67
f 65 66 68
f 67 70 69
f 67 68 70
f 69 72 71
f 69 70 72
f 71 74 73
f 71 72 74
f 73 76 75
f 73 74 76
f 75 78 77
f 75 76 78
f 77 80 79
f 77 78 80
f 79 82 81
f 79 80 82
f 81 84 83
f 81 82 84
f 83 86 85
f 83 84 86
f 85 88 87
f 85 86 88
f 87 90 89
f 87 88 90
f 89 92 91
f 89 90 92
f 91 94 93
f 91 92 94
f 93 96 95
f 93 94 96
f 4 97 3
f 4 98 97
f 3 99 6
f 3 97 99
f 6 100 8
f 6 99 100
f 8 101 10
f 8 100 101
f 10 102 12
f 10 101 102
f 12 103 14
f 12 102 103
f 14 104 16
f 14 103 104
f 16 105 18
f 16 104 105
f 18 106 20
f 18 105 106
f 20 107 22
f 20 106 107
f 22 108 24
f 22 107 108
f 24 109 26
f 24 108 109
f 26 110 28
f 26 109 110
f 28 111 30
f 28 110 111
f 30 112 32
f 30 111 112
f 32 113 34
f 32 112 113
f 34 114 36
f 34 113 114
f 36 115 38
f 36 114 115
f 38 116 40
f 38 115 116
f 40 117 42
f 40 116 117
f 42 118 44
f 42 117 118
f 44 119 46
f 44 118 119
f 46 120 48
f 46 119 120
f 48 121 50
f 48 120 121
f 50 122 52
f 50 121 122
f 52 123 54
f 52 122 123
f 54 124 56
f 54 123 124
f 56 125 58
f 56 124 125
f 58 126 60
f 58 125 126
f 60 127 62
f 60 126 127
f 62 128 64
f 62 127 128
f 64 129 66
f 64 128 129
f 66 130 68
f 66 129 130
f 68 131 70
f 68 130 131
f 70 132 72
f 70 131 132
f 72 133 74
f 72 132 133
f 74 134 76
f 74 133 134
f 76 135 78
f 76 134 135
f 78 136 80
f 78 135 136
f 80 137 82
f 80 136 137
f 82 138 84
f 82 137 138
f 84 139 86
f 84 138 139
f 86 140 88
f 86 139 140
f 88 141 90
f 88 140 141
f 90 142 92
f 90 141 142
f 92 143 94
f 92 142 143
f 94 144 96
f 94 143 144
f 98 145 97
f 98 146 145
f 97 147 99
f 97 145 147
f 99 148 100
f 99 147 148
f 100 149 101
f 100 148 149
f 101 150 102
f 101 149 150
f 102 151 103
f 102 150 151
f 103 152 104
f 103 151 152
f 104 153 105
f 104 152 153
f 105 154 106
f 105 153 154
f 106 155 107
f 106 154 155
f 107 156 108
f 107 155 156
f 108 157 109
f 108 156 157
f 109 158 110
f 109 157 158
f 110 159 111
f 110 158 159
f 111 160 112
f 111 159 160
f 112 161 113
f 112 160 161
f 113 162 114
f 113 161 162
f 114 163 115
f 114 162 163
f 115 164 116
f 115 163 164
f 116 165 117
f 116 164 165
f 117 166 118
f 117 165 166
f 118 167 119
f 118 166 167
f 119 168 120
f 119 167 168
f 120 169 121
f 120 168 169
f 121 170 122
f 121 169 170
f 122 171 123
f 122 170 171
f 123 172 124
f 123 171 172
f 124 173 125
f 124 172 173
f 125 174 126
f 125 173 174
f 126 175 127
f 126 174 175
f 127 176 128
f 127 175 176
f 128 177 129
f 128 176 177
f 129 178 130
f 129 177 178
f 130 179 131
f 130 178 179
f 131 180 132
f 131 179 180
f 132 181 133
f 132 180 181
f 133 182 134
f 133 181 182
f 134 183 135
f 134 182 183
f 135 184 136
f 135 183 184
f 136 185 137
f 136 184 185
f 137 186 138
f 137 185 186
f 138 187 139
f 138 186 187
f 139 188 140
f 139 187 188
f 140 189 141
f 140 188 189
f 141 190 142
f 141 189 190
f 142 191 143
f 142 190 191
f 143 192 144
f 143 191 192
f 146 193 145
f 146 194 193
f 145 195 147
f 145 193 195
f 147 196 148
f 147 195 196
f 148 197 149
f 148 196 197
f 149 198 150
f 149 197 198
f 150 199 151
f 150 198 199
f 151 200 152
f 151 199 200
f 152 201 153
f 152 200 201
f 153 202 154
f 153 201 202
f 154 203 155
f 154 202 203
f 155 204 156
f 155 203 204
f 156 205 157
f 156 204 205
f 157 206 158
f 157 205 206
f 158 207 159
f 158 206 207
f 159 208 160
f 159 207 208
f 160 209 161
f 160 208 209
f 161 210 162
f 161 209 210
f 162 211 163
f 162 210 211
f 163 212 164
f 163 211 212
f 164 213 165
f 164 212 213
f 165 214 166
f 165 213 214
f 166 215 167
f 166 214 215
f 167 216 168
f 167 215 216
f 168 217 169
f 168 216 217
f 169 218 170
f 169 217 218
f 170 219 171
f 170 218 219
f 171 220 172
f 171 219 220
f 172 221 173
f 172 220 221
f 173 222 174
f 173 221 222
f 174 223 175
f 174 222 223
f 175 224 176
f 175 223 224
f 176 225 177
f 176 224 225
f 177 226 178
f 177 225 226
f 178 227 179
f 178 226 227
f 179 228 180
f 179 227 228
f 180 229 181
f 180 228 229
f 181 230 182
f 181 229 230
f 182 231 183
f 182 230 231
f 183 232 184
f 183 231 232
f 184 233 185
f 184 232 233
f 185 234 186
f 185 233 234
f 186 235 187
f 186 234 235
f 187 236 188
f 187 235 236
f 188 237 189
f 188 236 237
f 189 238 190
f 189 237 238
f 190 239 191
f 190 238 239
f 191 240 192
f 191 239 240
f 194 241 193
f 194 242 241
f 193 243 195
f 193 241 243
f 195 244 196
f 195 243 244
f 196 245 197
f 196 244 245
f 197 246 198
f 197 245 246
f 198 247 199
f 198 246 247
f 199 248 200
f 199 247 248
f 200 249 201
f 200 248 249
f 201 250 202
f 201 249 250
f 202 251 203
f 202 250 251
f 203 252 204
f 203 251 252
f 204 253 205
f 204 252 253
f 205 254 206
f 205 253 254
f 206 255 207
f 206 254 255
f 207 256 208
f 207 255 256
f 208 257 209
f 208 256 257
f 209 258 210
f 209 257 258
f 210 259 211
f 210 258 259
f 211 260 212
f 211 259 260
f 212 261 213
f 212 260 261
f 213 262 214
f 213 261 262
f 214 263 215
f 214 262 263
f 215 264 216
f 215 263 264
f 216 265 217
f 216 264 265
f 217 266 218
f 217 265 266
f 218 267 219
f 218 266 267
f 219 268 220
f 219 267 268
f 220 269 221
f 220 268 269
f 221 270 222
f 221 269 270
f 222 271 223
f 222 270 271
f 223 272 224
f 223 271 272
f 224 273 225
f 224 272 273
f 225 274 226
f 225 273 274
f 226 275 227
f 226 274 275
f 227 276 228
f 227 275 276
f 228 277 229
f 228 276 277
f 229 278 230
f 229 277 278
f 230 279 231
f 230 278 279
f 231 280 232
f 231 279 280
f 232 281 233
f 232 280 281
f 233 282 234
f 233 281 282
f 234 283 235
f 234 282 283
f 235 284 236
f 235 283 284
f 236 285 237
f 236 284 285
f 237 286 238
f 237 285 286
f 238 287 239
f 238 286 287
f 239 288 240
f 239 287 288
f 242 289 241
f 242 290 289
f 241 291 243
f 241 289 291
f 243 292 244
f 243 291 292
f 244 293 245
f 244 292 293
f 245 294 246
f 245 293 294
f 246 295 247
f 246 294 295
f 247 296 248
f 247 295 296
f 248 297 249
f 248 296 297
f 249 298 250
f 249 297 298
f 250 299 251
f 250 298 299
f 251 300 252
f 251 299 300
f 252 301 253
f 252 300 301
f 253 302 254
f 253 301 302
f 254 303 255
f 254 302 303
f 255 304 256
f 255 303 304
f 256 305 257
f 256 304 305
f 257 306 258
f 257 305 306
f 258 307 259
f 258 306 307
f 259 308 260
f 259 307 308
f 260 309 261
f 260 308 309
f 261 310 262
f 261 309 310
f 262 311 263
f 262 310 311
f 263 312 264
f 263 311 312
f 264 313 265
f 264 312 313
f 265 314 266
f 265 313 314
f 266 315 267
f 266 314 315
f 267 316 268
f 267 315 316
f 268 317 269
f 268 316 317
f 269 318 270
f 269 317 318
f 270 319 271
f 270 318 319
f 271 320 272
f 271 319 320
f 272 321 273
f 272 320 321
f 273 322 274
f 273 321 322
f 274 323 275
f 274 322 323
f 275 324 276
f 275 323 324
f 276 325 277
f 276 324 325
f 277 326 278
f 277 325 326
f 278 327 279
f 278 326 327
f 279 328 280
f 279 327 328
f 280 329 281
f 280 328 329
f 281 330 282
f 281 329 330
f 282 331 283
f 282 330 331
f 283 332 284
f 283 331 332
f 284 333 285
f 284 332 333
f 285 334 286
f 285 333 334
f 286 335 287
f 286 334 335
f 287 336 288
f 287 335 336
f 290 337 289
f 290 338 337
f 289 339 291
f 289 337 339
f 291 340 292
f 291 339 340
f 292 341 293
f 292 340 341
f 293 342 294
f 293 341 342
f 294 343 295
f 294 342 343
f 295 344 296
f 295 343 344
f 296 345 297
f 296 344 345
f 297 346 298
f 297 345 346
f 298 347 299
f 298 346 347
f 299 348 300
f 299 347 348
f 300 349 301
f 300 348 349
f 301 350 302
f 301 349 350
f 302 351 303
f 302 350 351
f 303 352 304
f 303 351 352
f 304 353 305
f 304 352 353
f 305 354 306
f 305 353 354
f 306 355 307
f 306 354 355
f 307 356 308
f 307 355 356
f 308 357 309
f 308 356 357
f 309 358 310
f 309 357 358
f 310 359 311
f 310 358 359
f 311 360 312
f 311 359 360
f 312 361 313
f 312 360 361
f 313 362 314
f 313 361 362
f 314 363 315
f 314 362 363
f 315 364 316
f 315 363 364
f 316 365 317
f 316 364 365
f 317 366 318
f 317 365 366
f 318 367 319
f 318 366 367
f 319 368 320
f 319 367 368
f 320 369 321
f 320 368 369
f 321 370 322
f 321 369 370
f 322 371 323
f 322 370 371
f 323 372 324
f 323 371 372
f 324 373 325
f 324 372 373
f 325 374 326
f 325 373 374
f 326 375 327
f 326 374 375
f 327 376 328
f 327 375 376
f 328 377 329
f 328 376 377
f 329 378 330
f 329 377 378
f 330 379 331
f 330 378 379
f 331 380 332
f 331 379 380
f 332 381 333
f 332 380 381
f 333 382 334
f 333 381 382
f 334 383 335
f 334 382 383
f 335 384 336
f 335 383 384
f 338 385 337
f 338 386 385
f 337 387 339
f 337 385 387
f 339 388 340
f 339 387 388
f 340 389 341
f 340 388 389
f 341 390 342
f 341 389 390
f 342 391 343
f 342 390 391
f 343 392 344
f 343 391 392
f 344 393 345
f 344 392 393
f 345 394 346
f 345 393 394
f 346 395 347
f 346 394 395
f 347 396 348
f 347 395 396
f 348 397 349
f 348 396 397
f 349 398 350
f 349 397 398
f 350 399 351
f 350 398 399
f 351 400 352
f 351 399 400
f 352 401 353
f 352 400 401
f 353 402 354
f 353 401 402
f 354 403 355
f 354 402 403
f 355 404 356
f 355 403 404
f 356 405 357
f 356 404 405
f 357 406 358
f 357 405 406
f 358 407 359
f 358 406 407
f 359 408 360
f 359 407 408
f 360 409 361
f 360 408 409
f 361 410 362
f 361 409 410
f 362 411 363
f 362 410 411
f 363 412 364
f 363 411 412
f 364 413 365
f 364 412 413
f 365 414 366
f 365 413 414
f 366 415 367
f 366 414 415
f 367 416 368
f 367 415 416
f 368 417 369
f 368 416 417
f 369 418 370
f 369 417 418
f 370 419 371
f 370 418 419
f 371 420 372
f 371 419 420
f 372 421 373
f 372 420 421
f 373 422 374
f 373 421 422
f 374 423 375
f 374 422 423
f 375 424 376
f 375 423 424
f 376 425 377
f 376 424 425
f 377 426 378
f 377 425 426
f 378 427 379
f 378 426 427
f 379 428 380
f 379 427 428
f 380 429 381
f 380 428 429
f 381 430 382
f 381 429 430
f 382 431 383
f 382 430 431
f 383 432 384
f 383 431 432
f 386 433 385
f 386 434 433
f 385 435 387
f 385 433 435
f 387 436 388
f 387 435 436
f 388 437 389
f 388 436 437
f 389 438 390
f 389 437 438
f 390 439 391
f 390 438 439
f 391 440 392
f 391 439 440
f 392 441 393
f 392 440 441
f 393 442 394
f 393 441 442
f 394 443 395
f 394 442 443
f 395 444 396
f 395 443 444
f 396 445 397
f 396 444 445
f 397 446 398
f 397 445 446
f 398 447 399
f 398 446 447
f 399 448 400
f 399 447 448
f 400 449 401
f 400 448 449
f 401 450 402
f 401 449 450
f 402 451 403
f 402 450 451
f 403 452 404
f 403 451 452
f 404 453 405
f 404 452 453
f 405 454 406
f 405 453 454
f 406 455 407
f 406 454 455
f 407 456 408
f 407 455 456
f 408 457 409
f 408 456 457
f 409 458 410
f 409 457 458
f 410 459 411
f 410 458 459
f 411 460 412
f 411 459 460
f 412 461 413
f 412 460 461
f 413 462 414
f 413 461 462
f 414 463 415
f 414 462 463
f 415 464 416
f 415 463 464
f 416 465 417
f 416 464 465
f 417 466 418
f 417 465 466
f 418 467 419
f 418 466 467
f 419 468 420
f 419 467 468
f 420 469 421
f 420 468 469
f 421 470 422
f 421 469 470
f 422 471 423
f 422 470 471
f 423 472 424
f 423 471 472
f 424 473 425
f 424 472 473
f 425 474 426
f 425 473 474
f 426 475 427
f 426 474 475
f 427 476 428
f 427 475 476
f 428 477 429
f 428 476 477
f 429 478 430
f 429 477 478
f 430 479 431
f 430 478 479
f 431 480 432
f 431 479 480
f 434 481 433
f 434 482 481
f 433 483 435
f 433 481 483
f 435 484 436
f 435 483 484
f 436 485 437
f 436 484 485
f 437 486 438
f 437 485 486
f 438 487 439
f 438 486 487
f 439 488 440
f 439 487 488
f 440 489 441
f 440 488 489
f 441 490 442
f 441 489 490
f 442 491 443
f 442 490 491
f 443 492 444
f 443 491 492
f 444 493 445
f 444 492 493
f 445 494 446
f 445 493 494
f 446 495 447
f 446 494 495
f 447 496 448
f 447 495 496
f 448 497 449
f 448 496 497
f 449 498 450
f 449 497 498
f 450 499 451
f 450 498 499
f 451 500 452
f 451 499 500
f 452 501 453
f 452 500 501
f 453 502 454
f 453 501 502
f 454 503 455
f 454 502 503
f 455 504 456
f 455 503 504
f 456 505 457
f 456 504 505
f 457 506 458
f 457 505 506
f 458 507 459
f 458 506 507
f 459 508 460
f 459 507 508
f 460 509 461
f 460 508 509
f 461 510 462
f 461 509 510
f 462 511 463
f 462 510 511
f 463 512 464
f 463 511 512
f 464 513 465
f 464 512 513
f 465 514 466
f 465 513 514
f 466 515 467
f 466 514 515
f 467 516 468
f 467 515 516
f 468 517 469
f 468 516 517
f 469 518 470
f 469 517 518
f 470 519 471
f 470 518 519
f 471 520 472
f 471 519 520
f 472 521 473
f 472 520 521
f 473 522 474
f 473 521 522
f 474 523 475
f 474 522 523
f 475 524 476
f 475 523 524
f 476 525 477
f 476 524 525
f 477 526 478
f 477 525 526
f 478 527 479
f 478 526 527
f 479 528 480
f 479 527 528
f 482 529 481
f 482 530 529
f 481 531 483
f 481 529 531
f 483 532 484
f 483 531 532
f 484 533 485
f 484 532 533
f 485 534 486
f 485 533 534
f 486 535 487
f 486 534 535
f 487 536 488
f 487 535 536
f 488 537 489
f 488 536 537
f 489 538 490
f 489 537 538
f 490 539 491
f 490 538 539
f 491 540 492
f 491 539 540
f 492 541 493
f 492 540 541
f 493 542 494
f 493 541 542
f 494 543 495
f 494 542 543
f 495 544 496
f 495 543 544
f 496 545 497
f 496 544 545
f 497 546 498
f 497 545 546
f 498 547 499
f 498 546 547
f 499 548 500
f 499 547 548
f 500 549 501
f 500 548 549
f 501 550 502
f 501 549 550
f 502 551 503
f 502 550 551
f 503 552 504
f 503 551 552
f 504 553 505
f 504 552 553
f 505 554 506
f 505 553 554
f 506 555 507
f 506 554 555
f 507 556 508
f 507 555 556
f 508 557 509
f 508 556 557
f 509 558 510
f 509 557 558
f 510 559 511
f 510 558 559
f 511 560 512
f 511 559 560
f 512 561 513
f 512 560 561
f 513 562 514
f 513 561 562
f 514 563 515
f 514 562 563
f 515 564 516
f 515 563 564
f 516 565 517
f 516 564 565
f 517 566 518
f 517 565 566
f 518 567 519
f 518 566 567
f 519 568 520
f 519 567 568
f 520 569 521
f 520 568 569
f 521 570 522
f 521 569 570
f 522 571 523
f 522 570 571
f 523 572 524
f 523 571 572
f 524 573 525
f 524 572 573
f 525 574 526
f 525 573 574
f 526 575 527
f 526 574 575
f 527 576 528
f 527 575 576
f 530 577 529
f 530 578 577
f 529 579 531
f 529 577 579
f 531 580 532
f 531 579 580
f 532 581 533
f 532 580 581
f 533 582 534
f 533 581 582
f 534 583 535
f 534 582 583
f 535 584 536
f 535 583 584
f 536 585 537
f 536 584 585
f 537 586 538
f 537 585 586
f 538 587 539
f 538 586 587
f 539 588 540
f 539 587 588
f 540 589 541
f 540 588 589
f 541 590 542
f 541 589 590
f 542 591 543
f 542 590 591
f 543 592 544
f 543 591 592
f 544 593 545
f 544 592 593
f 545 594 546
f 545 593 594
f 546 595 547
f 546 594 595
f 547 596 548
f 547 595 596
f 548 597 549
f 548 596 597
f 549 598 550
f 549 597 598
f 550 599 551
f 550 598 599
f 551 600 552
f 551 599 600
f 552 601 553
f 552 600 601
f 553 602 554
f 553 601 602
f 554 603 555
f 554 602 603
f 555 604 556
f 555 603 604
f 556 605 557
f 556 604 605
f 557 606 558
f 557 605 606
f 558 607 559
f 558 606 607
f 559 608 560
f 559 607 608
f 560 609 561
f 560 608 609
f 561 610 562
f 561 609 610
f 562 611 563
f 562 610 611
f 563 612 564
f 563 611 612
f 564 613 565
f 564 612 613
f 565 614 566
f 565 613 614
f 566 615 567
f 566 614 615
f 567 616 568
f 567 615 616
f 568 617 569
f 568 616 617
f 569 618 570
f 569 617 618
f 570 619 571
f 570 618 619
f 571 620 572
f 571 619 620
f 572 621 573
f 572 620 621
f 573 622 574
f 573 621 622
f 574 623 575
f 574 622 623
f 575 624 576
f 575 623 624
f 578 625 577
f 578 626 625
f 577 627 579
f 577 625 627
f 579 628 580
f 579 627 628
f 580 629 581
f 580 628 629
f 581 630 582
f 581 629 630
f 582 631 583
f 582 630 631
f 583 632 584
f 583 631 632
f 584 633 585
f 584 632 633
f 585 634 586
f 585 633 634
f 586 635 587
f 586 634 635
f 587 636 588
f 587 635 636
f 588 637 589
f 588 636 637
f 589 638 590
f 589 637 638
f 590 639 591
f 590 638 639
f 591 640 592
f 591 639 640
f 592 641 593
f 592 640 641
f 593 642 594
f 593 641 642
f 594 643 595
f 594 642 643
f 595 644 596
f 595 643 644
f 596 645 597
f 596 644 645
f 597 646 598
f 597 645 646
f 598 647 599
f 598 646 647
f 599 648 600
f 599 647 648
f 600 649 601
f 600 648 649
f 601 650 602
f 601 649 650
f 602 651 603
f 602 650 651
f 603 652 604
f 603 651 652
f 604 653 605
f 604 652 653
f 605 654 606
f 605 653 654
f 606 655 607
f 606 654 655
f 607 656 608
f 607 655 656
f 608 657 609
f 608 656 657
f 609 658 610
f 609 657 658
f 610 659 611
f 610 658 659
f 611 660 612
f 611 659 660
f 612 661 613
f 612 660 661
f 613 662 614
f 613 661 662
f 614 663 615
f 614 662 663
f 615 664 616
f 615 663 664
f 616 665 617
f 616 664 665
f 617 666 618
f 617 665 666
f 618 667 619
f 618 666 667
f 619 668 620
f 619 667 668
f 620 669 621
f 620 668 669
f 621 670 622
f 621 669 670
f 622 671 623
f 622 670 671
f 623 672 624
f 623 671 672
f 626 673 625
f 626 674 673
f 625 675 627
f 625 673 675
f 627 676 628
f 627 675 676
f 628 677 629
f 628 676 677
f 629 678 630
f 629 677 678
f 630 679 631
f 630 678 679
f 631 680 632
f 631 679 680
f 632 681 633
f 632 680 681
f 633 682 634
f 633 681 682
f 634 683 635
f 634 682 683
f 635 684 636
f 635 683 684
f 636 685 637
f 636 684 685
f 637 686 638
f 637 685 686
f 638 687 639
f 638 686 687
f 639 688 640
f 639 687 688
f 640 689 641
f 640 688 689
f 641 690 642
f 641 689 690
f 642 691 643
f 642 690 691
f 643 692 644
f 643 691 692
f 644 693 645
f 644 692 693
f 645 694 646
f 645 693 694
f 646 695 647
f 646 694 695
f 647 696 648
f 647 695 696
f 648 697 649
f 648 696 697
f 649 698 650
f 649 697 698
f 650 699 651
f 650 698 699
f 651 700 652
f 651 699 700
f 652 701 653
f 652 700 701
f 653 702 654
f 653 701 702
f 654 703 655
f 654 702 703
f 655 704 656
f 655 703 704
f 656 705 657
f 656 704 705
f 657 706 658
f 657 705 706
f 658 707 659
f 658 706 707
f 659 708 660
f 659 707 708
f 660 709 661
f 660 708 709
f 661 710 662
f 661 709 710
f 662 711 663
f 662 710 711
f 663 712 664
f 663 711 712
f 664 713 665
f 664 712 713
f 665 714 666
f 665 713 714
f 666 715 667
f 666 714 715
f 667 716 668
f 667 715 716
f 668 717 669
f 668 716 717
f 669 718 670
f 669 717 718
f 670 719 671
f 670 718 719
f 671 720 672
f 671 719 720
f 674 721 673
f 674 722 721
f 673 723 675
f 673 721 723
f 675 724 676
f 675 723 724
f 676 725 677
f 676 724 725
f 677 726 678
f 677 725 726
f 678 727 679
f 678 726 727
f 679 728 680
f 679 727 728
f 680 729 681
f 680 728 729
f 681 730 682
f 681 729 730
f 682 731 683
f 682 730 731
f 683 732 684
f 683 731 732
f 684 733 685
f 684 732 733
f 685 734 686
f 685 733 734
f 686 735 687
f 686 734 735
f 687 736 688
f 687 735 736
f 688 737 689
f 688 736 737
f 689 738 690
f 689 737 738
f 690 739 691
f 690 738 739
f 691 740 692
f 691 739 740
f 692 741 693
f 692 740 741
f 693 742 694
f 693 741 742
f 694 743 695
f 694 742 743
f 695 744 696
f 695 743 744
f 696 745 697
f 696 744 745
f 697 746 698
f 697 745 746
f 698 747 699
f 698 746 747
f 699 748 700
f 699 747 748
f 700 749 701
f 700 748 749
f 701 750 702
f 701 749 750
f 702 751 703
f 702 750 751
f 703 752 704
f 703 751 752
f 704 753 705
f 704 752 753
f 705 754 706
f 705 753 754
f 706 755 707
f 706 754 755
f 707 756 708
f 707 755 756
f 708 757 709
f 708 756 757
f 709 758 710
f 709 757 758
f 710 759 711
f 710 758 759
f 711 760 712
f 711 759 760
f 712 761 713
f 712 760 761
f 713 762 714
f 713 761 762
f 714 763 715
f 714 762 763
f 715 764 716
f 715 763 764
f 716 765 717
f 716 764 765
f 717 766 718
f 717 765 766
f 718 767 719
f 718 766 767
f 719 768 720
f 719 767 768
f 722 769 721
f 722 770 769
f 721 771 723
f 721 769 771
f 723 772 724
f 723 771 772
f 724 773 725
f 724 772 773
f 725 774 726
f 725 773 774
f 726 775 727
f 726 774 775
f 727 776 728
f 727 775 776
f 728 777 729
f 728 776 777
f 729 778 730
f 729 777 778
f 730 779 731
f 730 778 779
f 731 780 732
f 731 779 780
f 732 781 733
f 732 780 781
f 733 782 734
f 733 781 782
f 734 783 735
f 734 782 783
f 735 784 736
f 735 783 784
f 736 785 737
f 736 784 785
f 737 786 738
f 737 785 786
f 738 787 739
f 738 786 787
f 739 788 740
f 739 787 788
f 740 789 741
f 740 788 789
f 741 790 742
f 741 789 790
f 742 791 743
f 742 790 791
f 743 792 744
f 743 791 792
f 744 793 745
f 744 792 793
f 745 794 746
f 745 793 794
f 746 795 747
f 746 794 795
f 747 796 748
f 747 795 796
f 748 797 749
f 748 796 797
f 749 798 750
f 749 797 798
f 750 799 751
f 750 798 799
f 751 800 752
f 751 799 800
f 752 801 753
f 752 800 801
f 753 802 754
f 753 801 802
f 754 803 755
f 754 802 803
f 755 804 756
f 755 803 804
f 756 805 757
f 756 804 805
f 757 806 758
f 757 805 806
f 758 807 759
f 758 806 807
f 759 808 760
f 759 807 808
f 760 809 761
f 760 808 809
f 761 810 762
f 761 809 810
f 762 811 763
f 762 810 811
f 763 812 764
f 763 811 812
f 764 813 765
f 764 812 813
f 765 814 766
f 765 813 814
f 766 815 767
f 766 814 815
f 767 816 768
f 767 815 816
f 770 817 769
f 770 818 817
f 769 819 771
f 769 817 819
f 771 820 772
f 771 819 820
f 772 821 773
f 772 820 821
f 773 822 774
f 773 821 822
f 774 823 775
f 774 822 823
f 775 824 776
f 775 823 824
f 776 825 777
f 776 824 825
f 777 826 778
f 777 825 826
f 778 827 779
f 778 826 827
f 779 828 780
f 779 827 828
f 780 829 781
f 780 828 829
f 781 830 782
f 781 829 830
f 782 831 783
f 782 830 831
f 783 832 784
f 783 831 832
f 784 833 785
f 784 832 833
f 785 834 786
f 785 833 834
f 786 835 787
f 786 834 835
f 787 836 788
f 787 835 836
f 788 837 789
f 788 836 837
f 789 838 790
f 789 837 838
f 790 839 791
f 790 838 839
f 791 840 792
f 791 839 840
f 792 841 793
f 792 840 841
f 793 842 794
f 793 841 842
f 794 843 795
f 794 842 843
f 795 844 796
f 795 843 844
f 796 845 797
f 796 844 845
f 797 846 798
f 797 845 846
f 798 847 799
f 798 846 847
f 799 848 800
f 799 847 848
f 800 849 801
f 800 848 849
f 801 850 802
f 801 849 850
f 802 851 803
f 802 850 851
f 803 852 804
f 803 851 852
f 804 853 805
f 804 852 853
f 805 854 806
f 805 853 854
f 806 855 807
f 806 854 855
f 807 856 808
f 807 855 856
f 808 857 809
f 808 856 857
f 809 858 810
f 809 857 858
f 810 859 811
f 810 858 859
f 811 860 812
f 811 859 860
f 812 861 813
f 812 860 861
f 813 862 814
f 813 861 862
f 814 863 815
f 814 862 863
f 815 864 816
f 815 863 864
f 818 865 817
f 818 866 865
f 817 867 819
f 817 865 867
f 819 868 820
f 819 867 868
f 820 869 821
f 820 868 869
f 821 870 822
f 821 869 870
f 822 871 823
f 822 870 871
f 823 872 824
f 823 871 872
f 824 873 825
f 824 872 873
f 825 874 826
f 825 873 874
f 826 875 827
f 826 874 875
f 827 876 828
f 827 875 876
f 828 877 829
f 828 876 877
f 829 878 830
f 829 877 878
f 830 879 831
f 830 878 879
f 831 880 832
f 831 879 880
f 832 881 833
f 832 880 881
f 833 882 834
f 833 881 882
f 834 883 835
f 834 882 883
f 835 884 836
f 835 883 884
f 836 885 837
f 836 884 885
f 837 886 838
f 837 885 886
f 838 887 839
f 838 886 887
f 839 888 840
f 839 887 888
f 840 889 841
f 840 888 889
f 841 890 842
f 841 889 890
f 842 891 843
f 842 890 891
f 843 892 844
f 843 891 892
f 844 893 845
f 844 892 893
f 845 894 846
f 845 893 894
f 846 895 847
f 846 894 895
f 847 896 848
f 847 895 896
f 848 897 849
f 848 896 897
f 849 898 850
f 849 897 898
f 850 899 851
f 850 898 899
f 851 900 852
f 851 899 900
f 852 901 853
f 852 900 901
f 853 902 854
f 853 901 902
f 854 903 855
f 854 902 903
f 855 904 856
f 855 903 904
f 856 905 857
f 856 904 905
f 857 906 858
f 857 905 906
f 858 907 859
f 858 906 907
f 859 908 860
f 859 907 908
f 860 909 861
f 860 908 909
f 861 910 862
f 861 909 910
f 862 911 863
f 862 910 911
f 863 912 864
f 863 911 912
f 866 913 865
f 866 914 913
f 865 915 867
f 865 913 915
f 867 916 868
f 867 915 916
f 868 917 869
f 868 916 917
f 869 918 870
f 869 917 918
f 870 919 871
f 870 918 919
f 871 920 872
f 871 919 920
f 872 921 873
f 872 920 921
f 873 922 874
f 873 921 922
f 874 923 875
f 874 922 923
f 875 924 876
f 875 923 924
f 876 925 877
f 876 924 925
f 877 926 878
f 877 925 926
f 878 927 879
f 878 926 927
f 879 928 880
f 879 927 928
f 880 929 881
f 880 928 929
f 881 930 882
f 881 929 930
f 882 931 883
f 882 930 931
f 883 932 884
f 883 931 932
f 884 933 885
f 884 932 933
f 885 934 886
f 885 933 934
f 886 935 887
f 886 934 935
f 887 936 888
f 887 935 936
f 888 937 889
f 888 936 937
f 889 938 890
f 889 937 938
f 890 939 891
f 890 938 939
f 891 940 892
f 891 939 940
f 892 941 893
f 892 940 941
f 893 942 894
f 893 941 942
f 894 943 895
f 894 942 943
f 895 944 896
f 895 943 944
f 896 945 897
f 896 944 945
f 897 946 898
f 897 945 946
f 898 947 899
f 898 946 947
f 899 948 900
f 899 947 948
f 900 949 901
f 900 948 949
f 901 950 902
f 901 949 950
f 902 951 903
f 902 950 951
f 903 952 904
f 903 951 952
f 904 953 905
f 904 952 953
f 905 954 906
f 905 953 954
f 906 955 907
f 906 954 955
f 907 956 908
f 907 955 956
f 908 957 909
f 908 956 957
f 909 958 910
f 909 957 958
f 910 959 911
f 910 958 959
f 911 960 912
f 911 959 960
f 914 961 913
f 914 962 961
f 913 963 915
f 913 961 963
f 915 964 916
f 915 963 964
f 916 965 917
f 916 964 965
f 917 966 918
f 917 965 966
f 918 967 919
f 918 966 967
f 919 968 920
f 919 967 968
f 920 969 921
f 920 968 969
f 921 970 922
f 921 969 970
f 922 971 923
f 922 970 971
f 923 972 924
f 923 971 972
f 924 973 925
f 924 972 973
f 925 974 926
f 925 973 974
f 926 975 927
f 926 974 975
f 927 976 928
f 927 975 976
f 928 977 929
f 928 976 977
f 929 978 930
f 929 977 978
f 930 979 931
f 930 978 979
f 931 980 932
f 931 979 980
f 932 981 933
f 932 980 981
f 933 982 934
f 933 981 982
f 934 983 935
f 934 982 983
f 935 984 936
f 935 983 984
f 936 985 937
f 936 984 985
f 937 986 938
f 937 985 986
f 938 987 939
f 938 986 987
f 939 988 940
f 939 987 988
f 940 989 941
f 940 988 989
f 941 990 942
f 941 989 990
f 942 991 943
f 942 990 991
f 943 992 944
f 943 991 992
f 944 993 945
f 944 992 993
f 945 994 946
f 945 993 994
f 946 995 947
f 946 994 995
f 947 996 948
f 947 995 996
f 948 997 949
f 948 996 997
f 949 998 950
f 949 997 998
f 950 999 951
f 950 998 999
f 951 1000 952
f 951 999 1000
f 952 1001 953
f 952 1000 1001
f 953 1002 954
f 953 1001 1002
f 954 1003 955
f 954 1002 1003
f 955 1004 956
f 955 1003 1004
f 956 1005 957
f 956 1004 1005
f 957 1006 958
f 957 1005 1006
f 958 1007 959
f 958 1006 1007
f 959 1008 960
f 959 1007 1008
f 962 1009 961
f 962 1010 1009
f 961 1011 963
f 961 1009 1011
f 963 1012 964
f 963 1011 1012
f 964 1013 965
f 964 1012 1013
f 965 1014 966
f 965 1013 1014
f 966 1015 967
f 966 1014 1015
f 967 1016 968
f 967 1015 1016
f 968 1017 969
f 968 1016 1017
f 969 1018 970
f 969 1017 1018
f 970 1019 971
f 970 1018 1019
f 971 1020 972
f 971 1019 1020
f 972 1021 973
f 972 1020 1021
f 973 1022 974
f 973 1021 1022
f 974 1023 975
f 974 1022 1023
f 975 1024 976
f 975 1023 1024
f 976 1025 977
f 976 1024 1025
f 977 1026 978
f 977 1025 1026
f 978 1027 979
f 978 1026 1027
f 979 1028 980
f 979 1027 1028
f 980 1029 981
f 980 1028 1029
f 981 1030 982
f 981 1029 1030
f 982 1031 983
f 982 1030 1031
f 983 1032 984
f 983 1031 1032
f 984 1033 985
f 984 1032 1033
f 985 1034 986
f 985 1033 1034
f 986 1035 987
f 986 1034 1035
f 987 1036 988
f 987 1035 1036
f 988 1037 989
f 988 1036 1037
f 989 1038 990
f 989 1037 1038
f 990 1039 991
f 990 1038 1039
f 991 1040 992
f 991 1039 1040
f 992 1041 993
f 992 1040 1041
f 993 1042 994
f 993 1041 1042
f 994 1043 995
f 994 1042 1043
f 995 1044 996
f 995 1043 1044
f 996 1045 997
f 996 1044 1045
f 997 1046 998
f 997 1045 1046
f 998 1047 999
f 998 1046 1047
f 999 1048 1000
f 999 1047 1048
f 1000 1049 1001
f 1000 1048 1049
f 1001 1050 1002
f 1001 1049 1050
f 1002 1051 1003
f 1002 1050 1051
f 1003 1052 1004
f 1003 1051 1052
f 1004 1053 1005
f 1004 1052 1053
f 1005 1054 1006
f 1005 1053 1054
f 1006 1055 1007
f 1006 1054 1055
f 1007 1056 1008
f 1007 1055 1056
f 1010 1057 1009
f 1010 1058 1057
f 1009 1059 1011
f 1009 1057 1059
f 1011 1060 1012
f 1011 1059 1060
f 1012 1061 1013
f 1012 1060 1061
f 1013 1062 1014
f 1013 1061 1062
f 1014 1063 1015
f 1014 1062 1063
f 1015 1064 1016
f 1015 1063 1064
f 1016 1065 1017
f 1016 1064 1065
f 1017 1066 1018
f 1017 1065 1066
f 1018 1067 1019
f 1018 1066 1067
f 1019 1068 1020
f 1019 1067 1068
f 1020 1069 1021
f 1020 1068 1069
f 1021 1070 1022
f 1021 1069 1070
f 1022 1071 1023
f 1022 1070 1071
f 1023 1072 1024
f 1023 1071 1072
f 1024 1073 1025
f 1024 1072 1073
f 1025 1074 1026
f 1025 1073 1074
f 1026 1075 1027
f 1026 1074 1075
f 1027 1076 1028
f 1027 1075 1076
f 1028 1077 1029
f 1028 1076 1077
f 1029 1078 1030
f 1029 1077 1078
f 1030 1079 1031
f 1030 1078 1079
f 1031 1080 1032
f 1031 1079 1080
f 1032 1081 1033
f 1032 1080 1081
f 1033 1082 1034
f 1033 1081 1082
f 1034 1083 1035
f 1034 1082 1083
f 1035 1084 1036
f 1035 1083 1084
f 1036 1085 1037
f 1036 1084 1085
f 1037 1086 1038
f 1037 1085 1086
f 1038 1087 1039
f 1038 1086 1087
f 1039 1088 1040
f 1039 1087 1088
f 1040 1089 1041
f 1040 1088 1089
f 1041 1090 1042
f 1041 1089 1090
f 1042 1091 1043
f 1042 1090 1091
f 1043 1092 1044
f 1043 1091 1092
f 1044 1093 1045
f 1044 1092 1093
f 1045 1094 1046
f 1045 1093 1094
f 1046 1095 1047
f 1046 1094 1095
f 1047 1096 1048
f 1047 1095 1096
f 1048 1097 1049
f 1048 1096 1097
f 1049 1098 1050
f 1049 1097 1098
f 1050 1099 1051
f 1050 1098 1099
f 1051 1100 1052
f 1051 1099 1100
f 1052 1101 1053
f 1052 1100 1101
f 1053 1102 1054
f 1053 1101 1102
f 1054 1103 1055
f 1054 1102 1103
f 1055 1104 1056
f 1055 1103 1104
f 1058 1105 1057
f 1058 1106 1105
f 1057 1107 1059
f 1057 1105 1107
f 1059 1108 1060
f 1059 1107 1108
f 1060 1109 1061
f 1060 1108 1109
f 1061 1110 1062
f 1061 1109 1110
f 1062 1111 1063
f 1062 1110 1111
f 1063 1112 1064
f 1063 1111 1112
f 1064 1113 1065
f 1064 1112 1113
f 1065 1114 1066
f 1065 1113 1114
f 1066 1115 1067
f 1066 1114 1115
f 1067 1116 1068
f 1067 1115 1116
f 1068 1117 1069
f 1068 1116 1117
f 1069 1118 1070
f 1069 1117 1118
f 1070 1119 1071
f 1070 1118 1119
f 1071 1120 1072
f 1071 1119 1120
f 1072 1121 1073
f 1072 1120 1121
f 1073 1122 1074
f 1073 1121 1122
f 1074 1123 1075
f 1074 1122 1123
f 1075 1124 1076
f 1075 1123 1124
f 1076 1125 1077
f 1076 1124 1125
f 1077 1126 1078
f 1077 1125 1126
f 1078 1127 1079
f 1078 1126 1127
f 1079 1128 1080
f 1079 1127 1128
f 1080 1129 1081
f 1080 1128 1129
f 1081 1130 1082
f 1081 1129 1130
f 1082 1131 1083
f 1082 1130 1131
f 1083 1132 1084
f 1083 1131 1132
f 1084 1133 1085
f 1084 1132 1133
f 1085 1134 1086
f 1085 1133 1134
f 1086 1135 1087
f 1086 1134 1135
f 1087 1136 1088
f 1087 1135 1136
f 1088 1137 1089
f 1088 1136 1137
f 1089 1138 1090
f 1089 1137 1138
f 1090 1139 1091
f 1090 1138 1139
f 1091 1140 1092
f 1091 1139 1140
f 1092 1141 1093
f 1092 1140 1141
f 1093 1142 1094
f 1093 1141 1142
f 1094 1143 1095
f 1094 1142 1143
f 1095 1144 1096
f 1095 1143 1144
f 1096 1145 1097
f 1096 1144 1145
f 1097 1146 1098
f 1097 1145 1146
f 1098 1147 1099
f 1098 1146 1147
f 1099 1148 1100
f 1099 1147 1148
f 1100 1149 1101
f 1100 1148 1149
f 1101 1150 1102
f 1101 1149 1150
f 1102 1151 1103
f 1102 1150 1151
f 1103 1152 1104
f 1103 1151 1152
f 1106 1153 1105
f 1106 1154 1153
f 1105 1155 1107
f 1105 1153 1155
f 1107 1156 1108
f 1107 1155 1156
f 1108 1157 1109
f 1108 1156 1157
f 1109 1158 1110
f 1109 1157 1158
f 1110 1159 1111
f 1110 1158 1159
f 1111 1160 1112
f 1111 1159 1160
f 1112 1161 1113
f 1112 1160 1161
f 1113 1162 1114
f 1113 1161 1162
f 1114 1163 1115
f 1114 1162 1163
f 1115 1164 1116
f 1115 1163 1164
f 1116 1165 1117
f 1116 1164 1165
f 1117 1166 1118
f 1117 1165 1166
f 1118 1167 1119
f 1118 1166 1167
f 1119 1168 1120
f 1119 1167 1168
f 1120 1169 1121
f 1120 1168 1169
f 1121 1170 1122
f 1121 1169 1170
f 1122 1171 1123
f 1122 1170 1171
f 1123 1172 1124
f 1123 1171 1172
f 1124 1173 1125
f 1124 1172 1173
f 1125 1174 1126
f 1125 1173 1174
f 1126 1175 1127
f 1126 1174 1175
f 1127 1176 1128
f 1127 1175 1176
f 1128 1177 1129
f 1128 1176 1177
f 1129 1178 1130
f 1129 1177 1178
f 1130 1179 1131
f 1130 1178 1179
f 1131 1180 1132
f 1131 1179 1180
f 1132 1181 1133
f 1132 1180 1181
f 1133 1182 1134
f 1133 1181 1182
f 1134 1183 1135
f 1134 1182 1183
f 1135 1184 1136
f 1135 1183 1184
f 1136 1185 1137
f 1136 1184 1185
f 1137 1186 1138
f 1137 1185 1186
f 1138 1187 1139
f 1138 1186 1187
f 1139 1188 1140
f 1139 1187 1188
f 1140 1189 1141
f 1140 1188 1189
f 1141 1190 1142
f 1141 1189 1190
f 1142 1191 1143
f 1142 1190 1191
f 1143 1192 1144
f 1143 1191 1192
f 1144 1193 1145
f 1144 1192 1193
f 1145 1194 1146
f 1145 1193 1194
f 1146 1195 1147
f 1146 1194 1195
f 1147 1196 1148
f 1147 1195 1196
f 1148 1197 1149
f 1148 1196 1197
f 1149 1198 1150
f 1149 1197 1198
f 1150 1199 1151
f 1150 1198 1199
f 1151 1200 1152
f 1151 1199 1200
f 1154 1201 1153
f 1154 1202 1201
f 1153 1203 1155
f 1153 1201 1203
f 1155 1204 1156
f 1155 1203 1204
f 1156 1205 1157
f 1156 1204 1205
f 1157 1206 1158
f 1157 1205 1206
f 1158 1207 1159
f 1158 1206 1207
f 1159 1208 1160
f 1159 1207 1208
f 1160 1209 1161
f 1160 1208 1209
f 1161 1210 1162
f 1161 1209 1210
f 1162 1211 1163
f 1162 1210 1211
f 1163 1212 1164
f 1163 1211 1212
f 1164 1213 1165
f 1164 1212 1213
f 1165 1214 1166
f 1165 1213 1214
f 1166 1215 1167
f 1166 1214 1215
f 1167 1216 1168
f 1167 1215 1216
f 1168 1217 1169
f 1168 1216 1217
f 1169 1218 1170
f 1169 1217 1218
f 1170 1219 1171
f 1170 1218 1219
f 1171 1220 1172
f 1171 1219 1220
f 1172 1221 1173
f 1172 1220 1221
f 1173 1222 1174
f 1173 1221 1222
f 1174 1223 1175
f 1174 1222 1223
f 1175 1224 1176
f 1175 1223 1224
f 1176 1225 1177
f 1176 1224 1225
f 1177 1226 1178
f 1177 1225 1226
f 1178 1227 1179
f 1178 1226 1227
f 1179 1228 1180
f 1179 1227 1228
f 1180 1229 1181
f 1180 1228 1229
f 1181 1230 1182
f 1181 1229 1230
f 1182 1231 1183
f 1182 1230 1231
f 1183 1232 1184
f 1183 1231 1232
f 1184 1233 1185
f 1184 1232 1233
f 1185 1234 1186
f 1185 1233 1234
f 1186 1235 1187
f 1186 1234 1235
f 1187 1236 1188
f 1187 1235 1236
f 1188 1237 1189
f 1188 1236 1237
f 1189 1238 1190
f 1189 1237 1238
f 1190 1239 1191
f 1190 1238 1239
f 1191 1240 1192
f 1191 1239 1240
f 1192 1241 1193
f 1192 1240 1241
f 1193 1242 1194
f 1193 1241 1242
f 1194 1243 1195
f 1194 1242 1243
f 1195 1244 1196
f 1195 1243 1244
f 1196 1245 1197
f 1196 1244 1245
f 1197 1246 1198
f 1197 1245 1246
f 1198 1247 1199
f 1198 1246 1247
f 1199 1248 1200
f 1199 1247 1248
f 1202 1249 1201
f 1202 1250 1249
f 1201 1251 1203
f 1201 1249 1251
f 1203 1252 1204
f 1203 1251 1252
f 1204 1253 1205
f 1204 1252 1253
f 1205 1254 1206
f 1205 1253 1254
f 1206 1255 1207
f 1206 1254 1255
f 1207 1256 1208
f 1207 1255 1256
f 1208 1257 1209
f 1208 1256 1257
f 1209 1258 1210
f 1209 1257 1258
f 1210 1259 1211
f 1210 1258 1259
f 1211 1260 1212
f 1211 1259 1260
f 1212 1261 1213
f 1212 1260 1261
f 1213 1262 1214
f 1213 1261 1262
f 1214 1263 1215
f 1214 1262 1263
f 1215 1264 1216
f 1215 1263 1264
f 1216 1265 1217
f 1216 1264 1265
f 1217 1266 1218
f 1217 1265 1266
f 1218 1267 1219
f 1218 1266 1267
f 1219 1268 1220
f 1219 1267 1268
f 1220 1269 1221
f 1220 1268 1269
f 1221 1270 1222
f 1221 1269 1270
f 1222 1271 1223
f 1222 1270 1271
f 1223 1272 1224
f 1223 1271 1272
f 1224 1273 1225
f 1224 1272 1273
f 1225 1274 1226
f 1225 1273 1274
f 1226 1275 1227
f 1226 1274 1275
f 1227 1276 1228
f 1227 1275 1276
f 1228 1277 1229
f 1228 1276 1277
f 1229 1278 1230
f 1229 1277 1278
f 1230 1279 1231
f 1230 1278 1279
f 1231 1280 1232
f 1231 1279 1280
f 1232 1281 1233
f 1232 1280 1281
f 1233 1282 1234
f 1233 1281 1282
f 1234 1283 1235
f 1234 1282 1283
f 1235 1284 1236
f 1235 1283 1284
f 1236 1285 1237
f 1236 1284 1285
f 1237 1286 1238
f 1237 1285 1286
f 1238 1287 1239
f 1238 1286 1287
f 1239 1288 1240
f 1239 1287 1288
f 1240 1289 1241
f 1240 1288 1289
f 1241 1290 1242
f 1241 1289 1290
f 1242 1291 1243
f 1242 1290 1291
f 1243 1292 1244
f 1243 1291 1292
f 1244 1293 1245
f 1244 1292 1293
f 1245 1294 1246
f 1245 1293 1294
f 1246 1295 1247
f 1246 1294 1295
f 1247 1296 1248
f 1247 1295 1296
f 1250 1297 1249
f 1250 1298 1297
f 1249 1299 1251
f 1249 1297 1299
f 1251 1300 1252
f 1251 1299 1300
f 1252 1301 1253
f 1252 1300 1301
f 1253 1302 1254
f 1253 1301 1302
f 1254 1303 1255
f 1254 1302 1303
f 1255 1304 1256
f 1255 1303 1304
f 1256 1305 1257
f 1256 1304 1305
f 1257 1306 1258
f 1257 1305 1306
f 1258 1307 1259
f 1258 1306 1307
f 1259 1308 1260
f 1259 1307 1308
f 1260 1309 1261
f 1260 1308 1309
f 1261 1310 1262
f 1261 1309 1310
f 1262 1311 1263
f 1262 1310 1311
f 1263 1312 1264
f 1263 1311 1312
f 1264 1313 1265
f 1264 1312 1313
f 1265 1314 1266
f 1265 1313 1314
f 1266 1315 1267
f 1266 1314 1315
f 1267 1316 1268
f 1267 1315 1316
f 1268 1317 1269
f 1268 1316 1317
f 1269 1318 1270
f 1269 1317 1318
f 1270 1319 1271
f 1270 1318 1319
f 1271 1320 1272
f 1271 1319 1320
f 1272 1321 1273
f 1272 1320 1321
f 1273 1322 1274
f 1273 1321 1322
f 1274 1323 1275
f 1274 1322 1323
f 1275 1324 1276
f 1275 1323 1324
f 1276 1325 1277
f 1276 1324 1325
f 1277 1326 1278
f 1277 1325 1326
f 1278 1327 1279
f 1278 1326 1327
f 1279 1328 1280
f 1279 1327 1328
f 1280 1329 1281
f 1280 1328 1329
f 1281 1330 1282
f 1281 1329 1330
f 1282 1331 1283
f 1282 1330 1331
f 1283 1332 1284
f 1283 1331 1332
f 1284 1333 1285
f 1284 1332 1333
f 1285 1334 1286
f 1285 1333 1334
f 1286 1335 1287
f 1286 1334 1335
f 1287 1336 1288
f 1287 1335 1336
f 1288 1337 1289
f 1288 1336 1337
f 1289 1338 1290
f 1289 1337 1338
f 1290 1339 1291
f 1290 1338 1339
f 1291 1340 1292
f 1291 1339 1340
f 1292 1341 1293
f 1292 1340 1341
f 1293 1342 1294
f 1293 1341 1342
f 1294 1343 1295
f 1294 1342 1343
f 1295 1344 1296
f 1295 1343 1344
f 1345 1346 1347
f 1345 1347 1348
f 1346 1349 1350
f 1346 1350 1347
f 1349 1351 1352
f 1349 1352 1350
f 1351 1353 1354
f 1351 1354 1352
f 1353 1355 1356
f 1353 1356 1354
f 1355 1357 1358
f 1355 1358 1356
f 1357 1359 1360
f 1357 1360 1358
f 1359 1361 1362
f 1359 1362 1360
f 1361 1363 1364
f 1361 1364 1362
f 1363 1365 1366
f 1363 1366 1364
f 1365 1367 1368
f 1365 1368 1366
f 1367 1369 1370
f 1367 1370 1368
f 1369 1371 1372
f 1369 1372 1370
f 1371 1373 1374
f 1371 1374 1372
f 1373 1375 1376
f 1373 1376 1374
f 1375 1377 1378
f 1375 1378 1376
f 1377 1379 1380
f 1377 1380 1378
f 1379 1381 1382
f 1379 1382 1380
f 1381 1383 1384
f 1381 1384 1382
f 1383 1385 1386
f 1383 1386 1384
f 1385 1387 1388
f 1385 1388 1386
f 1387 1389 1390
f 1387 1390 1388
f 1389 1391 1392
f 1389 1392 1390
f 1391 1393 1394
f 1391 1394 1392
f 1393 1395 1396
f 1393 1396 1394
f 1395 1397 1398
f 1395 1398 1396
f 1397 1399 1400
f 1397 1400 1398
f 1399 1401 1402
f 1399 1402 1400
f 1401 1403 1404
f 1401 1404 1402
f 1403 1405 1406
f 1403 1406 1404
f 1405 1407 1408
f 1405 1408 1406
f 1407 1409 1410
f 1407 1410 1408
f 1409 1411 1412
f 1409 1412 1410
f 1411 1413 1414
f 1411 1414 1412
f 1413 1415 1416
f 1413 1416 1414
f 1415 1417 1418
f 1415 1418 1416
f 1417 1419 1420
f 1417 1420 1418
f 1419 1421 1422
f 1419 1422 1420
f 1421 1423 1424
f 1421 1424 1422
f 1423 1425 1426
f 1423 1426 1424
f 1425 1427 1428
f 1425 1428 1426
f 1427 1429 1430
f 1427 1430 1428
f 1429 1431 1432
f 1429 1432 1430
f 1431 1433 1434
f 1431 1434 1432
f 1433 1435 1436
f 1433 1436 1434
f 1435 1437 1438
f 1435 1438 1436
f 1437 1439 1440
f 1437 1440 1438
f 1348 1347 1441
f 1348 1441 1442
f 1347 1350 1443
f 1347 1443 1441
f 1350 1352 1444
f 1350 1444 1443
f 1352 1354 1445
f 1352 1445 1444
f 1354 1356 1446
f 1354 1446 1445
f 1356 1358 1447
f 1356 1447 1446
f 1358 1360 1448
f 1358 1448 1447
f 1360 1362 1449
f 1360 1449 1448
f 1362 1364 1450
f 1362 1450 1449
f 1364 1366 1451
f 1364 1451 1450
f 1366 1368 1452
f 1366 1452 1451
f 1368 1370 1453
f 1368 1453 1452
f 1370 1372 1454
f 1370 1454 1453
f 1372 1374 1455
f 1372 1455 1454
f 1374 1376 1456
f 1374 1456 1455
f 1376 1378 1457
f 1376 1457 1456
f 1378 1380 1458
f 1378 1458 1457
f 1380 1382 1459
f 1380 1459 1458
f 1382 1384 1460
f 1382 1460 1459
f 1384 1386 1461
f 1384 1461 1460
f 1386 1388 1462
f 1386 1462 1461
f 1388 1390 1463
f 1388 1463 1462
f 1390 1392 1464
f 1390 1464 1463
f 1392 1394 1465
f 1392 1465 1464
f 1394 1396 1466
f 1394 1466 1465
f 1396 1398 1467
f 1396 1467 1466
f 1398 1400 1468
f 1398 1468 1467
f 1400 1402 1469
f 1400 1469 1468
f 1402 1404 1470
f 1402 1470 1469
f 1404 1406 1471
f 1404 1471 1470
f 1406 1408 1472
f 1406 1472 1471
f 1408 1410 1473
f 1408 1473 1472
f 1410 1412 1474
f 1410 1474 1473
f 1412 1414 1475
f 1412 1475 1474
f 1414 1416 1476
f 1414 1476 1475
f 1416 1418 1477
f 1416 1477 1476
f 1418 1420 1478
f 1418 1478 1477
f 1420 1422 1479
f 1420 1479 1478
f 1422 1424 1480
f 1422 1480 1479
f 1424 1426 1481
f 1424 1481 1480
f 1426 1428 1482
f 1426 1482 1481
f 1428 1430 1483
f 1428 1483 1482
f 1430 1432 1484
f 1430 1484 1483
f 1432 1434 1485
f 1432 1485 1484
f 1434 1436 1486
f 1434 1486 1485
f 1436 1438 1487
f 1436 1487 1486
f 1438 1440 1488
f 1438 1488 1487
f 1442 1441 1489
f 1442 1489 1490
f 1441 1443 1491
f 1441 1491 1489
f 1443 1444 1492
f 1443 1492 1491
f 1444 1445 1493
f 1444 1493 1492
f 1445 1446 1494
f 1445 1494 1493
f 1446 1447 1495
f 1446 1495 1494
f 1447 1448 1496
f 1447 1496 1495
f 1448 1449 1497
f 1448 1497 1496
f 1449 1450 1498
f 1449 1498 1497
f 1450 1451 1499
f 1450 1499 1498
f 1451 1452 1500
f 1451 1500 1499
f 1452 1453 1501
f 1452 1501 1500
f 1453 1454 1502
f 1453 1502 1501
f 1454 1455 1503
f 1454 1503 1502
f 1455 1456 1504
f 1455 1504 1503
f 1456 1457 1505
f 1456 1505 1504
f 1457 1458 1506
f 1457 1506 1505
f 1458 1459 1507
f 1458 1507 1506
f 1459 1460 1508
f 1459 1508 1507
f 1460 1461 1509
f 1460 1509 1508
f 1461 1462 1510
f 1461 1510 1509
f 1462 1463 1511
f 1462 1511 1510
f 1463 1464 1512
f 1463 1512 1511
f 1464 1465 1513
f 1464 1513 1512
f 1465 1466 1514
f 1465 1514 1513
f 1466 1467 1515
f 1466 1515 1514
f 1467 1468 1516
f 1467 1516 1515
f 1468 1469 1517
f 1468 1517 1516
f 1469 1470 1518
f 1469 1518 1517
f 1470 1471 1519
f 1470 1519 1518
f 1471 1472 1520
f 1471 1520 1519
f 1472 1473 1521
f 1472 1521 1520
f 1473 1474 1522
f 1473 1522 1521
f 1474 1475 1523
f 1474 1523 1522
f 1475 1476 1524
f 1475 1524 1523
f 1476 1477 1525
f 1476 1525 1524
f 1477 1478 1526
f 1477 1526 1525
f 1478 1479 1527
f 1478 1527 1526
f 1479 1480 1528
f 1479 1528 1527
f 1480 1481 1529
f 1480 1529 1528
f 1481 1482 1530
f 1481 1530 1529
f 1482 1483 1531
f 1482 1531 1530
f 1483 1484 1532
f 1483 1532 1531
f 1484 1485 1533
f 1484 1533 1532
f 1485 1486 1534
f 1485 1534 1533
f 1486 1487 1535
f 1486 1535 1534
f 1487 1488 1536
f 1487 1536 1535
f 1490 1489 1537
f 1490 1537 1538
f 1489 1491 1539
f 1489 1539 1537
f 1491 1492 1540
f 1491 1540 1539
f 1492 1493 1541
f 1492 1541 1540
f 1493 1494 1542
f 1493 1542 1541
f 1494 1495 1543
f 1494 1543 1542
f 1495 1496 1544
f 1495 1544 1543
f 1496 1497 1545
f 1496 1545 1544
f 1497 1498 1546
f 1497 1546 1545
f 1498 1499 1547
f 1498 1547 1546
f 1499 1500 1548
f 1499 1548 1547
f 1500 1501 1549
f 1500 1549 1548
f 1501 1502 1550
f 1501 1550 1549
f 1502 1503 1551
f 1502 1551 1550
f 1503 1504 1552
f 1503 1552 1551
f 1504 1505 1553
f 1504 1553 1552
f 1505 1506 1554
f 1505 1554 1553
f 1506 1507 1555
f 1506 1555 1554
f 1507 1508 1556
f 1507 1556 1555
f 1508 1509 1557
f 1508 1557 1556
f 1509 1510 1558
f 1509 1558 1557
f 1510 1511 1559
f 1510 1559 1558
f 1511 1512 1560
f 1511 1560 1559
f 1512 1513 1561
f 1512 1561 1560
f 1513 1514 1562
f 1513 1562 1561
f 1514 1515 1563
f 1514 1563 1562
f 1515 1516 1564
f 1515 1564 1563
f 1516 1517 1565
f 1516 1565 1564
f 1517 1518 1566
f 1517 1566 1565
f 1518 1519 1567
f 1518 1567 1566
f 1519 1520 1568
f 1519 1568 1567
f 1520 1521 1569
f 1520 1569 1568
f 1521 1522 1570
f 1521 1570 1569
f 1522 1523 1571
f 1522 1571 1570
f 1523 1524 1572
f 1523 1572 1571
f 1524 1525 1573
f 1524 1573 1572
f 1525 1526 1574
f 1525 1574 1573
f 1526 1527 1575
f 1526 1575 1574
f 1527 1528 1576
f 1527 1576 1575
f 1528 1529 1577
f 1528 1577 1576
f 1529 1530 1578
f 1529 1578 1577
f 1530 1531 1579
f 1530 1579 1578
f 1531 1532 1580
f 1531 1580 1579
f 1532 1533 1581
f 1532 1581 1580
f 1533 1534 1582
f 1533 1582 1581
f 1534 1535 1583
f 1534 1583 1582
f 1535 1536 1584
f 1535 1584 1583
f 1538 1537 1585
f 1538 1585 1586
f 1537 1539 1587
f 1537 1587 1585
f 1539 1540 1588
f 1539 1588 1587
f 1540 1541 1589
f 1540 1589 1588
f 1541 1542 1590
f 1541 1590 1589
f 1542 1543 1591
f 1542 1591 1590
f 1543 1544 1592
f 1543 1592 1591
f 1544 1545 1593
f 1544 1593 1592
f 1545 1546 1594
f 1545 1594 1593
f 1546 1547 1595
f 1546 1595 1594
f 1547 1548 1596
f 1547 1596 1595
f 1548 1549 1597
f 1548 1597 1596
f 1549 1550 1598
f 1549 1598 1597
f 1550 1551 1599
f 1550 1599 1598
f 1551 1552 1600
f 1551 1600 1599
f 1552 1553 1601
f 1552 1601 1600
f 1553 1554 1602
f 1553 1602 1601
f 1554 1555 1603
f 1554 1603 1602
f 1555 1556 1604
f 1555 1604 1603
f 1556 1557 1605
f 1556 1605 1604
f 1557 1558 1606
f 1557 1606 1605
f 1558 1559 1607
f 1558 1607 1606
f 1559 1560 1608
f 1559 1608 1607
f 1560 1561 1609
f 1560 1609 1608
f 1561 1562 1610
f 1561 1610 1609
f 1562 1563 1611
f 1562 1611 1610
f 1563 1564 1612
f 1563 1612 1611
f 1564 1565 1613
f 1564 1613 1612
f 1565 1566 1614
f 1565 1614 1613
f 1566 1567 1615
f 1566 1615 1614
f 1567 1568 1616
f 1567 1616 1615
f 1568 1569 1617
f 1568 1617 1616
f 1569 1570 1618
f 1569 1618 1617
f 1570 1571 1619
f 1570 1619 1618
f 1571 1572 1620
f 1571 1620 1619
f 1572 1573 1621
f 1572 1621 1620
f 1573 1574 1622
f 1573 1622 1621
f 1574 1575 1623
f 1574 1623 1622
f 1575 1576 1624
f 1575 1624 1623
f 1576 1577 1625
f 1576 1625 1624
f 1577 1578 1626
f 1577 1626 1625
f 1578 1579 1627
f 1578 1627 1626
f 1579 1580 1628
f 1579 1628 1627
f 1580 1581 1629
f 1580 1629 1628
f 1581 1582 1630
f 1581 1630 1629
f 1582 1583 1631
f 1582 1631 1630
f 1583 1584 1632
f 1583 1632 1631
f 1586 1585 1633
f 1586 1633 1634
f 1585 1587 1635
f 1585 1635 1633
f 1587 1588 1636
f 1587 1636 1635
f 1588 1589 1637
f 1588 1637 1636
f 1589 1590 1638
f 1589 1638 1637
f 1590 1591 1639
f 1590 1639 1638
f 1591 1592 1640
f 1591 1640 1639
f 1592 1593 1641
f 1592 1641 1640
f 1593 1594 1642
f 1593 1642 1641
f 1594 1595 1643
f 1594 1643 1642
f 1595 1596 1644
f 1595 1644 1643
f 1596 1597 1645
f 1596 1645 1644
f 1597 1598 1646
f 1597 1646 1645
f 1598 1599 1647
f 1598 1647 1646
f 1599 1600 1648
f 1599 1648 1647
f 1600 1601 1649
f 1600 1649 1648
f 1601 1602 1650
f 1601 1650 1649
f 1602 1603 1651
f 1602 1651 1650
f 1603 1604 1652
f 1603 1652 1651
f 1604 1605 1653
f 1604 1653 1652
f 1605 1606 1654
f 1605 1654 1653
f 1606 1607 1655
f 1606 1655 1654
f 1607 1608 1656
f 1607 1656 1655
f 1608 1609 1657
f 1608 1657 1656
f 1609 1610 1658
f 1609 1658 1657
f 1610 1611 1659
f 1610 1659 1658
f 1611 1612 1660
f 1611 1660 1659
f 1612 1613 1661
f 1612 1661 1660
f 1613 1614 1662
f 1613 1662 1661
f 1614 1615 1663
f 1614 1663 1662
f 1615 1616 1664
f 1615 1664 1663
f 1616 1617 1665
f 1616 1665 1664
f 1617 1618 1666
f 1617 1666 1665
f 1618 1619 1667
f 1618 1667 1666
f 1619 1620 1668
f 1619 1668 1667
f 1620 1621 1669
f 1620 1669 1668
f 1621 1622 1670
f 1621 1670 1669
f 1622 1623 1671
f 1622 1671 1670
f 1623 1624 1672
f 1623 1672 1671
f 1624 1625 1673
f 1624 1673 1672
f 1625 1626 1674
f 1625 1674 1673
f 1626 1627 1675
f 1626 1675 1674
f 1627 1628 1676
f 1627 1676 1675
f 1628 1629 1677
f 1628 1677 1676
f 1629 1630 1678
f 1629 1678 1677
f 1630 1631 1679
f 1630 1679 1678
f 1631 1632 1680
f 1631 1680 1679
f 1634 1633 1681
f 1634 1681 1682
f 1633 1635 1683
f 1633 1683 1681
f 1635 1636 1684
f 1635 1684 1683
f 1636 1637 1685
f 1636 1685 1684
f 1637 1638 1686
f 1637 1686 1685
f 1638 1639 1687
f 1638 1687 1686
f 1639 1640 1688
f 1639 1688 1687
f 1640 1641 1689
f 1640 1689 1688
f 1641 1642 1690
f 1641 1690 1689
f 1642 1643 1691
f 1642 1691 1690
f 1643 1644 1692
f 1643 1692 1691
f 1644 1645 1693
f 1644 1693 1692
f 1645 1646 1694
f 1645 1694 1693
f 1646 1647 1695
f 1646 1695 1694
f 1647 1648 1696
f 1647 1696 1695
f 1648 1649 1697
f 1648 1697 1696
f 1649 1650 1698
f 1649 1698 1697
f 1650 1651 1699
f 1650 1699 1698
f 1651 1652 1700
f 1651 1700 1699
f 1652 1653 1701
f 1652 1701 1700
f 1653 1654 1702
f 1653 1702 1701
f 1654 1655 1703
f 1654 1703 1702
f 1655 1656 1704
f 1655 1704 1703
f 1656 1657 1705
f 1656 1705 1704
f 1657 1658 1706
f 1657 1706 1705
f 1658 1659 1707
f 1658 1707 1706
f 1659 1660 1708
f 1659 1708 1707
f 1660 1661 1709
f 1660 1709 1708
f 1661 1662 1710
f 1661 1710 1709
f 1662 1663 1711
f 1662 1711 1710
f 1663 1664 1712
f 1663 1712 1711
f 1664 1665 1713
f 1664 1713 1712
f 1665 1666 1714
f 1665 1714 1713
f 1666 1667 1715
f 1666 1715 1714
f 1667 1668 1716
f 1667 1716 1715
f 1668 1669 1717
f 1668 1717 1716
f 1669 1670 1718
f 1669 1718 1717
f 1670 1671 1719
f 1670 1719 1718
f 1671 1672 1720
f 1671 1720 1719
f 1672 1673 1721
f 1672 1721 1720
f 1673 1674 1722
f 1673 1722 1721
f 1674 1675 1723
f 1674 1723 1722
f 1675 1676 1724
f 1675 1724 1723
f 1676 1677 1725
f 1676 1725 1724
f 1677 1678 1726
f 1677 1726 1725
f 1678 1679 1727
f 1678 1727 1726
f 1679 1680 1728
f 1679 1728 1727
f 1682 1681 1729
f 1682 1729 1730
f 1681 1683 1731
f 1681 1731 1729
f 1683 1684 1732
f 1683 1732 1731
f 1684 1685 1733
f 1684 1733 1732
f 1685 1686 1734
f 1685 1734 1733
f 1686 1687 1735
f 1686 1735 1734
f 1687 1688 1736
f 1687 1736 1735
f 1688 1689 1737
f 1688 1737 1736
f 1689 1690 1738
f 1689 1738 1737
f 1690 1691 1739
f 1690 1739 1738
f 1691 1692 1740
f 1691 1740 1739
f 1692 1693 1741
f 1692 1741 1740
f 1693 1694 1742
f 1693 1742 1741
f 1694 1695 1743
f 1694 1743 1742
f 1695 1696 1744
f 1695 1744 1743
f 1696 1697 1745
f 1696 1745 1744
f 1697 1698 1746
f 1697 1746 1745
f 1698 1699 1747
f 1698 1747 1746
f 1699 1700 1748
f 1699 1748 1747
f 1700 1701 1749
f 1700 1749 1748
f 1701 1702 1750
f 1701 1750 1749
f 1702 1703 1751
f 1702 1751 1750
f 1703 1704 1752
f 1703 1752 1751
f 1704 1705 1753
f 1704 1753 1752
f 1705 1706 1754
f 1705 1754 1753
f 1706 1707 1755
f 1706 1755 1754
f 1707 1708 1756
f 1707 1756 1755
f 1708 1709 1757
f 1708 1757 1756
f 1709 1710 1758
f 1709 1758 1757
f 1710 1711 1759
f 1710 1759 1758
f 1711 1712 1760
f 1711 1760 1759
f 1712 1713 1761
f 1712 1761 1760
f 1713 1714 1762
f 1713 1762 1761
f 1714 1715 1763
f 1714 1763 1762
f 1715 1716 1764
f 1715 1764 1763
f 1716 1717 1765
f 1716 1765 1764
f 1717 1718 1766
f 1717 1766 1765
f 1718 1719 1767
f 1718 1767 1766
f 1719 1720 1768
f 1719 1768 1767
f 1720 1721 1769
f 1720 1769 1768
f 1721 1722 1770
f 1721 1770 1769
f 1722 1723 1771
f 1722 1771 1770
f 1723 1724 1772
f 1723 1772 1771
f 1724 1725 1773
f 1724 1773 1772
f 1725 1726 1774
f 1725 1774 1773
f 1726 1727 1775
f 1726 1775 1774
f 1727 1728 1776
f 1727 1776 1775
f 1730 1729 1777
f 1730 1777 1778
f 1729 1731 1779
f 1729 1779 1777
f 1731 1732 1780
f 1731 1780 1779
f 1732 1733 1781
f 1732 1781 1780
f 1733 1734 1782
f 1733 1782 1781
f 1734 1735 1783
f 1734 1783 1782
f 1735 1736 1784
f 1735 1784 1783
f 1736 1737 1785
f 1736 1785 1784
f 1737 1738 1786
f 1737 1786 1785
f 1738 1739 1787
f 1738 1787 1786
f 1739 1740 1788
f 1739 1788 1787
f 1740 1741 1789
f 1740 1789 1788
f 1741 1742 1790
f 1741 1790 1789
f 1742 1743 1791
f 1742 1791 1790
f 1743 1744 1792
f 1743 1792 1791
f 1744 1745 1793
f 1744 1793 1792
f 1745 1746 1794
f 1745 1794 1793
f 1746 1747 1795
f 1746 1795 1794
f 1747 1748 1796
f 1747 1796 1795
f 1748 1749 1797
f 1748 1797 1796
f 1749 1750 1798
f 1749 1798 1797
f 1750 1751 1799
f 1750 1799 1798
f 1751 1752 1800
f 1751 1800 1799
f 1752 1753 1801
f 1752 1801 1800
f 1753 1754 1802
f 1753 1802 1801
f 1754 1755 1803
f 1754 1803 1802
f 1755 1756 1804
f 1755 1804 1803
f 1756 1757 1805
f 1756 1805 1804
f 1757 1758 1806
f 1757 1806 1805
f 1758 1759 1807
f 1758 1807 1806
f 1759 1760 1808
f 1759 1808 1807
f 1760 1761 1809
f 1760 1809 1808
f 1761 1762 1810
f 1761 1810 1809
f 1762 1763 1811
f 1762 1811 1810
f 1763 1764 1812
f 1763 1812 1811
f 1764 1765 1813
f 1764 1813 1812
f 1765 1766 1814
f 1765 1814 1813
f 1766 1767 1815
f 1766 1815 1814
f 1767 1768 1816
f 1767 1816 1815
f 1768 1769 1817
f 1768 1817 1816
f 1769 1770 1818
f 1769 1818 1817
f 1770 1771 1819
f 1770 1819 1818
f 1771 1772 1820
f 1771 1820 1819
f 1772 1773 1821
f 1772 1821 1820
f 1773 1774 1822
f 1773 1822 1821
f 1774 1775 1823
f 1774 1823 1822
f 1775 1776 1824
f 1775 1824 1823
f 1778 1777 1825
f 1778 1825 1826
f 1777 1779 1827
f 1777 1827 1825
f 1779 1780 1828
f 1779 1828 1827
f 1780 1781 1829
f 1780 1829 1828
f 1781 1782 1830
f 1781 1830 1829
f 1782 1783 1831
f 1782 1831 1830
f 1783 1784 1832
f 1783 1832 1831
f 1784 1785 1833
f 1784 1833 1832
f 1785 1786 1834
f 1785 1834 1833
f 1786 1787 1835
f 1786 1835 1834
f 1787 1788 1836
f 1787 1836 1835
f 1788 1789 1837
f 1788 1837 1836
f 1789 1790 1838
f 1789 1838 1837
f 1790 1791 1839
f 1790 1839 1838
f 1791 1792 1840
f 1791 1840 1839
f 1792 1793 1841
f 1792 1841 1840
f 1793 1794 1842
f 1793 1842 1841
f 1794 1795 1843
f 1794 1843 1842
f 1795 1796 1844
f 1795 1844 1843
f 1796 1797 1845
f 1796 1845 1844
f 1797 1798 1846
f 1797 1846 1845
f 1798 1799 1847
f 1798 1847 1846
f 1799 1800 1848
f 1799 1848 1847
f 1800 1801 1849
f 1800 1849 1848
f 1801 1802 1850
f 1801 1850 1849
f 1802 1803 1851
f 1802 1851 1850
f 1803 1804 1852
f 1803 1852 1851
f 1804 1805 1853
f 1804 1853 1852
f 1805 1806 1854
f 1805 1854 1853
f 1806 1807 1855
f 1806 1855 1854
f 1807 1808 1856
f 1807 1856 1855
f 1808 1809 1857
f 1808 1857 1856
f 1809 1810 1858
f 1809 1858 1857
f 1810 1811 1859
f 1810 1859 1858
f 1811 1812 1860
f 1811 1860 1859
f 1812 1813 1861
f 1812 1861 1860
f 1813 1814 1862
f 1813 1862 1861
f 1814 1815 1863
f 1814 1863 1862
f 1815 1816 1864
f 1815 1864 1863
f 1816 1817 1865
f 1816 1865 1864
f 1817 1818 1866
f 1817 1866 1865
f 1818 1819 1867
f 1818 1867 1866
f 1819 1820 1868
f 1819 1868 1867
f 1820 1821 1869
f 1820 1869 1868
f 1821 1822 1870
f 1821 1870 1869
f 1822 1823 1871
f 1822 1871 1870
f 1823 1824 1872
f 1823 1872 1871
f 1826 1825 1873
f 1826 1873 1874
f 1825 1827 1875
f 1825 1875 1873
f 1827 1828 1876
f 1827 1876 1875
f 1828 1829 1877
f 1828 1877 1876
f 1829 1830 1878
f 1829 1878 1877
f 1830 1831 1879
f 1830 1879 1878
f 1831 1832 1880
f 1831 1880 1879
f 1832 1833 1881
f 1832 1881 1880
f 1833 1834 1882
f 1833 1882 1881
f 1834 1835 1883
f 1834 1883 1882
f 1835 1836 1884
f 1835 1884 1883
f 1836 1837 1885
f 1836 1885 1884
f 1837 1838 1886
f 1837 1886 1885
f 1838 1839 1887
f 1838 1887 1886
f 1839 1840 1888
f 1839 1888 1887
f 1840 1841 1889
f 1840 1889 1888
f 1841 1842 1890
f 1841 1890 1889
f 1842 1843 1891
f 1842 1891 1890
f 1843 1844 1892
f 1843 1892 1891
f 1844 1845 1893
f 1844 1893 1892
f 1845 1846 1894
f 1845 1894 1893
f 1846 1847 1895
f 1846 1895 1894
f 1847 1848 1896
f 1847 1896 1895
f 1848 1849 1897
f 1848 1897 1896
f 1849 1850 1898
f 1849 1898 1897
f 1850 1851 1899
f 1850 1899 1898
f 1851 1852 1900
f 1851 1900 1899
f 1852 1853 1901
f 1852 1901 1900
f 1853 1854 1902
f 1853 1902 1901
f 1854 1855 1903
f 1854 1903 1902
f 1855 1856 1904
f 1855 1904 1903
f 1856 1857 1905
f 1856 1905 1904
f 1857 1858 1906
f 1857 1906 1905
f 1858 1859 1907
f 1858 1907 1906
f 1859 1860 1908
f 1859 1908 1907
f 1860 1861 1909
f 1860 1909 1908
f 1861 1862 1910
f 1861 1910 1909
f 1862 1863 1911
f 1862 1911 1910
f 1863 1864 1912
f 1863 1912 1911
f 1864 1865 1913
f 1864 1913 1912
f 1865 1866 1914
f 1865 1914 1913
f 1866 1867 1915
f 1866 1915 1914
f 1867 1868 1916
f 1867 1916 1915
f 1868 1869 1917
f 1868 1917 1916
f 1869 1870 1918
f 1869 1918 1917
f 1870 1871 1919
f 1870 1919 1918
f 1871 1872 1920
f 1871 1920 1919
f 1874 1873 1921
f 1874 1921 1922
f 1873 1875 1923
f 1873 1923 1921
f 1875 1876 1924
f 1875 1924 1923
f 1876 1877 1925
f 1876 1925 1924
f 1877 1878 1926
f 1877 1926 1925
f 1878 1879 1927
f 1878 1927 1926
f 1879 1880 1928
f 1879 1928 1927
f 1880 1881 1929
f 1880 1929 1928
f 1881 1882 1930
f 1881 1930 1929
f 1882 1883 1931
f 1882 1931 1930
f 1883 1884 1932
f 1883 1932 1931
f 1884 1885 1933
f 1884 1933 1932
f 1885 1886 1934
f 1885 1934 1933
f 1886 1887 1935
f 1886 1935 1934
f 1887 1888 1936
f 1887 1936 1935
f 1888 1889 1937
f 1888 1937 1936
f 1889 1890 1938
f 1889 1938 1937
f 1890 1891 1939
f 1890 1939 1938
f 1891 1892 1940
f 1891 1940 1939
f 1892 1893 1941
f 1892 1941 1940
f 1893 1894 1942
f 1893 1942 1941
f 1894 1895 1943
f 1894 1943 1942
f 1895 1896 1944
f 1895 1944 1943
f 1896 1897 1945
f 1896 1945 1944
f 1897 1898 1946
f 1897 1946 1945
f 1898 1899 1947
f 1898 1947 1946
f 1899 1900 1948
f 1899 1948 1947
f 1900 1901 1949
f 1900 1949 1948
f 1901 1902 1950
f 1901 1950 1949
f 1902 1903 1951
f 1902 1951 1950
f 1903 1904 1952
f 1903 1952 1951
f 1904 1905 1953
f 1904 1953 1952
f 1905 1906 1954
f 1905 1954 1953
f 1906 1907 1955
f 1906 1955 1954
f 1907 1908 1956
f 1907 1956 1955
f 1908 1909 1957
f 1908 1957 1956
f 1909 1910 1958
f 1909 1958 1957
f 1910 1911 1959
f 1910 1959 1958
f 1911 1912 1960
f 1911 1960 1959
f 1912 1913 1961
f 1912 1961 1960
f 1913 1914 1962
f 1913 1962 1961
f 1914 1915 1963
f 1914 1963 1962
f 1915 1916 1964
f 1915 1964 1963
f 1916 1917 1965
f 1916 1965 1964
f 1917 1918 1966
f 1917 1966 1965
f 1918 1919 1967
f 1918 1967 1966
f 1919 1920 1968
f 1919 1968 1967
f 1922 1921 1969
f 1922 1969 1970
f 1921 1923 1971
f 1921 1971 1969
f 1923 1924 1972
f 1923 1972 1971
f 1924 1925 1973
f 1924 1973 1972
f 1925 1926 1974
f 1925 1974 1973
f 1926 1927 1975
f 1926 1975 1974
f 1927 1928 1976
f 1927 1976 1975
f 1928 1929 1977
f 1928 1977 1976
f 1929 1930 1978
f 1929 1978 1977
f 1930 1931 1979
f 1930 1979 1978
f 1931 1932 1980
f 1931 1980 1979
f 1932 1933 1981
f 1932 1981 1980
f 1933 1934 1982
f 1933 1982 1981
f 1934 1935 1983
f 1934 1983 1982
f 1935 1936 1984
f 1935 1984 1983
f 1936 1937 1985
f 1936 1985 1984
f 1937 1938 1986
f 1937 1986 1985
f 1938 1939 1987
f 1938 1987 1986
f 1939 1940 1988
f 1939 1988 1987
f 1940 1941 1989
f 1940 1989 1988
f 1941 1942 1990
f 1941 1990 1989
f 1942 1943 1991
f 1942 1991 1990
f 1943 1944 1992
f 1943 1992 1991
f 1944 1945 1993
f 1944 1993 1992
f 1945 1946 1994
f 1945 1994 1993
f 1946 1947 1995
f 1946 1995 1994
f 1947 1948 1996
f 1947 1996 1995
f 1948 1949 1997
f 1948 1997 1996
f 1949 1950 1998
f 1949 1998 1997
f 1950 1951 1999
f 1950 1999 1998
f 1951 1952 2000
f 1951 2000 1999
f 1952 1953 2001
f 1952 2001 2000
f 1953 1954 2002
f 1953 2002 2001
f 1954 1955 2003
f 1954 2003 2002
f 1955 1956 2004
f 1955 2004 2003
f 1956 1957 2005
f 1956 2005 2004
f 1957 1958 2006
f 1957 2006 2005
f 1958 1959 2007
f 1958 2007 2006
f 1959 1960 2008
f 1959 2008 2007
f 1960 1961 2009
f 1960 2009 2008
f 1961 1962 2010
f 1961 2010 2009
f 1962 1963 2011
f 1962 2011 2010
f 1963 1964 2012
f 1963 2012 2011
f 1964 1965 2013
f 1964 2013 2012
f 1965 1966 2014
f 1965 2014 2013
f 1966 1967 2015
f 1966 2015 2014
f 1967 1968 2016
f 1967 2016 2015
f 1970 1969 2017
f 1970 2017 2018
f 1969 1971 2019
f 1969 2019 2017
f 1971 1972 2020
f 1971 2020 2019
f 1972 1973 2021
f 1972 2021 2020
f 1973 1974 2022
f 1973 2022 2021
f 1974 1975 2023
f 1974 2023 2022
f 1975 1976 2024
f 1975 2024 2023
f 1976 1977 2025
f 1976 2025 2024
f 1977 1978 2026
f 1977 2026 2025
f 1978 1979 2027
f 1978 2027 2026
f 1979 1980 2028
f 1979 2028 2027
f 1980 1981 2029
f 1980 2029 2028
f 1981 1982 2030
f 1981 2030 2029
f 1982 1983 2031
f 1982 2031 2030
f 1983 1984 2032
f 1983 2032 2031
f 1984 1985 2033
f 1984 2033 2032
f 1985 1986 2034
f 1985 2034 2033
f 1986 1987 2035
f 1986 2035 2034
f 1987 1988 2036
f 1987 2036 2035
f 1988 1989 2037
f 1988 2037 2036
f 1989 1990 2038
f 1989 2038 2037
f 1990 1991 2039
f 1990 2039 2038
f 1991 1992 2040
f 1991 2040 2039
f 1992 1993 2041
f 1992 2041 2040
f 1993 1994 2042
f 1993 2042 2041
f 1994 1995 2043
f 1994 2043 2042
f 1995 1996 2044
f 1995 2044 2043
f 1996 1997 2045
f 1996 2045 2044
f 1997 1998 2046
f 1997 2046 2045
f 1998 1999 2047
f 1998 2047 2046
f 1999 2000 2048
f 1999 2048 2047
f 2000 2001 2049
f 2000 2049 2048
f 2001 2002 2050
f 2001 2050 2049
f 2002 2003 2051
f 2002 2051 2050
f 2003 2004 2052
f 2003 2052 2051
f 2004 2005 2053
f 2004 2053 2052
f 2005 2006 2054
f 2005 2054 2053
f 2006 2007 2055
f 2006 2055 2054
f 2007 2008 2056
f 2007 2056 2055
f 2008 2009 2057
f 2008 2057 2056
f 2009 2010 2058
f 2009 2058 2057
f 2010 2011 2059
f 2010 2059 2058
f 2011 2012 2060
f 2011 2060 2059
f 2012 2013 2061
f 2012 2061 2060
f 2013 2014 2062
f 2013 2062 2061
f 2014 2015 2063
f 2014 2063 2062
f 2015 2016 2064
f 2015 2064 2063
f 2018 2017 2065
f 2018 2065 2066
f 2017 2019 2067
f 2017 2067 2065
f 2019 2020 2068
f 2019 2068 2067
f 2020 2021 2069
f 2020 2069 2068
f 2021 2022 2070
f 2021 2070 2069
f 2022 2023 2071
f 2022 2071 2070
f 2023 2024 2072
f 2023 2072 2071
f 2024 2025 2073
f 2024 2073 2072
f 2025 2026 2074
f 2025 2074 2073
f 2026 2027 2075
f 2026 2075 2074
f 2027 2028 2076
f 2027 2076 2075
f 2028 2029 2077
f 2028 2077 2076
f 2029 2030 2078
f 2029 2078 2077
f 2030 2031 2079
f 2030 2079 2078
f 2031 2032 2080
f 2031 2080 2079
f 2032 2033 2081
f 2032 2081 2080
f 2033 2034 2082
f 2033 2082 2081
f 2034 2035 2083
f 2034 2083 2082
f 2035 2036 2084
f 2035 2084 2083
f 2036 2037 2085
f 2036 2085 2084
f 2037 2038 2086
f 2037 2086 2085
f 2038 2039 2087
f 2038 2087 2086
f 2039 2040 2088
f 2039 2088 2087
f 2040 2041 2089
f 2040 2089 2088
f 2041 2042 2090
f 2041 2090 2089
f 2042 2043 2091
f 2042 2091 2090
f 2043 2044 2092
f 2043 2092 2091
f 2044 2045 2093
f 2044 2093 2092
f 2045 2046 2094
f 2045 2094 2093
f 2046 2047 2095
f 2046 2095 2094
f 2047 2048 2096
f 2047 2096 2095
f 2048 2049 2097
f 2048 2097 2096
f 2049 2050 2098
f 2049 2098 2097
f 2050 2051 2099
f 2050 2099 2098
f 2051 2052 2100
f 2051 2100 2099
f 2052 2053 2101
f 2052 2101 2100
f 2053 2054 2102
f 2053 2102 2101
f 2054 2055 2103
f 2054 2103 2102
f 2055 2056 2104
f 2055 2104 2103
f 2056 2057 2105
f 2056 2105 2104
f 2057 2058 2106
f 2057 2106 2105
f 2058 2059 2107
f 2058 2107 2106
f 2059 2060 2108
f 2059 2108 2107
f 2060 2061 2109
f 2060 2109 2108
f 2061 2062 2110
f 2061 2110 2109
f 2062 2063 2111
f 2062 2111 2110
f 2063 2064 2112
f 2063 2112 2111
f 2066 2065 2113
f 2066 2113 2114
f 2065 2067 2115
f 2065 2115 2113
f 2067 2068 2116
f 2067 2116 2115
f 2068 2069 2117
f 2068 2117 2116
f 2069 2070 2118
f 2069 2118 2117
f 2070 2071 2119
f 2070 2119 2118
f 2071 2072 2120
f 2071 2120 2119
f 2072 2073 2121
f 2072 2121 2120
f 2073 2074 2122
f 2073 2122 2121
f 2074 2075 2123
f 2074 2123 2122
f 2075 2076 2124
f 2075 2124 2123
f 2076 2077 2125
f 2076 2125 2124
f 2077 2078 2126
f 2077 2126 2125
f 2078 2079 2127
f 2078 2127 2126
f 2079 2080 2128
f 2079 2128 2127
f 2080 2081 2129
f 2080 2129 2128
f 2081 2082 2130
f 2081 2130 2129
f 2082 2083 2131
f 2082 2131 2130
f 2083 2084 2132
f 2083 2132 2131
f 2084 2085 2133
f 2084 2133 2132
f 2085 2086 2134
f 2085 2134 2133
f 2086 2087 2135
f 2086 2135 2134
f 2087 2088 2136
f 2087 2136 2135
f 2088 2089 2137
f 2088 2137 2136
f 2089 2090 2138
f 2089 2138 2137
f 2090 2091 2139
f 2090 2139 2138
f 2091 2092 2140
f 2091 2140 2139
f 2092 2093 2141
f 2092 2141 2140
f 2093 2094 2142
f 2093 2142 2141
f 2094 2095 2143
f 2094 2143 2142
f 2095 2096 2144
f 2095 2144 2143
f 2096 2097 2145
f 2096 2145 2144
f 2097 2098 2146
f 2097 2146 2145
f 2098 2099 2147
f 2098 2147 2146
f 2099 2100 2148
f 2099 2148 2147
f 2100 2101 2149
f 2100 2149 2148
f 2101 2102 2150
f 2101 2150 2149
f 2102 2103 2151
f 2102 2151 2150
f 2103 2104 2152
f 2103 2152 2151
f 2104 2105 2153
f 2104 2153 2152
f 2105 2106 2154
f 2105 2154 2153
f 2106 2107 2155
f 2106 2155 2154
f 2107 2108 2156
f 2107 2156 2155
f 2108 2109 2157
f 2108 2157 2156
f 2109 2110 2158
f 2109 2158 2157
f 2110 2111 2159
f 2110 2159 2158
f 2111 2112 2160
f 2111 2160 2159
f 2114 2113 2161
f 2114 2161 2162
f 2113 2115 2163
f 2113 2163 2161
f 2115 2116 2164
f 2115 2164 2163
f 2116 2117 2165
f 2116 2165 2164
f 2117 2118 2166
f 2117 2166 2165
f 2118 2119 2167
f 2118 2167 2166
f 2119 2120 2168
f 2119 2168 2167
f 2120 2121 2169
f 2120 2169 2168
f 2121 2122 2170
f 2121 2170 2169
f 2122 2123 2171
f 2122 2171 2170
f 2123 2124 2172
f 2123 2172 2171
f 2124 2125 2173
f 2124 2173 2172
f 2125 2126 2174
f 2125 2174 2173
f 2126 2127 2175
f 2126 2175 2174
f 2127 2128 2176
f 2127 2176 2175
f 2128 2129 2177
f 2128 2177 2176
f 2129 2130 2178
f 2129 2178 2177
f 2130 2131 2179
f 2130 2179 2178
f 2131 2132 2180
f 2131 2180 2179
f 2132 2133 2181
f 2132 2181 2180
f 2133 2134 2182
f 2133 2182 2181
f 2134 2135 2183
f 2134 2183 2182
f 2135 2136 2184
f 2135 2184 2183
f 2136 2137 2185
f 2136 2185 2184
f 2137 2138 2186
f 2137 2186 2185
f 2138 2139 2187
f 2138 2187 2186
f 2139 2140 2188
f 2139 2188 2187
f 2140 2141 2189
f 2140 2189 2188
f 2141 2142 2190
f 2141 2190 2189
f 2142 2143 2191
f 2142 2191 2190
f 2143 2144 2192
f 2143 2192 2191
f 2144 2145 2193
f 2144 2193 2192
f 2145 2146 2194
f 2145 2194 2193
f 2146 2147 2195
f 2146 2195 2194
f 2147 2148 2196
f 2147 2196 2195
f 2148 2149 2197
f 2148 2197 2196
f 2149 2150 2198
f 2149 2198 2197
f 2150 2151 2199
f 2150 2199 2198
f 2151 2152 2200
f 2151 2200 2199
f 2152 2153 2201
f 2152 2201 2200
f 2153 2154 2202
f 2153 2202 2201
f 2154 2155 2203
f 2154 2203 2202
f 2155 2156 2204
f 2155 2204 2203
f 2156 2157 2205
f 2156 2205 2204
f 2157 2158 2206
f 2157 2206 2205
f 2158 2159 2207
f 2158 2207 2206
f 2159 2160 2208
f 2159 2208 2207
f 2162 2161 2209
f 2162 2209 2210
f 2161 2163 2211
f 2161 2211 2209
f 2163 2164 2212
f 2163 2212 2211
f 2164 2165 2213
f 2164 2213 2212
f 2165 2166 2214
f 2165 2214 2213
f 2166 2167 2215
f 2166 2215 2214
f 2167 2168 2216
f 2167 2216 2215
f 2168 2169 2217
f 2168 2217 2216
f 2169 2170 2218
f 2169 2218 2217
f 2170 2171 2219
f 2170 2219 2218
f 2171 2172 2220
f 2171 2220 2219
f 2172 2173 2221
f 2172 2221 2220
f 2173 2174 2222
f 2173 2222 2221
f 2174 2175 2223
f 2174 2223 2222
f 2175 2176 2224
f 2175 2224 2223
f 2176 2177 2225
f 2176 2225 2224
f 2177 2178 2226
f 2177 2226 2225
f 2178 2179 2227
f 2178 2227 2226
f 2179 2180 2228
f 2179 2228 2227
f 2180 2181 2229
f 2180 2229 2228
f 2181 2182 2230
f 2181 2230 2229
f 2182 2183 2231
f 2182 2231 2230
f 2183 2184 2232
f 2183 2232 2231
f 2184 2185 2233
f 2184 2233 2232
f 2185 2186 2234
f 2185 2234 2233
f 2186 2187 2235
f 2186 2235 2234
f 2187 2188 2236
f 2187 2236 2235
f 2188 2189 2237
f 2188 2237 2236
f 2189 2190 2238
f 2189 2238 2237
f 2190 2191 2239
f 2190 2239 2238
f 2191 2192 2240
f 2191 2240 2239
f 2192 2193 2241
f 2192 2241 2240
f 2193 2194 2242
f 2193 2242 2241
f 2194 2195 2243
f 2194 2243 2242
f 2195 2196 2244
f 2195 2244 2243
f 2196 2197 2245
f 2196 2245 2244
f 2197 2198 2246
f 2197 2246 2245
f 2198 2199 2247
f 2198 2247 2246
f 2199 2200 2248
f 2199 2248 2247
f 2200 2201 2249
f 2200 2249 2248
f 2201 2202 2250
f 2201 2250 2249
f 2202 2203 2251
f 2202 2251 2250
f 2203 2204 2252
f 2203 2252 2251
f 2204 2205 2253
f 2204 2253 2252
f 2205 2206 2254
f 2205 2254 2253
f 2206 2207 2255
f 2206 2255 2254
f 2207 2208 2256
f 2207 2256 2255
f 2210 2209 2257
f 2210 2257 2258
f 2209 2211 2259
f 2209 2259 2257
f 2211 2212 2260
f 2211 2260 2259
f 2212 2213 2261
f 2212 2261 2260
f 2213 2214 2262
f 2213 2262 2261
f 2214 2215 2263
f 2214 2263 2262
f 2215 2216 2264
f 2215 2264 2263
f 2216 2217 2265
f 2216 2265 2264
f 2217 2218 2266
f 2217 2266 2265
f 2218 2219 2267
f 2218 2267 2266
f 2219 2220 2268
f 2219 2268 2267
f 2220 2221 2269
f 2220 2269 2268
f 2221 2222 2270
f 2221 2270 2269
f 2222 2223 2271
f 2222 2271 2270
f 2223 2224 2272
f 2223 2272 2271
f 2224 2225 2273
f 2224 2273 2272
f 2225 2226 2274
f 2225 2274 2273
f 2226 2227 2275
f 2226 2275 2274
f 2227 2228 2276
f 2227 2276 2275
f 2228 2229 2277
f 2228 2277 2276
f 2229 2230 2278
f 2229 2278 2277
f 2230 2231 2279
f 2230 2279 2278
f 2231 2232 2280
f 2231 2280 2279
f 2232 2233 2281
f 2232 2281 2280
f 2233 2234 2282
f 2233 2282 2281
f 2234 2235 2283
f 2234 2283 2282
f 2235 2236 2284
f 2235 2284 2283
f 2236 2237 2285
f 2236 2285 2284
f 2237 2238 2286
f 2237 2286 2285
f 2238 2239 2287
f 2238 2287 2286
f 2239 2240 2288
f 2239 2288 2287
f 2240 2241 2289
f 2240 2289 2288
f 2241 2242 2290
f 2241 2290 2289
f 2242 2243 2291
f 2242 2291 2290
f 2243 2244 2292
f 2243 2292 2291
f 2244 2245 2293
f 2244 2293 2292
f 2245 2246 2294
f 2245 2294 2293
f 2246 2247 2295
f 2246 2295 2294
f 2247 2248 2296
f 2247 2296 2295
f 2248 2249 2297
f 2248 2297 2296
f 2249 2250 2298
f 2249 2298 2297
f 2250 2251 2299
f 2250 2299 2298
f 2251 2252 2300
f 2251 2300 2299
f 2252 2253 2301
f 2252 2301 2300
f 2253 2254 2302
f 2253 2302 2301
f 2254 2255 2303
f 2254 2303 2302
f 2255 2256 2304
f 2255 2304 2303
f 2258 2257 2305
f 2258 2305 2306
f 2257 2259 2307
f 2257 2307 2305
f 2259 2260 2308
f 2259 2308 2307
f 2260 2261 2309
f 2260 2309 2308
f 2261 2262 2310
f 2261 2310 2309
f 2262 2263 2311
f 2262 2311 2310
f 2263 2264 2312
f 2263 2312 2311
f 2264 2265 2313
f 2264 2313 2312
f 2265 2266 2314
f 2265 2314 2313
f 2266 2267 2315
f 2266 2315 2314
f 2267 2268 2316
f 2267 2316 2315
f 2268 2269 2317
f 2268 2317 2316
f 2269 2270 2318
f 2269 2318 2317
f 2270 2271 2319
f 2270 2319 2318
f 2271 2272 2320
f 2271 2320 2319
f 2272 2273 2321
f 2272 2321 2320
f 2273 2274 2322
f 2273 2322 2321
f 2274 2275 2323
f 2274 2323 2322
f 2275 2276 2324
f 2275 2324 2323
f 2276 2277 2325
f 2276 2325 2324
f 2277 2278 2326
f 2277 2326 2325
f 2278 2279 2327
f 2278 2327 2326
f 2279 2280 2328
f 2279 2328 2327
f 2280 2281 2329
f 2280 2329 2328
f 2281 2282 2330
f 2281 2330 2329
f 2282 2283 2331
f 2282 2331 2330
f 2283 2284 2332
f 2283 2332 2331
f 2284 2285 2333
f 2284 2333 2332
f 2285 2286 2334
f 2285 2334 2333
f 2286 2287 2335
f 2286 2335 2334
f 2287 2288 2336
f 2287 2336 2335
f 2288 2289 2337
f 2288 2337 2336
f 2289 2290 2338
f 2289 2338 2337
f 2290 2291 2339
f 2290 2339 2338
f 2291 2292 2340
f 2291 2340 2339
f 2292 2293 2341
f 2292 2341 2340
f 2293 2294 2342
f 2293 2342 2341
f 2294 2295 2343
f 2294 2343 2342
f 2295 2296 2344
f 2295 2344 2343
f 2296 2297 2345
f 2296 2345 2344
f 2297 2298 2346
f 2297 2346 2345
f 2298 2299 2347
f 2298 2347 2346
f 2299 2300 2348
f 2299 2348 2347
f 2300 2301 2349
f 2300 2349 2348
f 2301 2302 2350
f 2301 2350 2349
f 2302 2303 2351
f 2302 2351 2350
f 2303 2304 2352
f 2303 2352 2351
f 2306 2305 2353
f 2306 2353 2354
f 2305 2307 2355
f 2305 2355 2353
f 2307 2308 2356
f 2307 2356 2355
f 2308 2309 2357
f 2308 2357 2356
f 2309 2310 2358
f 2309 2358 2357
f 2310 2311 2359
f 2310 2359 2358
f 2311 2312 2360
f 2311 2360 2359
f 2312 2313 2361
f 2312 2361 2360
f 2313 2314 2362
f 2313 2362 2361
f 2314 2315 2363
f 2314 2363 2362
f 2315 2316 2364
f 2315 2364 2363
f 2316 2317 2365
f 2316 2365 2364
f 2317 2318 2366
f 2317 2366 2365
f 2318 2319 2367
f 2318 2367 2366
f 2319 2320 2368
f 2319 2368 2367
f 2320 2321 2369
f 2320 2369 2368
f 2321 2322 2370
f 2321 2370 2369
f 2322 2323 2371
f 2322 2371 2370
f 2323 2324 2372
f 2323 2372 2371
f 2324 2325 2373
f 2324 2373 2372
f 2325 2326 2374
f 2325 2374 2373
f 2326 2327 2375
f 2326 2375 2374
f 2327 2328 2376
f 2327 2376 2375
f 2328 2329 2377
f 2328 2377 2376
f 2329 2330 2378
f 2329 2378 2377
f 2330 2331 2379
f 2330 2379 2378
f 2331 2332 2380
f 2331 2380 2379
f 2332 2333 2381
f 2332 2381 2380
f 2333 2334 2382
f 2333 2382 2381
f 2334 2335 2383
f 2334 2383 2382
f 2335 2336 2384
f 2335 2384 2383
f 2336 2337 2385
f 2336 2385 2384
f 2337 2338 2386
f 2337 2386 2385
f 2338 2339 2387
f 2338 2387 2386
f 2339 2340 2388
f 2339 2388 2387
f 2340 2341 2389
f 2340 2389 2388
f 2341 2342 2390
f 2341 2390 2389
f 2342 2343 2391
f 2342 2391 2390
f 2343 2344 2392
f 2343 2392 2391
f 2344 2345 2393
f 2344 2393 2392
f 2345 2346 2394
f 2345 2394 2393
f 2346 2347 2395
f 2346 2395 2394
f 2347 2348 2396
f 2347 2396 2395
f 2348 2349 2397
f 2348 2397 2396
f 2349 2350 2398
f 2349 2398 2397
f 2350 2351 2399
f 2350 2399 2398
f 2351 2352 2400
f 2351 2400 2399
f 2354 2353 2401
f 2354 2401 2402
f 2353 2355 2403
f 2353 2403 2401
f 2355 2356 2404
f 2355 2404 2403
f 2356 2357 2405
f 2356 2405 2404
f 2357 2358 2406
f 2357 2406 2405
f 2358 2359 2407
f 2358 2407 2406
f 2359 2360 2408
f 2359 2408 2407
f 2360 2361 2409
f 2360 2409 2408
f 2361 2362 2410
f 2361 2410 2409
f 2362 2363 2411
f 2362 2411 2410
f 2363 2364 2412
f 2363 2412 2411
f 2364 2365 2413
f 2364 2413 2412
f 2365 2366 2414
f 2365 2414 2413
f 2366 2367 2415
f 2366 2415 2414
f 2367 2368 2416
f 2367 2416 2415
f 2368 2369 2417
f 2368 2417 2416
f 2369 2370 2418
f 2369 2418 2417
f 2370 2371 2419
f 2370 2419 2418
f 2371 2372 2420
f 2371 2420 2419
f 2372 2373 2421
f 2372 2421 2420
f 2373 2374 2422
f 2373 2422 2421
f 2374 2375 2423
f 2374 2423 2422
f 2375 2376 2424
f 2375 2424 2423
f 2376 2377 2425
f 2376 2425 2424
f 2377 2378 2426
f 2377 2426 2425
f 2378 2379 2427
f 2378 2427 2426
f 2379 2380 2428
f 2379 2428 2427
f 2380 2381 2429
f 2380 2429 2428
f 2381 2382 2430
f 2381 2430 2429
f 2382 2383 2431
f 2382 2431 2430
f 2383 2384 2432
f 2383 2432 2431
f 2384 2385 2433
f 2384 2433 2432
f 2385 2386 2434
f 2385 2434 2433
f 2386 2387 2435
f 2386 2435 2434
f 2387 2388 2436
f 2387 2436 2435
f 2388 2389 2437
f 2388 2437 2436
f 2389 2390 2438
f 2389 2438 2437
f 2390 2391 2439
f 2390 2439 2438
f 2391 2392 2440
f 2391 2440 2439
f 2392 2393 2441
f 2392 2441 2440
f 2393 2394 2442
f 2393 2442 2441
f 2394 2395 2443
f 2394 2443 2442
f 2395 2396 2444
f 2395 2444 2443
f 2396 2397 2445
f 2396 2445 2444
f 2397 2398 2446
f 2397 2446 2445
f 2398 2399 2447
f 2398 2447 2446
f 2399 2400 2448
f 2399 2448 2447
f 2402 2401 2449
f 2402 2449 2450
f 2401 2403 2451
f 2401 2451 2449
f 2403 2404 2452
f 2403 2452 2451
f 2404 2405 2453
f 2404 2453 2452
f 2405 2406 2454
f 2405 2454 2453
f 2406 2407 2455
f 2406 2455 2454
f 2407 2408 2456
f 2407 2456 2455
f 2408 2409 2457
f 2408 2457 2456
f 2409 2410 2458
f 2409 2458 2457
f 2410 2411 2459
f 2410 2459 2458
f 2411 2412 2460
f 2411 2460 2459
f 2412 2413 2461
f 2412 2461 2460
f 2413 2414 2462
f 2413 2462 2461
f 2414 2415 2463
f 2414 2463 2462
f 2415 2416 2464
f 2415 2464 2463
f 2416 2417 2465
f 2416 2465 2464
f 2417 2418 2466
f 2417 2466 2465
f 2418 2419 2467
f 2418 2467 2466
f 2419 2420 2468
f 2419 2468 2467
f 2420 2421 2469
f 2420 2469 2468
f 2421 2422 2470
f 2421 2470 2469
f 2422 2423 2471
f 2422 2471 2470
f 2423 2424 2472
f 2423 2472 2471
f 2424 2425 2473
f 2424 2473 2472
f 2425 2426 2474
f 2425 2474 2473
f 2426 2427 2475
f 2426 2475 2474
f 2427 2428 2476
f 2427 2476 2475
f 2428 2429 2477
f 2428 2477 2476
f 2429 2430 2478
f 2429 2478 2477
f 2430 2431 2479
f 2430 2479 2478
f 2431 2432 2480
f 2431 2480 2479
f 2432 2433 2481
f 2432 2481 2480
f 2433 2434 2482
f 2433 2482 2481
f 2434 2435 2483
f 2434 2483 2482
f 2435 2436 2484
f 2435 2484 2483
f 2436 2437 2485
f 2436 2485 2484
f 2437 2438 2486
f 2437 2486 2485
f 2438 2439 2487
f 2438 2487 2486
f 2439 2440 2488
f 2439 2488 2487
f 2440 2441 2489
f 2440 2489 2488
f 2441 2442 2490
f 2441 2490 2489
f 2442 2443 2491
f 2442 2491 2490
f 2443 2444 2492
f 2443 2492 2491
f 2444 2445 2493
f 2444 2493 2492
f 2445 2446 2494
f 2445 2494 2493
f 2446 2447 2495
f 2446 2495 2494
f 2447 2448 2496
f 2447 2496 2495
f 2450 2449 2497
f 2450 2497 2498
f 2449 2451 2499
f 2449 2499 2497
f 2451 2452 2500
f 2451 2500 2499
f 2452 2453 2501
f 2452 2501 2500
f 2453 2454 2502
f 2453 2502 2501
f 2454 2455 2503
f 2454 2503 2502
f 2455 2456 2504
f 2455 2504 2503
f 2456 2457 2505
f 2456 2505 2504
f 2457 2458 2506
f 2457 2506 2505
f 2458 2459 2507
f 2458 2507 2506
f 2459 2460 2508
f 2459 2508 2507
f 2460 2461 2509
f 2460 2509 2508
f 2461 2462 2510
f 2461 2510 2509
f 2462 2463 2511
f 2462 2511 2510
f 2463 2464 2512
f 2463 2512 2511
f 2464 2465 2513
f 2464 2513 2512
f 2465 2466 2514
f 2465 2514 2513
f 2466 2467 2515
f 2466 2515 2514
f 2467 2468 2516
f 2467 2516 2515
f 2468 2469 2517
f 2468 2517 2516
f 2469 2470 2518
f 2469 2518 2517
f 2470 2471 2519
f 2470 2519 2518
f 2471 2472 2520
f 2471 2520 2519
f 2472 2473 2521
f 2472 2521 2520
f 2473 2474 2522
f 2473 2522 2521
f 2474 2475 2523
f 2474 2523 2522
f 2475 2476 2524
f 2475 2524 2523
f 2476 2477 2525
f 2476 2525 2524
f 2477 2478 2526
f 2477 2526 2525
f 2478 2479 2527
f 2478 2527 2526
f 2479 2480 2528
f 2479 2528 2527
f 2480 2481 2529
f 2480 2529 2528
f 2481 2482 2530
f 2481 2530 2529
f 2482 2483 2531
f 2482 2531 2530
f 2483 2484 2532
f 2483 2532 2531
f 2484 2485 2533
f 2484 2533 2532
f 2485 2486 2534
f 2485 2534 2533
f 2486 2487 2535
f 2486 2535 2534
f 2487 2488 2536
f 2487 2536 2535
f 2488 2489 2537
f 2488 2537 2536
f 2489 2490 2538
f 2489 2538 2537
f 2490 2491 2539
f 2490 2539 2538
f 2491 2492 2540
f 2491 2540 2539
f 2492 2493 2541
f 2492 2541 2540
f 2493 2494 2542
f 2493 2542 2541
f 2494 2495 2543
f 2494 2543 2542
f 2495 2496 2544
f 2495 2544 2543
f 2498 2497 2545
f 2498 2545 2546
f 2497 2499 2547
f 2497 2547 2545
f 2499 2500 2548
f 2499 2548 2547
f 2500 2501 2549
f 2500 2549 2548
f 2501 2502 2550
f 2501 2550 2549
f 2502 2503 2551
f 2502 2551 2550
f 2503 2504 2552
f 2503 2552 2551
f 2504 2505 2553
f 2504 2553 2552
f 2505 2506 2554
f 2505 2554 2553
f 2506 2507 2555
f 2506 2555 2554
f 2507 2508 2556
f 2507 2556 2555
f 2508 2509 2557
f 2508 2557 2556
f 2509 2510 2558
f 2509 2558 2557
f 2510 2511 2559
f 2510 2559 2558
f 2511 2512 2560
f 2511 2560 2559
f 2512 2513 2561
f 2512 2561 2560
f 2513 2514 2562
f 2513 2562 2561
f 2514 2515 2563
f 2514 2563 2562
f 2515 2516 2564
f 2515 2564 2563
f 2516 2517 2565
f 2516 2565 2564
f 2517 2518 2566
f 2517 2566 2565
f 2518 2519 2567
f 2518 2567 2566
f 2519 2520 2568
f 2519 2568 2567
f 2520 2521 2569
f 2520 2569 2568
f 2521 2522 2570
f 2521 2570 2569
f 2522 2523 2571
f 2522 2571 2570
f 2523 2524 2572
f 2523 2572 2571
f 2524 2525 2573
f 2524 2573 2572
f 2525 2526 2574
f 2525 2574 2573
f 2526 2527 2575
f 2526 2575 2574
f 2527 2528 2576
f 2527 2576 2575
f 2528 2529 2577
f 2528 2577 2576
f 2529 2530 2578
f 2529 2578 2577
f 2530 2531 2579
f 2530 2579 2578
f 2531 2532 2580
f 2531 2580 2579
f 2532 2533 2581
f 2532 2581 2580
f 2533 2534 2582
f 2533 2582 2581
f 2534 2535 2583
f 2534 2583 2582
f 2535 2536 2584
f 2535 2584 2583
f 2536 2537 2585
f 2536 2585 2584
f 2537 2538 2586
f 2537 2586 2585
f 2538 2539 2587
f 2538 2587 2586
f 2539 2540 2588
f 2539 2588 2587
f 2540 2541 2589
f 2540 2589 2588
f 2541 2542 2590
f 2541 2590 2589
f 2542 2543 2591
f 2542 2591 2590
f 2543 2544 2592
f 2543 2592 2591
f 2546 2545 2593
f 2546 2593 2594
f 2545 2547 2595
f 2545 2595 2593
f 2547 2548 2596
f 2547 2596 2595
f 2548 2549 2597
f 2548 2597 2596
f 2549 2550 2598
f 2549 2598 2597
f 2550 2551 2599
f 2550 2599 2598
f 2551 2552 2600
f 2551 2600 2599
f 2552 2553 2601
f 2552 2601 2600
f 2553 2554 2602
f 2553 2602 2601
f 2554 2555 2603
f 2554 2603 2602
f 2555 2556 2604
f 2555 2604 2603
f 2556 2557 2605
f 2556 2605 2604
f 2557 2558 2606
f 2557 2606 2605
f 2558 2559 2607
f 2558 2607 2606
f 2559 2560 2608
f 2559 2608 2607
f 2560 2561 2609
f 2560 2609 2608
f 2561 2562 2610
f 2561 2610 2609
f 2562 2563 2611
f 2562 2611 2610
f 2563 2564 2612
f 2563 2612 2611
f 2564 2565 2613
f 2564 2613 2612
f 2565 2566 2614
f 2565 2614 2613
f 2566 2567 2615
f 2566 2615 2614
f 2567 2568 2616
f 2567 2616 2615
f 2568 2569 2617
f 2568 2617 2616
f 2569 2570 2618
f 2569 2618 2617
f 2570 2571 2619
f 2570 2619 2618
f 2571 2572 2620
f 2571 2620 2619
f 2572 2573 2621
f 2572 2621 2620
f 2573 2574 2622
f 2573 2622 2621
f 2574 2575 2623
f 2574 2623 2622
f 2575 2576 2624
f 2575 2624 2623
f 2576 2577 2625
f 2576 2625 2624
f 2577 2578 2626
f 2577 2626 2625
f 2578 2579 2627
f 2578 2627 2626
f 2579 2580 2628
f 2579 2628 2627
f 2580 2581 2629
f 2580 2629 2628
f 2581 2582 2630
f 2581 2630 2629
f 2582 2583 2631
f 2582 2631 2630
f 2583 2584 2632
f 2583 2632 2631
f 2584 2585 2633
f 2584 2633 2632
f 2585 2586 2634
f 2585 2634 2633
f 2586 2587 2635
f 2586 2635 2634
f 2587 2588 2636
f 2587 2636 2635
f 2588 2589 2637
f 2588 2637 2636
f 2589 2590 2638
f 2589 2638 2637
f 2590 2591 2639
f 2590 2639 2638
f 2591 2592 2640
f 2591 2640 2639
f 2594 2593 2641
f 2594 2641 2642
f 2593 2595 2643
f 2593 2643 2641
f 2595 2596 2644
f 2595 2644 2643
f 2596 2597 2645
f 2596 2645 2644
f 2597 2598 2646
f 2597 2646 2645
f 2598 2599 2647
f 2598 2647 2646
f 2599 2600 2648
f 2599 2648 2647
f 2600 2601 2649
f 2600 2649 2648
f 2601 2602 2650
f 2601 2650 2649
f 2602 2603 2651
f 2602 2651 2650
f 2603 2604 2652
f 2603 2652 2651
f 2604 2605 2653
f 2604 2653 2652
f 2605 2606 2654
f 2605 2654 2653
f 2606 2607 2655
f 2606 2655 2654
f 2607 2608 2656
f 2607 2656 2655
f 2608 2609 2657
f 2608 2657 2656
f 2609 2610 2658
f 2609 2658 2657
f 2610 2611 2659
f 2610 2659 2658
f 2611 2612 2660
f 2611 2660 2659
f 2612 2613 2661
f 2612 2661 2660
f 2613 2614 2662
f 2613 2662 2661
f 2614 2615 2663
f 2614 2663 2662
f 2615 2616 2664
f 2615 2664 2663
f 2616 2617 2665
f 2616 2665 2664
f 2617 2618 2666
f 2617 2666 2665
f 2618 2619 2667
f 2618 2667 2666
f 2619 2620 2668
f 2619 2668 2667
f 2620 2621 2669
f 2620 2669 2668
f 2621 2622 2670
f 2621 2670 2669
f 2622 2623 2671
f 2622 2671 2670
f 2623 2624 2672
f 2623 2672 2671
f 2624 2625 2673
f 2624 2673 2672
f 2625 2626 2674
f 2625 2674 2673
f 2626 2627 2675
f 2626 2675 2674
f 2627 2628 2676
f 2627 2676 2675
f 2628 2629 2677
f 2628 2677 2676
f 2629 2630 2678
f 2629 2678 2677
f 2630 2631 2679
f 2630 2679 2678
f 2631 2632 2680
f 2631 2680 2679
f 2632 2633 2681
f 2632 2681 2680
f 2633 2634 2682
f 2633 2682 2681
f 2634 2635 2683
f 2634 2683 2682
f 2635 2636 2684
f 2635 2684 2683
f 2636 2637 2685
f 2636 2685 2684
f 2637 2638 2686
f 2637 2686 2685
f 2638 2639 2687
f 2638 2687 2686
f 2639 2640 2688
f 2639 2688 2687
f 1 2689 2690
f 1 2690 4
f 4 2690 2691
f 4 2691 98
f 98 2691 2692
f 98 2692 146
f 146 2692 2693
f 146 2693 194
f 194 2693 2694
f 194 2694 242
f 242 2694 2695
f 242 2695 290
f 290 2695 2696
f 290 2696 338
f 338 2696 2697
f 338 2697 386
f 386 2697 2698
f 386 2698 434
f 434 2698 2699
f 434 2699 482
f 482 2699 2700
f 482 2700 530
f 530 2700 2701
f 530 2701 578
f 578 2701 2702
f 578 2702 626
f 626 2702 2703
f 626 2703 674
f 674 2703 2704
f 674 2704 722
f 722 2704 2705
f 722 2705 770
f 770 2705 2706
f 770 2706 818
f 818 2706 2707
f 818 2707 866
f 866 2707 2708
f 866 2708 914
f 914 2708 2709
f 914 2709 962
f 962 2709 2710
f 962 2710 1010
f 1010 2710 2711
f 1010 2711 1058
f 1058 2711 2712
f 1058 2712 1106
f 1106 2712 2713
f 1106 2713 1154
f 1154 2713 2714
f 1154 2714 1202
f 1202 2714 2715
f 1202 2715 1250
f 1250 2715 2716
f 1250 2716 1298
f 2689 2717 2718
f 2689 2718 2690
f 2690 2718 2719
f 2690 2719 2691
f 2691 2719 2720
f 2691 2720 2692
f 2692 2720 2721
f 2692 2721 2693
f 2693 2721 2722
f 2693 2722 2694
f 2694 2722 2723
f 2694 2723 2695
f 2695 2723 2724
f 2695 2724 2696
f 2696 2724 2725
f 2696 2725 2697
f 2697 2725 2726
f 2697 2726 2698
f 2698 2726 2727
f 2698 2727 2699
f 2699 2727 2728
f 2699 2728 2700
f 2700 2728 2729
f 2700 2729 2701
f 2701 2729 2730
f 2701 2730 2702
f 2702 2730 2731
f 2702 2731 2703
f 2703 2731 2732
f 2703 2732 2704
f 2704 2732 2733
f 2704 2733 2705
f 2705 2733 2734
f 2705 2734 2706
f 2706 2734 2735
f 2706 2735 2707
f 2707 2735 2736
f 2707 2736 2708
f 2708 2736 2737
f 2708 2737 2709
f 2709 2737 2738
f 2709 2738 2710
f 2710 2738 2739
f 2710 2739 2711
f 2711 2739 2740
f 2711 2740 2712
f 2712 2740 2741
f 2712 2741 2713
f 2713 2741 2742
f 2713 2742 2714
f 2714 2742 2743
f 2714 2743 2715
f 2715 2743 2744
f 2715 2744 2716
f 2717 2745 2746
f 2717 2746 2718
f 2718 2746 2747
f 2718 2747 2719
f 2719 2747 2748
f 2719 2748 2720
f 2720 2748 2749
f 2720 2749 2721
f 2721 2749 2750
f 2721 2750 2722
f 2722 2750 2751
f 2722 2751 2723
f 2723 2751 2752
f 2723 2752 2724
f 2724 2752 2753
f 2724 2753 2725
f 2725 2753 2754
f 2725 2754 2726
f 2726 2754 2755
f 2726 2755 2727
f 2727 2755 2756
f 2727 2756 2728
f 2728 2756 2757
f 2728 2757 2729
f 2729 2757 2758
f 2729 2758 2730
f 2730 2758 2759
f 2730 2759 2731
f 2731 2759 2760
f 2731 2760 2732
f 2732 2760 2761
f 2732 2761 2733
f 2733 2761 2762
f 2733 2762 2734
f 2734 2762 2763
f 2734 2763 2735
f 2735 2763 2764
f 2735 2764 2736
f 2736 2764 2765
f 2736 2765 2737
f 2737 2765 2766
f 2737 2766 2738
f 2738 2766 2767
f 2738 2767 2739
f 2739 2767 2768
f 2739 2768 2740
f 2740 2768 2769
f 2740 2769 2741
f 2741 2769 2770
f 2741 2770 2742
f 2742 2770 2771
f 2742 2771 2743
f 2743 2771 2772
f 2743 2772 2744
f 2745 2773 2774
f 2745 2774 2746
f 2746 2774 2775
f 2746 2775 2747
f 2747 2775 2776
f 2747 2776 2748
f 2748 2776 2777
f 2748 2777 2749
f 2749 2777 2778
f 2749 2778 2750
f 2750 2778 2779
f 2750 2779 2751
f 2751 2779 2780
f 2751 2780 2752
f 2752 2780 2781
f 2752 2781 2753
f 2753 2781 2782
f 2753 2782 2754
f 2754 2782 2783
f 2754 2783 2755
f 2755 2783 2784
f 2755 2784 2756
f 2756 2784 2785
f 2756 2785 2757
f 2757 2785 2786
f 2757 2786 2758
f 2758 2786 2787
f 2758 2787 2759
f 2759 2787 2788
f 2759 2788 2760
f 2760 2788 2789
f 2760 2789 2761
f 2761 2789 2790
f 2761 2790 2762
f 2762 2790 2791
f 2762 2791 2763
f 2763 2791 2792
f 2763 2792 2764
f 2764 2792 2793
f 2764 2793 2765
f 2765 2793 2794
f 2765 2794 2766
f 2766 2794 2795
f 2766 2795 2767
f 2767 2795 2796
f 2767 2796 2768
f 2768 2796 2797
f 2768 2797 2769
f 2769 2797 2798
f 2769 2798 2770
f 2770 2798 2799
f 2770 2799 2771
f 2771 2799 2800
f 2771 2800 2772
f 2773 2801 2802
f 2773 2802 2774
f 2774 2802 2803
f 2774 2803 2775
f 2775 2803 2804
f 2775 2804 2776
f 2776 2804 2805
f 2776 2805 2777
f 2777 2805 2806
f 2777 2806 2778
f 2778 2806 2807
f 2778 2807 2779
f 2779 2807 2808
f 2779 2808 2780
f 2780 2808 2809
f 2780 2809 2781
f 2781 2809 2810
f 2781 2810 2782
f 2782 2810 2811
f 2782 2811 2783
f 2783 2811 2812
f 2783 2812 2784
f 2784 2812 2813
f 2784 2813 2785
f 2785 2813 2814
f 2785 2814 2786
f 2786 2814 2815
f 2786 2815 2787
f 2787 2815 2816
f 2787 2816 2788
f 2788 2816 2817
f 2788 2817 2789
f 2789 2817 2818
f 2789 2818 2790
f 2790 2818 2819
f 2790 2819 2791
f 2791 2819 2820
f 2791 2820 2792
f 2792 2820 2821
f 2792 2821 2793
f 2793 2821 2822
f 2793 2822 2794
f 2794 2822 2823
f 2794 2823 2795
f 2795 2823 2824
f 2795 2824 2796
f 2796 2824 2825
f 2796 2825 2797
f 2797 2825 2826
f 2797 2826 2798
f 2798 2826 2827
f 2798 2827 2799
f 2799 2827 2828
f 2799 2828 2800
f 2801 2829 2830
f 2801 2830 2802
f 2802 2830 2831
f 2802 2831 2803
f 2803 2831 2832
f 2803 2832 2804
f 2804 2832 2833
f 2804 2833 2805
f 2805 2833 2834
f 2805 2834 2806
f 2806 2834 2835
f 2806 2835 2807
f 2807 2835 2836
f 2807 2836 2808
f 2808 2836 2837
f 2808 2837 2809
f 2809 2837 2838
f 2809 2838 2810
f 2810 2838 2839
f 2810 2839 2811
f 2811 2839 2840
f 2811 2840 2812
f 2812 2840 2841
f 2812 2841 2813
f 2813 2841 2842
f 2813 2842 2814
f 2814 2842 2843
f 2814 2843 2815
f 2815 2843 2844
f 2815 2844 2816
f 2816 2844 2845
f 2816 2845 2817
f 2817 2845 2846
f 2817 2846 2818
f 2818 2846 2847
f 2818 2847 2819
f 2819 2847 2848
f 2819 2848 2820
f 2820 2848 2849
f 2820 2849 2821
f 2821 2849 2850
f 2821 2850 2822
f 2822 2850 2851
f 2822 2851 2823
f 2823 2851 2852
f 2823 2852 2824
f 2824 2852 2853
f 2824 2853 2825
f 2825 2853 2854
f 2825 2854 2826
f 2826 2854 2855
f 2826 2855 2827
f 2827 2855 2856
f 2827 2856 2828
f 2829 2857 2858
f 2829 2858 2830
f 2830 2858 2859
f 2830 2859 2831
f 2831 2859 2860
f 2831 2860 2832
f 2832 2860 2861
f 2832 2861 2833
f 2833 2861 2862
f 2833 2862 2834
f 2834 2862 2863
f 2834 2863 2835
f 2835 2863 2864
f 2835 2864 2836
f 2836 2864 2865
f 2836 2865 2837
f 2837 2865 2866
f 2837 2866 2838
f 2838 2866 2867
f 2838 2867 2839
f 2839 2867 2868
f 2839 2868 2840
f 2840 2868 2869
f 2840 2869 2841
f 2841 2869 2870
f 2841 2870 2842
f 2842 2870 2871
f 2842 2871 2843
f 2843 2871 2872
f 2843 2872 2844
f 2844 2872 2873
f 2844 2873 2845
f 2845 2873 2874
f 2845 2874 2846
f 2846 2874 2875
f 2846 2875 2847
f 2847 2875 2876
f 2847 2876 2848
f 2848 2876 2877
f 2848 2877 2849
f 2849 2877 2878
f 2849 2878 2850
f 2850 2878 2879
f 2850 2879 2851
f 2851 2879 2880
f 2851 2880 2852
f 2852 2880 2881
f 2852 2881 2853
f 2853 2881 2882
f 2853 2882 2854
f 2854 2882 2883
f 2854 2883 2855
f 2855 2883 2884
f 2855 2884 2856
f 2857 2885 2886
f 2857 2886 2858
f 2858 2886 2887
f 2858 2887 2859
f 2859 2887 2888
f 2859 2888 2860
f 2860 2888 2889
f 2860 2889 2861
f 2861 2889 2890
f 2861 2890 2862
f 2862 2890 2891
f 2862 2891 2863
f 2863 2891 2892
f 2863 2892 2864
f 2864 2892 2893
f 2864 2893 2865
f 2865 2893 2894
f 2865 2894 2866
f 2866 2894 2895
f 2866 2895 2867
f 2867 2895 2896
f 2867 2896 2868
f 2868 2896 2897
f 2868 2897 2869
f 2869 2897 2898
f 2869 2898 2870
f 2870 2898 2899
f 2870 2899 2871
f 2871 2899 2900
f 2871 2900 2872
f 2872 2900 2901
f 2872 2901 2873
f 2873 2901 2902
f 2873 2902 2874
f 2874 2902 2903
f 2874 2903 2875
f 2875 2903 2904
f 2875 2904 2876
f 2876 2904 2905
f 2876 2905 2877
f 2877 2905 2906
f 2877 2906 2878
f 2878 2906 2907
f 2878 2907 2879
f 2879 2907 2908
f 2879 2908 2880
f 2880 2908 2909
f 2880 2909 2881
f 2881 2909 2910
f 2881 2910 2882
f 2882 2910 2911
f 2882 2911 2883
f 2883 2911 2912
f 2883 2912 2884
f 2885 2913 2914
f 2885 2914 2886
f 2886 2914 2915
f 2886 2915 2887
f 2887 2915 2916
f 2887 2916 2888
f 2888 2916 2917
f 2888 2917 2889
f 2889 2917 2918
f 2889 2918 2890
f 2890 2918 2919
f 2890 2919 2891
f 2891 2919 2920
f 2891 2920 2892
f 2892 2920 2921
f 2892 2921 2893
f 2893 2921 2922
f 2893 2922 2894
f 2894 2922 2923
f 2894 2923 2895
f 2895 2923 2924
f 2895 2924 2896
f 2896 2924 2925
f 2896 2925 2897
f 2897 2925 2926
f 2897 2926 2898
f 2898 2926 2927
f 2898 2927 2899
f 2899 2927 2928
f 2899 2928 2900
f 2900 2928 2929
f 2900 2929 2901
f 2901 2929 2930
f 2901 2930 2902
f 2902 2930 2931
f 2902 2931 2903
f 2903 2931 2932
f 2903 2932 2904
f 2904 2932 2933
f 2904 2933 2905
f 2905 2933 2934
f 2905 2934 2906
f 2906 2934 2935
f 2906 2935 2907
f 2907 2935 2936
f 2907 2936 2908
f 2908 2936 2937
f 2908 2937 2909
f 2909 2937 2938
f 2909 2938 2910
f 2910 2938 2939
f 2910 2939 2911
f 2911 2939 2940
f 2911 2940 2912
f 2913 2941 2942
f 2913 2942 2914
f 2914 2942 2943
f 2914 2943 2915
f 2915 2943 2944
f 2915 2944 2916
f 2916 2944 2945
f 2916 2945 2917
f 2917 2945 2946
f 2917 2946 2918
f 2918 2946 2947
f 2918 2947 2919
f 2919 2947 2948
f 2919 2948 2920
f 2920 2948 2949
f 2920 2949 2921
f 2921 2949 2950
f 2921 2950 2922
f 2922 2950 2951
f 2922 2951 2923
f 2923 2951 2952
f 2923 2952 2924
f 2924 2952 2953
f 2924 2953 2925
f 2925 2953 2954
f 2925 2954 2926
f 2926 2954 2955
f 2926 2955 2927
f 2927 2955 2956
f 2927 2956 2928
f 2928 2956 2957
f 2928 2957 2929
f 2929 2957 2958
f 2929 2958 2930
f 2930 2958 2959
f 2930 2959 2931
f 2931 2959 2960
f 2931 2960 2932
f 2932 2960 2961
f 2932 2961 2933
f 2933 2961 2962
f 2933 2962 2934
f 2934 2962 2963
f 2934 2963 2935
f 2935 2963 2964
f 2935 2964 2936
f 2936 2964 2965
f 2936 2965 2937
f 2937 2965 2966
f 2937 2966 2938
f 2938 2966 2967
f 2938 2967 2939
f 2939 2967 2968
f 2939 2968 2940
f 2941 2969 2970
f 2941 2970 2942
f 2942 2970 2971
f 2942 2971 2943
f 2943 2971 2972
f 2943 2972 2944
f 2944 2972 2973
f 2944 2973 2945
f 2945 2973 2974
f 2945 2974 2946
f 2946 2974 2975
f 2946 2975 2947
f 2947 2975 2976
f 2947 2976 2948
f 2948 2976 2977
f 2948 2977 2949
f 2949 2977 2978
f 2949 2978 2950
f 2950 2978 2979
f 2950 2979 2951
f 2951 2979 2980
f 2951 2980 2952
f 2952 2980 2981
f 2952 2981 2953
f 2953 2981 2982
f 2953 2982 2954
f 2954 2982 2983
f 2954 2983 2955
f 2955 2983 2984
f 2955 2984 2956
f 2956 2984 2985
f 2956 2985 2957
f 2957 2985 2986
f 2957 2986 2958
f 2958 2986 2987
f 2958 2987 2959
f 2959 2987 2988
f 2959 2988 2960
f 2960 2988 2989
f 2960 2989 2961
f 2961 2989 2990
f 2961 2990 2962
f 2962 2990 2991
f 2962 2991 2963
f 2963 2991 2992
f 2963 2992 2964
f 2964 2992 2993
f 2964 2993 2965
f 2965 2993 2994
f 2965 2994 2966
f 2966 2994 2995
f 2966 2995 2967
f 2967 2995 2996
f 2967 2996 2968
f 2969 2997 2998
f 2969 2998 2970
f 2970 2998 2999
f 2970 2999 2971
f 2971 2999 3000
f 2971 3000 2972
f 2972 3000 3001
f 2972 3001 2973
f 2973 3001 3002
f 2973 3002 2974
f 2974 3002 3003
f 2974 3003 2975
f 2975 3003 3004
f 2975 3004 2976
f 2976 3004 3005
f 2976 3005 2977
f 2977 3005 3006
f 2977 3006 2978
f 2978 3006 3007
f 2978 3007 2979
f 2979 3007 3008
f 2979 3008 2980
f 2980 3008 3009
f 2980 3009 2981
f 2981 3009 3010
f 2981 3010 2982
f 2982 3010 3011
f 2982 3011 2983
f 2983 3011 3012
f 2983 3012 2984
f 2984 3012 3013
f 2984 3013 2985
f 2985 3013 3014
f 2985 3014 2986
f 2986 3014 3015
f 2986 3015 2987
f 2987 3015 3016
f 2987 3016 2988
f 2988 3016 3017
f 2988 3017 2989
f 2989 3017 3018
f 2989 3018 2990
f 2990 3018 3019
f 2990 3019 2991
f 2991 3019 3020
f 2991 3020 2992
f 2992 3020 3021
f 2992 3021 2993
f 2993 3021 3022
f 2993 3022 2994
f 2994 3022 3023
f 2994 3023 2995
f 2995 3023 3024
f 2995 3024 2996
f 2997 1345 1348
f 2997 1348 2998
f 2998 1348 1442
f 2998 1442 2999
f 2999 1442 1490
f 2999 1490 3000
f 3000 1490 1538
f 3000 1538 3001
f 3001 1538 1586
f 3001 1586 3002
f 3002 1586 1634
f 3002 1634 3003
f 3003 1634 1682
f 3003 1682 3004
f 3004 1682 1730
f 3004 1730 3005
f 3005 1730 1778
f 3005 1778 3006
f 3006 1778 1826
f 3006 1826 3007
f 3007 1826 1874
f 3007 1874 3008
f 3008 1874 1922
f 3008 1922 3009
f 3009 1922 1970
f 3009 1970 3010
f 3010 1970 2018
f 3010 2018 3011
f 3011 2018 2066
f 3011 2066 3012
f 3012 2066 2114
f 3012 2114 3013
f 3013 2114 2162
f 3013 2162 3014
f 3014 2162 2210
f 3014 2210 3015
f 3015 2210 2258
f 3015 2258 3016
f 3016 2258 2306
f 3016 2306 3017
f 3017 2306 2354
f 3017 2354 3018
f 3018 2354 2402
f 3018 2402 3019
f 3019 2402 2450
f 3019 2450 3020
f 3020 2450 2498
f 3020 2498 3021
f 3021 2498 2546
f 3021 2546 3022
f 3022 2546 2594
f 3022 2594 3023
f 3023 2594 2642
f 3023 2642 3024
f 95 3026 3025
f 95 96 3026
f 96 3027 3026
f 96 144 3027
f 144 3028 3027
f 144 192 3028
f 192 3029 3028
f 192 240 3029
f 240 3030 3029
f 240 288 3030
f 288 3031 3030
f 288 336 3031
f 336 3032 3031
f 336 384 3032
f 384 3033 3032
f 384 432 3033
f 432 3034 3033
f 432 480 3034
f 480 3035 3034
f 480 528 3035
f 528 3036 3035
f 528 576 3036
f 576 3037 3036
f 576 624 3037
f 624 3038 3037
f 624 672 3038
f 672 3039 3038
f 672 720 3039
f 720 3040 3039
f 720 768 3040
f 768 3041 3040
f 768 816 3041
f 816 3042 3041
f 816 864 3042
f 864 3043 3042
f 864 912 3043
f 912 3044 3043
f 912 960 3044
f 960 3045 3044
f 960 1008 3045
f 1008 3046 3045
f 1008 1056 3046
f 1056 3047 3046
f 1056 1104 3047
f 1104 3048 3047
f 1104 1152 3048
f 1152 3049 3048
f 1152 1200 3049
f 1200 3050 3049
f 1200 1248 3050
f 1248 3051 3050
f 1248 1296 3051
f 1296 3052 3051
f 1296 1344 3052
f 3025 3054 3053
f 3025 3026 3054
f 3026 3055 3054
f 3026 3027 3055
f 3027 3056 3055
f 3027 3028 3056
f 3028 3057 3056
f 3028 3029 3057
f 3029 3058 3057
f 3029 3030 3058
f 3030 3059 3058
f 3030 3031 3059
f 3031 3060 3059
f 3031 3032 3060
f 3032 3061 3060
f 3032 3033 3061
f 3033 3062 3061
f 3033 3034 3062
f 3034 3063 3062
f 3034 3035 3063
f 3035 3064 3063
f 3035 3036 3064
f 3036 3065 3064
f 3036 3037 3065
f 3037 3066 3065
f 3037 3038 3066
f 3038 3067 3066
f 3038 3039 3067
f 3039 3068 3067
f 3039 3040 3068
f 3040 3069 3068
f 3040 3041 3069
f 3041 3070 3069
f 3041 3042 3070
f 3042 3071 3070
f 3042 3043 3071
f 3043 3072 3071
f 3043 3044 3072
f 3044 3073 3072
f 3044 3045 3073
f 3045 3074 3073
f 3045 3046 3074
f 3046 3075 3074
f 3046 3047 3075
f 3047 3076 3075
f 3047 3048 3076
f 3048 3077 3076
f 3048 3049 3077
f 3049 3078 3077
f 3049 3050 3078
f 3050 3079 3078
f 3050 3051 3079
f 3051 3080 3079
f 3051 3052 3080
f 3053 3082 3081
f 3053 3054 3082
f 3054 3083 3082
f 3054 3055 3083
f 3055 3084 3083
f 3055 3056 3084
f 3056 3085 3084
f 3056 3057 3085
f 3057 3086 3085
f 3057 3058 3086
f 3058 3087 3086
f 3058 3059 3087
f 3059 3088 3087
f 3059 3060 3088
f 3060 3089 3088
f 3060 3061 3089
f 3061 3090 3089
f 3061 3062 3090
f 3062 3091 3090
f 3062 3063 3091
f 3063 3092 3091
f 3063 3064 3092
f 3064 3093 3092
f 3064 3065 3093
f 3065 3094 3093
f 3065 3066 3094
f 3066 3095 3094
f 3066 3067 3095
f 3067 3096 3095
f 3067 3068 3096
f 3068 3097 3096
f 3068 3069 3097
f 3069 3098 3097
f 3069 3070 3098
f 3070 3099 3098
f 3070 3071 3099
f 3071 3100 3099
f 3071 3072 3100
f 3072 3101 3100
f 3072 3073 3101
f 3073 3102 3101
f 3073 3074 3102
f 3074 3103 3102
f 3074 3075 3103
f 3075 3104 3103
f 3075 3076 3104
f 3076 3105 3104
f 3076 3077 3105
f 3077 3106 3105
f 3077 3078 3106
f 3078 3107 3106
f 3078 3079 3107
f 3079 3108 3107
f 3079 3080 3108
f 3081 3110 3109
f 3081 3082 3110
f 3082 3111 3110
f 3082 3083 3111
f 3083 3112 3111
f 3083 3084 3112
f 3084 3113 3112
f 3084 3085 3113
f 3085 3114 3113
f 3085 3086 3114
f 3086 3115 3114
f 3086 3087 3115
f 3087 3116 3115
f 3087 3088 3116
f 3088 3117 3116
f 3088 3089 3117
f 3089 3118 3117
f 3089 3090 3118
f 3090 3119 3118
f 3090 3091 3119
f 3091 3120 3119
f 3091 3092 3120
f 3092 3121 3120
f 3092 3093 3121
f 3093 3122 3121
f 3093 3094 3122
f 3094 3123 3122
f 3094 3095 3123
f 3095 3124 3123
f 3095 3096 3124
f 3096 3125 3124
f 3096 3097 3125
f 3097 3126 3125
f 3097 3098 3126
f 3098 3127 3126
f 3098 3099 3127
f 3099 3128 3127
f 3099 3100 3128
f 3100 3129 3128
f 3100 3101 3129
f 3101 3130 3129
f 3101 3102 3130
f 3102 3131 3130
f 3102 3103 3131
f 3103 3132 3131
f 3103 3104 3132
f 3104 3133 3132
f 3104 3105 3133
f 3105 3134 3133
f 3105 3106 3134
f 3106 3135 3134
f 3106 3107 3135
f 3107 3136 3135
f 3107 3108 3136
f 3109 3138 3137
f 3109 3110 3138
f 3110 3139 3138
f 3110 3111 3139
f 3111 3140 3139
f 3111 3112 3140
f 3112 3141 3140
f 3112 3113 3141
f 3113 3142 3141
f 3113 3114 3142
f 3114 3143 3142
f 3114 3115 3143
f 3115 3144 3143
f 3115 3116 3144
f 3116 3145 3144
f 3116 3117 3145
f 3117 3146 3145
f 3117 3118 3146
f 3118 3147 3146
f 3118 3119 3147
f 3119 3148 3147
f 3119 3120 3148
f 3120 3149 3148
f 3120 3121 3149
f 3121 3150 3149
f 3121 3122 3150
f 3122 3151 3150
f 3122 3123 3151
f 3123 3152 3151
f 3123 3124 3152
f 3124 3153 3152
f 3124 3125 3153
f 3125 3154 3153
f 3125 3126 3154
f 3126 3155 3154
f 3126 3127 3155
f 3127 3156 3155
f 3127 3128 3156
f 3128 3157 3156
f 3128 3129 3157
f 3129 3158 3157
f 3129 3130 3158
f 3130 3159 3158
f 3130 3131 3159
f 3131 3160 3159
f 3131 3132 3160
f 3132 3161 3160
f 3132 3133 3161
f 3133 3162 3161
f 3133 3134 3162
f 3134 3163 3162
f 3134 3135 3163
f 3135 3164 3163
f 3135 3136 3164
f 3137 3166 3165
f 3137 3138 3166
f 3138 3167 3166
f 3138 3139 3167
f 3139 3168 3167
f 3139 3140 3168
f 3140 3169 3168
f 3140 3141 3169
f 3141 3170 3169
f 3141 3142 3170
f 3142 3171 3170
f 3142 3143 3171
f 3143 3172 3171
f 3143 3144 3172
f 3144 3173 3172
f 3144 3145 3173
f 3145 3174 3173
f 3145 3146 3174
f 3146 3175 3174
f 3146 3147 3175
f 3147 3176 3175
f 3147 3148 3176
f 3148 3177 3176
f 3148 3149 3177
f 3149 3178 3177
f 3149 3150 3178
f 3150 3179 3178
f 3150 3151 3179
f 3151 3180 3179
f 3151 3152 3180
f 3152 3181 3180
f 3152 3153 3181
f 3153 3182 3181
f 3153 3154 3182
f 3154 3183 3182
f 3154 3155 3183
f 3155 3184 3183
f 3155 3156 3184
f 3156 3185 3184
f 3156 3157 3185
f 3157 3186 3185
f 3157 3158 3186
f 3158 3187 3186
f 3158 3159 3187
f 3159 3188 3187
f 3159 3160 3188
f 3160 3189 3188
f 3160 3161 3189
f 3161 3190 3189
f 3161 3162 3190
f 3162 3191 3190
f 3162 3163 3191
f 3163 3192 3191
f 3163 3164 3192
f 3165 3194 3193
f 3165 3166 3194
f 3166 3195 3194
f 3166 3167 3195
f 3167 3196 3195
f 3167 3168 3196
f 3168 3197 3196
f 3168 3169 3197
f 3169 3198 3197
f 3169 3170 3198
f 3170 3199 3198
f 3170 3171 3199
f 3171 3200 3199
f 3171 3172 3200
f 3172 3201 3200
f 3172 3173 3201
f 3173 3202 3201
f 3173 3174 3202
f 3174 3203 3202
f 3174 3175 3203
f 3175 3204 3203
f 3175 3176 3204
f 3176 3205 3204
f 3176 3177 3205
f 3177 3206 3205
f 3177 3178 3206
f 3178 3207 3206
f 3178 3179 3207
f 3179 3208 3207
f 3179 3180 3208
f 3180 3209 3208
f 3180 3181 3209
f 3181 3210 3209
f 3181 3182 3210
f 3182 3211 3210
f 3182 3183 3211
f 3183 3212 3211
f 3183 3184 3212
f 3184 3213 3212
f 3184 3185 3213
f 3185 3214 3213
f 3185 3186 3214
f 3186 3215 3214
f 3186 3187 3215
f 3187 3216 3215
f 3187 3188 3216
f 3188 3217 3216
f 3188 3189 3217
f 3189 3218 3217
f 3189 3190 3218
f 3190 3219 3218
f 3190 3191 3219
f 3191 3220 3219
f 3191 3192 3220
f 3193 3222 3221
f 3193 3194 3222
f 3194 3223 3222
f 3194 3195 3223
f 3195 3224 3223
f 3195 3196 3224
f 3196 3225 3224
f 3196 3197 3225
f 3197 3226 3225
f 3197 3198 3226
f 3198 3227 3226
f 3198 3199 3227
f 3199 3228 3227
f 3199 3200 3228
f 3200 3229 3228
f 3200 3201 3229
f 3201 3230 3229
f 3201 3202 3230
f 3202 3231 3230
f 3202 3203 3231
f 3203 3232 3231
f 3203 3204 3232
f 3204 3233 3232
f 3204 3205 3233
f 3205 3234 3233
f 3205 3206 3234
f 3206 3235 3234
f 3206 3207 3235
f 3207 3236 3235
f 3207 3208 3236
f 3208 3237 3236
f 3208 3209 3237
f 3209 3238 3237
f 3209 3210 3238
f 3210 3239 3238
f 3210 3211 3239
f 3211 3240 3239
f 3211 3212 3240
f 3212 3241 3240
f 3212 3213 3241
f 3213 3242 3241
f 3213 3214 3242
f 3214 3243 3242
f 3214 3215 3243
f 3215 3244 3243
f 3215 3216 3244
f 3216 3245 3244
f 3216 3217 3245
f 3217 3246 3245
f 3217 3218 3246
f 3218 3247 3246
f 3218 3219 3247
f 3219 3248 3247
f 3219 3220 3248
f 3221 3250 3249
f 3221 3222 3250
f 3222 3251 3250
f 3222 3223 3251
f 3223 3252 3251
f 3223 3224 3252
f 3224 3253 3252
f 3224 3225 3253
f 3225 3254 3253
f 3225 3226 3254
f 3226 3255 3254
f 3226 3227 3255
f 3227 3256 3255
f 3227 3228 3256
f 3228 3257 3256
f 3228 3229 3257
f 3229 3258 3257
f 3229 3230 3258
f 3230 3259 3258
f 3230 3231 3259
f 3231 3260 3259
f 3231 3232 3260
f 3232 3261 3260
f 3232 3233 3261
f 3233 3262 3261
f 3233 3234 3262
f 3234 3263 3262
f 3234 3235 3263
f 3235 3264 3263
f 3235 3236 3264
f 3236 3265 3264
f 3236 3237 3265
f 3237 3266 3265
f 3237 3238 3266
f 3238 3267 3266
f 3238 3239 3267
f 3239 3268 3267
f 3239 3240 3268
f 3240 3269 3268
f 3240 3241 3269
f 3241 3270 3269
f 3241 3242 3270
f 3242 3271 3270
f 3242 3243 3271
f 3243 3272 3271
f 3243 3244 3272
f 3244 3273 3272
f 3244 3245 3273
f 3245 3274 3273
f 3245 3246 3274
f 3246 3275 3274
f 3246 3247 3275
f 3247 3276 3275
f 3247 3248 3276
f 3249 3278 3277
f 3249 3250 3278
f 3250 3279 3278
f 3250 3251 3279
f 3251 3280 3279
f 3251 3252 3280
f 3252 3281 3280
f 3252 3253 3281
f 3253 3282 3281
f 3253 3254 3282
f 3254 3283 3282
f 3254 3255 3283
f 3255 3284 3283
f 3255 3256 3284
f 3256 3285 3284
f 3256 3257 3285
f 3257 3286 3285
f 3257 3258 3286
f 3258 3287 3286
f 3258 3259 3287
f 3259 3288 3287
f 3259 3260 3288
f 3260 3289 3288
f 3260 3261 3289
f 3261 3290 3289
f 3261 3262 3290
f 3262 3291 3290
f 3262 3263 3291
f 3263 3292 3291
f 3263 3264 3292
f 3264 3293 3292
f 3264 3265 3293
f 3265 3294 3293
f 3265 3266 3294
f 3266 3295 3294
f 3266 3267 3295
f 3267 3296 3295
f 3267 3268 3296
f 3268 3297 3296
f 3268 3269 3297
f 3269 3298 3297
f 3269 3270 3298
f 3270 3299 3298
f 3270 3271 3299
f 3271 3300 3299
f 3271 3272 3300
f 3272 3301 3300
f 3272 3273 3301
f 3273 3302 3301
f 3273 3274 3302
f 3274 3303 3302
f 3274 3275 3303
f 3275 3304 3303
f 3275 3276 3304
f 3277 3306 3305
f 3277 3278 3306
f 3278 3307 3306
f 3278 3279 3307
f 3279 3308 3307
f 3279 3280 3308
f 3280 3309 3308
f 3280 3281 3309
f 3281 3310 3309
f 3281 3282 3310
f 3282 3311 3310
f 3282 3283 3311
f 3283 3312 3311
f 3283 3284 3312
f 3284 3313 3312
f 3284 3285 3313
f 3285 3314 3313
f 3285 3286 3314
f 3286 3315 3314
f 3286 3287 3315
f 3287 3316 3315
f 3287 3288 3316
f 3288 3317 3316
f 3288 3289 3317
f 3289 3318 3317
f 3289 3290 3318
f 3290 3319 3318
f 3290 3291 3319
f 3291 3320 3319
f 3291 3292 3320
f 3292 3321 3320
f 3292 3293 3321
f 3293 3322 3321
f 3293 3294 3322
f 3294 3323 3322
f 3294 3295 3323
f 3295 3324 3323
f 3295 3296 3324
f 3296 3325 3324
f 3296 3297 3325
f 3297 3326 3325
f 3297 3298 3326
f 3298 3327 3326
f 3298 3299 3327
f 3299 3328 3327
f 3299 3300 3328
f 3300 3329 3328
f 3300 3301 3329
f 3301 3330 3329
f 3301 3302 3330
f 3302 3331 3330
f 3302 3303 3331
f 3303 3332 3331
f 3303 3304 3332
f 3305 3334 3333
f 3305 3306 3334
f 3306 3335 3334
f 3306 3307 3335
f 3307 3336 3335
f 3307 3308 3336
f 3308 3337 3336
f 3308 3309 3337
f 3309 3338 3337
f 3309 3310 3338
f 3310 3339 3338
f 3310 3311 3339
f 3311 3340 3339
f 3311 3312 3340
f 3312 3341 3340
f 3312 3313 3341
f 3313 3342 3341
f 3313 3314 3342
f 3314 3343 3342
f 3314 3315 3343
f 3315 3344 3343
f 3315 3316 3344
f 3316 3345 3344
f 3316 3317 3345
f 3317 3346 3345
f 3317 3318 3346
f 3318 3347 3346
f 3318 3319 3347
f 3319 3348 3347
f 3319 3320 3348
f 3320 3349 3348
f 3320 3321 3349
f 3321 3350 3349
f 3321 3322 3350
f 3322 3351 3350
f 3322 3323 3351
f 3323 3352 3351
f 3323 3324 3352
f 3324 3353 3352
f 3324 3325 3353
f 3325 3354 3353
f 3325 3326 3354
f 3326 3355 3354
f 3326 3327 3355
f 3327 3356 3355
f 3327 3328 3356
f 3328 3357 3356
f 3328 3329 3357
f 3329 3358 3357
f 3329 3330 3358
f 3330 3359 3358
f 3330 3331 3359
f 3331 3360 3359
f 3331 3332 3360
f 3333 1440 1439
f 3333 3334 1440
f 3334 1488 1440
f 3334 3335 1488
f 3335 1536 1488
f 3335 3336 1536
f 3336 1584 1536
f 3336 3337 1584
f 3337 1632 1584
f 3337 3338 1632
f 3338 1680 1632
f 3338 3339 1680
f 3339 1728 1680
f 3339 3340 1728
f 3340 1776 1728
f 3340 3341 1776
f 3341 1824 1776
f 3341 3342 1824
f 3342 1872 1824
f 3342 3343 1872
f 3343 1920 1872
f 3343 3344 1920
f 3344 1968 1920
f 3344 3345 1968
f 3345 2016 1968
f 3345 3346 2016
f 3346 2064 2016
f 3346 3347 2064
f 3347 2112 2064
f 3347 3348 2112
f 3348 2160 2112
f 3348 3349 2160
f 3349 2208 2160
f 3349 3350 2208
f 3350 2256 2208
f 3350 3351 2256
f 3351 2304 2256
f 3351 3352 2304
f 3352 2352 2304
f 3352 3353 2352
f 3353 2400 2352
f 3353 3354 2400
f 3354 2448 2400
f 3354 3355 2448
f 3355 2496 2448
f 3355 3356 2496
f 3356 2544 2496
f 3356 3357 2544
f 3357 2592 2544
f 3357 3358 2592
f 3358 2640 2592
f 3358 3359 2640
f 3359 2688 2640
f 3359 3360 2688
f 1 3361 2689
f 1 2 3361
f 2689 3362 2717
f 2689 3361 3362
f 2717 3363 2745
f 2717 3362 3363
f 2745 3364 2773
f 2745 3363 3364
f 2773 3365 2801
f 2773 3364 3365
f 2801 3366 2829
f 2801 3365 3366
f 2829 3367 2857
f 2829 3366 3367
f 2857 3368 2885
f 2857 3367 3368
f 2885 3369 2913
f 2885 3368 3369
f 2913 3370 2941
f 2913 3369 3370
f 2941 3371 2969
f 2941 3370 3371
f 2969 3372 2997
f 2969 3371 3372
f 2997 1346 1345
f 2997 3372 1346
f 2 3373 3361
f 2 5 3373
f 3361 3374 3362
f 3361 3373 3374
f 3362 3375 3363
f 3362 3374 3375
f 3363 3376 3364
f 3363 3375 3376
f 3364 3377 3365
f 3364 3376 3377
f 3365 3378 3366
f 3365 3377 3378
f 3366 3379 3367
f 3366 3378 3379
f 3367 3380 3368
f 3367 3379 3380
f 3368 3381 3369
f 3368 3380 3381
f 3369 3382 3370
f 3369 3381 3382
f 3370 3383 3371
f 3370 3382 3383
f 3371 3384 3372
f 3371 3383 3384
f 3372 1349 1346
f 3372 3384 1349
f 5 3385 3373
f 5 7 3385
f 3373 3386 3374
f 3373 3385 3386
f 3374 3387 3375
f 3374 3386 3387
f 3375 3388 3376
f 3375 3387 3388
f 3376 3389 3377
f 3376 3388 3389
f 3377 3390 3378
f 3377 3389 3390
f 3378 3391 3379
f 3378 3390 3391
f 3379 3392 3380
f 3379 3391 3392
f 3380 3393 3381
f 3380 3392 3393
f 3381 3394 3382
f 3381 3393 3394
f 3382 3395 3383
f 3382 3394 3395
f 3383 3396 3384
f 3383 3395 3396
f 3384 1351 1349
f 3384 3396 1351
f 7 3397 3385
f 7 9 3397
f 3385 3398 3386
f 3385 3397 3398
f 3386 3399 3387
f 3386 3398 3399
f 3387 3400 3388
f 3387 3399 3400
f 3388 3401 3389
f 3388 3400 3401
f 3389 3402 3390
f 3389 3401 3402
f 3390 3403 3391
f 3390 3402 3403
f 3391 3404 3392
f 3391 3403 3404
f 3392 3405 3393
f 3392 3404 3405
f 3393 3406 3394
f 3393 3405 3406
f 3394 3407 3395
f 3394 3406 3407
f 3395 3408 3396
f 3395 3407 3408
f 3396 1353 1351
f 3396 3408 1353
f 9 3409 3397
f 9 11 3409
f 3397 3410 3398
f 3397 3409 3410
f 3398 3411 3399
f 3398 3410 3411
f 3399 3412 3400
f 3399 3411 3412
f 3400 3413 3401
f 3400 3412 3413
f 3401 3414 3402
f 3401 3413 3414
f 3402 3415 3403
f 3402 3414 3415
f 3403 3416 3404
f 3403 3415 3416
f 3404 3417 3405
f 3404 3416 3417
f 3405 3418 3406
f 3405 3417 3418
f 3406 3419 3407
f 3406 3418 3419
f 3407 3420 3408
f 3407 3419 3420
f 3408 1355 1353
f 3408 3420 1355
f 11 3421 3409
f 11 13 3421
f 3409 3422 3410
f 3409 3421 3422
f 3410 3423 3411
f 3410 3422 3423
f 3411 3424 3412
f 3411 3423 3424
f 3412 3425 3413
f 3412 3424 3425
f 3413 3426 3414
f 3413 3425 3426
f 3414 3427 3415
f 3414 3426 3427
f 3415 3428 3416
f 3415 3427 3428
f 3416 3429 3417
f 3416 3428 3429
f 3417 3430 3418
f 3417 3429 3430
f 3418 3431 3419
f 3418 3430 3431
f 3419 3432 3420
f 3419 3431 3432
f 3420 1357 1355
f 3420 3432 1357
f 13 3433 3421
f 13 15 3433
f 3421 3434 3422
f 3421 3433 3434
f 3422 3435 3423
f 3422 3434 3435
f 3423 3436 3424
f 3423 3435 3436
f 3424 3437 3425
f 3424 3436 3437
f 3425 3438 3426
f 3425 3437 3438
f 3426 3439 3427
f 3426 3438 3439
f 3427 3440 3428
f 3427 3439 3440
f 3428 3441 3429
f 3428 3440 3441
f 3429 3442 3430
f 3429 3441 3442
f 3430 3443 3431
f 3430 3442 3443
f 3431 3444 3432
f 3431 3443 3444
f 3432 1359 1357
f 3432 3444 1359
f 15 3445 3433
f 15 17 3445
f 3433 3446 3434
f 3433 3445 3446
f 3434 3447 3435
f 3434 3446 3447
f 3435 3448 3436
f 3435 3447 3448
f 3436 3449 3437
f 3436 3448 3449
f 3437 3450 3438
f 3437 3449 3450
f 3438 3451 3439
f 3438 3450 3451
f 3439 3452 3440
f 3439 3451 3452
f 3440 3453 3441
f 3440 3452 3453
f 3441 3454 3442
f 3441 3453 3454
f 3442 3455 3443
f 3442 3454 3455
f 3443 3456 3444
f 3443 3455 3456
f 3444 1361 1359
f 3444 3456 1361
f 17 3457 3445
f 17 19 3457
f 3445 3458 3446
f 3445 3457 3458
f 3446 3459 3447
f 3446 3458 3459
f 3447 3460 3448
f 3447 3459 3460
f 3448 3461 3449
f 3448 3460 3461
f 3449 3462 3450
f 3449 3461 3462
f 3450 3463 3451
f 3450 3462 3463
f 3451 3464 3452
f 3451 3463 3464
f 3452 3465 3453
f 3452 3464 3465
f 3453 3466 3454
f 3453 3465 3466
f 3454 3467 3455
f 3454 3466 3467
f 3455 3468 3456
f 3455 3467 3468
f 3456 1363 1361
f 3456 3468 1363
f 19 3469 3457
f 19 21 3469
f 3457 3470 3458
f 3457 3469 3470
f 3458 3471 3459
f 3458 3470 3471
f 3459 3472 3460
f 3459 3471 3472
f 3460 3473 3461
f 3460 3472 3473
f 3461 3474 3462
f 3461 3473 3474
f 3462 3475 3463
f 3462 3474 3475
f 3463 3476 3464
f 3463 3475 3476
f 3464 3477 3465
f 3464 3476 3477
f 3465 3478 3466
f 3465 3477 3478
f 3466 3479 3467
f 3466 3478 3479
f 3467 3480 3468
f 3467 3479 3480
f 3468 1365 1363
f 3468 3480 1365
f 21 3481 3469
f 21 23 3481
f 3469 3482 3470
f 3469 3481 3482
f 3470 3483 3471
f 3470 3482 3483
f 3471 3484 3472
f 3471 3483 3484
f 3472 3485 3473
f 3472 3484 3485
f 3473 3486 3474
f 3473 3485 3486
f 3474 3487 3475
f 3474 3486 3487
f 3475 3488 3476
f 3475 3487 3488
f 3476 3489 3477
f 3476 3488 3489
f 3477 3490 3478
f 3477 3489 3490
f 3478 3491 3479
f 3478 3490 3491
f 3479 3492 3480
f 3479 3491 3492
f 3480 1367 1365
f 3480 3492 1367
f 23 3493 3481
f 23 25 3493
f 3481 3494 3482
f 3481 3493 3494
f 3482 3495 3483
f 3482 3494 3495
f 3483 3496 3484
f 3483 3495 3496
f 3484 3497 3485
f 3484 3496 3497
f 3485 3498 3486
f 3485 3497 3498
f 3486 3499 3487
f 3486 3498 3499
f 3487 3500 3488
f 3487 3499 3500
f 3488 3501 3489
f 3488 3500 3501
f 3489 3502 3490
f 3489 3501 3502
f 3490 3503 3491
f 3490 3502 3503
f 3491 3504 3492
f 3491 3503 3504
f 3492 1369 1367
f 3492 3504 1369
f 25 3505 3493
f 25 27 3505
f 3493 3506 3494
f 3493 3505 3506
f 3494 3507 3495
f 3494 3506 3507
f 3495 3508 3496
f 3495 3507 3508
f 3496 3509 3497
f 3496 3508 3509
f 3497 3510 3498
f 3497 3509 3510
f 3498 3511 3499
f 3498 3510 3511
f 3499 3512 3500
f 3499 3511 3512
f 3500 3513 3501
f 3500 3512 3513
f 3501 3514 3502
f 3501 3513 3514
f 3502 3515 3503
f 3502 3514 3515
f 3503 3516 3504
f 3503 3515 3516
f 3504 1371 1369
f 3504 3516 1371
f 27 3517 3505
f 27 29 3517
f 3505 3518 3506
f 3505 3517 3518
f 3506 3519 3507
f 3506 3518 3519
f 3507 3520 3508
f 3507 3519 3520
f 3508 3521 3509
f 3508 3520 3521
f 3509 3522 3510
f 3509 3521 3522
f 3510 3523 3511
f 3510 3522 3523
f 3511 3524 3512
f 3511 3523 3524
f 3512 3525 3513
f 3512 3524 3525
f 3513 3526 3514
f 3513 3525 3526
f 3514 3527 3515
f 3514 3526 3527
f 3515 3528 3516
f 3515 3527 3528
f 3516 1373 1371
f 3516 3528 1373
f 29 3529 3517
f 29 31 3529
f 3517 3530 3518
f 3517 3529 3530
f 3518 3531 3519
f 3518 3530 3531
f 3519 3532 3520
f 3519 3531 3532
f 3520 3533 3521
f 3520 3532 3533
f 3521 3534 3522
f 3521 3533 3534
f 3522 3535 3523
f 3522 3534 3535
f 3523 3536 3524
f 3523 3535 3536
f 3524 3537 3525
f 3524 3536 3537
f 3525 3538 3526
f 3525 3537 3538
f 3526 3539 3527
f 3526 3538 3539
f 3527 3540 3528
f 3527 3539 3540
f 3528 1375 1373
f 3528 3540 1375
f 31 3541 3529
f 31 33 3541
f 3529 3542 3530
f 3529 3541 3542
f 3530 3543 3531
f 3530 3542 3543
f 3531 3544 3532
f 3531 3543 3544
f 3532 3545 3533
f 3532 3544 3545
f 3533 3546 3534
f 3533 3545 3546
f 3534 3547 3535
f 3534 3546 3547
f 3535 3548 3536
f 3535 3547 3548
f 3536 3549 3537
f 3536 3548 3549
f 3537 3550 3538
f 3537 3549 3550
f 3538 3551 3539
f 3538 3550 3551
f 3539 3552 3540
f 3539 3551 3552
f 3540 1377 1375
f 3540 3552 1377
f 33 3553 3541
f 33 35 3553
f 3541 3554 3542
f 3541 3553 3554
f 3542 3555 3543
f 3542 3554 3555
f 3543 3556 3544
f 3543 3555 3556
f 3544 3557 3545
f 3544 3556 3557
f 3545 3558 3546
f 3545 3557 3558
f 3546 3559 3547
f 3546 3558 3559
f 3547 3560 3548
f 3547 3559 3560
f 3548 3561 3549
f 3548 3560 3561
f 3549 3562 3550
f 3549 3561 3562
f 3550 3563 3551
f 3550 3562 3563
f 3551 3564 3552
f 3551 3563 3564
f 3552 1379 1377
f 3552 3564 1379
f 35 3565 3553
f 35 37 3565
f 3553 3566 3554
f 3553 3565 3566
f 3554 3567 3555
f 3554 3566 3567
f 3555 3568 3556
f 3555 3567 3568
f 3556 3569 3557
f 3556 3568 3569
f 3557 3570 3558
f 3557 3569 3570
f 3558 3571 3559
f 3558 3570 3571
f 3559 3572 3560
f 3559 3571 3572
f 3560 3573 3561
f 3560 3572 3573
f 3561 3574 3562
f 3561 3573 3574
f 3562 3575 3563
f 3562 3574 3575
f 3563 3576 3564
f 3563 3575 3576
f 3564 1381 1379
f 3564 3576 1381
f 37 3577 3565
f 37 39 3577
f 3565 3578 3566
f 3565 3577 3578
f 3566 3579 3567
f 3566 3578 3579
f 3567 3580 3568
f 3567 3579 3580
f 3568 3581 3569
f 3568 3580 3581
f 3569 3582 3570
f 3569 3581 3582
f 3570 3583 3571
f 3570 3582 3583
f 3571 3584 3572
f 3571 3583 3584
f 3572 3585 3573
f 3572 3584 3585
f 3573 3586 3574
f 3573 3585 3586
f 3574 3587 3575
f 3574 3586 3587
f 3575 3588 3576
f 3575 3587 3588
f 3576 1383 1381
f 3576 3588 1383
f 39 3589 3577
f 39 41 3589
f 3577 3590 3578
f 3577 3589 3590
f 3578 3591 3579
f 3578 3590 3591
f 3579 3592 3580
f 3579 3591 3592
f 3580 3593 3581
f 3580 3592 3593
f 3581 3594 3582
f 3581 3593 3594
f 3582 3595 3583
f 3582 3594 3595
f 3583 3596 3584
f 3583 3595 3596
f 3584 3597 3585
f 3584 3596 3597
f 3585 3598 3586
f 3585 3597 3598
f 3586 3599 3587
f 3586 3598 3599
f 3587 3600 3588
f 3587 3599 3600
f 3588 1385 1383
f 3588 3600 1385
f 41 3601 3589
f 41 43 3601
f 3589 3602 3590
f 3589 3601 3602
f 3590 3603 3591
f 3590 3602 3603
f 3591 3604 3592
f 3591 3603 3604
f 3592 3605 3593
f 3592 3604 3605
f 3593 3606 3594
f 3593 3605 3606
f 3594 3607 3595
f 3594 3606 3607
f 3595 3608 3596
f 3595 3607 3608
f 3596 3609 3597
f 3596 3608 3609
f 3597 3610 3598
f 3597 3609 3610
f 3598 3611 3599
f 3598 3610 3611
f 3599 3612 3600
f 3599 3611 3612
f 3600 1387 1385
f 3600 3612 1387
f 43 3613 3601
f 43 45 3613
f 3601 3614 3602
f 3601 3613 3614
f 3602 3615 3603
f 3602 3614 3615
f 3603 3616 3604
f 3603 3615 3616
f 3604 3617 3605
f 3604 3616 3617
f 3605 3618 3606
f 3605 3617 3618
f 3606 3619 3607
f 3606 3618 3619
f 3607 3620 3608
f 3607 3619 3620
f 3608 3621 3609
f 3608 3620 3621
f 3609 3622 3610
f 3609 3621 3622
f 3610 3623 3611
f 3610 3622 3623
f 3611 3624 3612
f 3611 3623 3624
f 3612 1389 1387
f 3612 3624 1389
f 45 3625 3613
f 45 47 3625
f 3613 3626 3614
f 3613 3625 3626
f 3614 3627 3615
f 3614 3626 3627
f 3615 3628 3616
f 3615 3627 3628
f 3616 3629 3617
f 3616 3628 3629
f 3617 3630 3618
f 3617 3629 3630
f 3618 3631 3619
f 3618 3630 3631
f 3619 3632 3620
f 3619 3631 3632
f 3620 3633 3621
f 3620 3632 3633
f 3621 3634 3622
f 3621 3633 3634
f 3622 3635 3623
f 3622 3634 3635
f 3623 3636 3624
f 3623 3635 3636
f 3624 1391 1389
f 3624 3636 1391
f 47 3637 3625
f 47 49 3637
f 3625 3638 3626
f 3625 3637 3638
f 3626 3639 3627
f 3626 3638 3639
f 3627 3640 3628
f 3627 3639 3640
f 3628 3641 3629
f 3628 3640 3641
f 3629 3642 3630
f 3629 3641 3642
f 3630 3643 3631
f 3630 3642 3643
f 3631 3644 3632
f 3631 3643 3644
f 3632 3645 3633
f 3632 3644 3645
f 3633 3646 3634
f 3633 3645 3646
f 3634 3647 3635
f 3634 3646 3647
f 3635 3648 3636
f 3635 3647 3648
f 3636 1393 1391
f 3636 3648 1393
f 49 3649 3637
f 49 51 3649
f 3637 3650 3638
f 3637 3649 3650
f 3638 3651 3639
f 3638 3650 3651
f 3639 3652 3640
f 3639 3651 3652
f 3640 3653 3641
f 3640 3652 3653
f 3641 3654 3642
f 3641 3653 3654
f 3642 3655 3643
f 3642 3654 3655
f 3643 3656 3644
f 3643 3655 3656
f 3644 3657 3645
f 3644 3656 3657
f 3645 3658 3646
f 3645 3657 3658
f 3646 3659 3647
f 3646 3658 3659
f 3647 3660 3648
f 3647 3659 3660
f 3648 1395 1393
f 3648 3660 1395
f 51 3661 3649
f 51 53 3661
f 3649 3662 3650
f 3649 3661 3662
f 3650 3663 3651
f 3650 3662 3663
f 3651 3664 3652
f 3651 3663 3664
f 3652 3665 3653
f 3652 3664 3665
f 3653 3666 3654
f 3653 3665 3666
f 3654 3667 3655
f 3654 3666 3667
f 3655 3668 3656
f 3655 3667 3668
f 3656 3669 3657
f 3656 3668 3669
f 3657 3670 3658
f 3657 3669 3670
f 3658 3671 3659
f 3658 3670 3671
f 3659 3672 3660
f 3659 3671 3672
f 3660 1397 1395
f 3660 3672 1397
f 53 3673 3661
f 53 55 3673
f 3661 3674 3662
f 3661 3673 3674
f 3662 3675 3663
f 3662 3674 3675
f 3663 3676 3664
f 3663 3675 3676
f 3664 3677 3665
f 3664 3676 3677
f 3665 3678 3666
f 3665 3677 3678
f 3666 3679 3667
f 3666 3678 3679
f 3667 3680 3668
f 3667 3679 3680
f 3668 3681 3669
f 3668 3680 3681
f 3669 3682 3670
f 3669 3681 3682
f 3670 3683 3671
f 3670 3682 3683
f 3671 3684 3672
f 3671 3683 3684
f 3672 1399 1397
f 3672 3684 1399
f 55 3685 3673
f 55 57 3685
f 3673 3686 3674
f 3673 3685 3686
f 3674 3687 3675
f 3674 3686 3687
f 3675 3688 3676
f 3675 3687 3688
f 3676 3689 3677
f 3676 3688 3689
f 3677 3690 3678
f 3677 3689 3690
f 3678 3691 3679
f 3678 3690 3691
f 3679 3692 3680
f 3679 3691 3692
f 3680 3693 3681
f 3680 3692 3693
f 3681 3694 3682
f 3681 3693 3694
f 3682 3695 3683
f 3682 3694 3695
f 3683 3696 3684
f 3683 3695 3696
f 3684 1401 1399
f 3684 3696 1401
f 57 3697 3685
f 57 59 3697
f 3685 3698 3686
f 3685 3697 3698
f 3686 3699 3687
f 3686 3698 3699
f 3687 3700 3688
f 3687 3699 3700
f 3688 3701 3689
f 3688 3700 3701
f 3689 3702 3690
f 3689 3701 3702
f 3690 3703 3691
f 3690 3702 3703
f 3691 3704 3692
f 3691 3703 3704
f 3692 3705 3693
f 3692 3704 3705
f 3693 3706 3694
f 3693 3705 3706
f 3694 3707 3695
f 3694 3706 3707
f 3695 3708 3696
f 3695 3707 3708
f 3696 1403 1401
f 3696 3708 1403
f 59 3709 3697
f 59 61 3709
f 3697 3710 3698
f 3697 3709 3710
f 3698 3711 3699
f 3698 3710 3711
f 3699 3712 3700
f 3699 3711 3712
f 3700 3713 3701
f 3700 3712 3713
f 3701 3714 3702
f 3701 3713 3714
f 3702 3715 3703
f 3702 3714 3715
f 3703 3716 3704
f 3703 3715 3716
f 3704 3717 3705
f 3704 3716 3717
f 3705 3718 3706
f 3705 3717 3718
f 3706 3719 3707
f 3706 3718 3719
f 3707 3720 3708
f 3707 3719 3720
f 3708 1405 1403
f 3708 3720 1405
f 61 3721 3709
f 61 63 3721
f 3709 3722 3710
f 3709 3721 3722
f 3710 3723 3711
f 3710 3722 3723
f 3711 3724 3712
f 3711 3723 3724
f 3712 3725 3713
f 3712 3724 3725
f 3713 3726 3714
f 3713 3725 3726
f 3714 3727 3715
f 3714 3726 3727
f 3715 3728 3716
f 3715 3727 3728
f 3716 3729 3717
f 3716 3728 3729
f 3717 3730 3718
f 3717 3729 3730
f 3718 3731 3719
f 3718 3730 3731
f 3719 3732 3720
f 3719 3731 3732
f 3720 1407 1405
f 3720 3732 1407
f 63 3733 3721
f 63 65 3733
f 3721 3734 3722
f 3721 3733 3734
f 3722 3735 3723
f 3722 3734 3735
f 3723 3736 3724
f 3723 3735 3736
f 3724 3737 3725
f 3724 3736 3737
f 3725 3738 3726
f 3725 3737 3738
f 3726 3739 3727
f 3726 3738 3739
f 3727 3740 3728
f 3727 3739 3740
f 3728 3741 3729
f 3728 3740 3741
f 3729 3742 3730
f 3729 3741 3742
f 3730 3743 3731
f 3730 3742 3743
f 3731 3744 3732
f 3731 3743 3744
f 3732 1409 1407
f 3732 3744 1409
f 65 3745 3733
f 65 67 3745
f 3733 3746 3734
f 3733 3745 3746
f 3734 3747 3735
f 3734 3746 3747
f 3735 3748 3736
f 3735 3747 3748
f 3736 3749 3737
f 3736 3748 3749
f 3737 3750 3738
f 3737 3749 3750
f 3738 3751 3739
f 3738 3750 3751
f 3739 3752 3740
f 3739 3751 3752
f 3740 3753 3741
f 3740 3752 3753
f 3741 3754 3742
f 3741 3753 3754
f 3742 3755 3743
f 3742 3754 3755
f 3743 3756 3744
f 3743 3755 3756
f 3744 1411 1409
f 3744 3756 1411
f 67 3757 3745
f 67 69 3757
f 3745 3758 3746
f 3745 3757 3758
f 3746 3759 3747
f 3746 3758 3759
f 3747 3760 3748
f 3747 3759 3760
f 3748 3761 3749
f 3748 3760 3761
f 3749 3762 3750
f 3749 3761 3762
f 3750 3763 3751
f 3750 3762 3763
f 3751 3764 3752
f 3751 3763 3764
f 3752 3765 3753
f 3752 3764 3765
f 3753 3766 3754
f 3753 3765 3766
f 3754 3767 3755
f 3754 3766 3767
f 3755 3768 3756
f 3755 3767 3768
f 3756 1413 1411
f 3756 3768 1413
f 69 3769 3757
f 69 71 3769
f 3757 3770 3758
f 3757 3769 3770
f 3758 3771 3759
f 3758 3770 3771
f 3759 3772 3760
f 3759 3771 3772
f 3760 3773 3761
f 3760 3772 3773
f 3761 3774 3762
f 3761 3773 3774
f 3762 3775 3763
f 3762 3774 3775
f 3763 3776 3764
f 3763 3775 3776
f 3764 3777 3765
f 3764 3776 3777
f 3765 3778 3766
f 3765 3777 3778
f 3766 3779 3767
f 3766 3778 3779
f 3767 3780 3768
f 3767 3779 3780
f 3768 1415 1413
f 3768 3780 1415
f 71 3781 3769
f 71 73 3781
f 3769 3782 3770
f 3769 3781 3782
f 3770 3783 3771
f 3770 3782 3783
f 3771 3784 3772
f 3771 3783 3784
f 3772 3785 3773
f 3772 3784 3785
f 3773 3786 3774
f 3773 3785 3786
f 3774 3787 3775
f 3774 3786 3787
f 3775 3788 3776
f 3775 3787 3788
f 3776 3789 3777
f 3776 3788 3789
f 3777 3790 3778
f 3777 3789 3790
f 3778 3791 3779
f 3778 3790 3791
f 3779 3792 3780
f 3779 3791 3792
f 3780 1417 1415
f 3780 3792 1417
f 73 3793 3781
f 73 75 3793
f 3781 3794 3782
f 3781 3793 3794
f 3782 3795 3783
f 3782 3794 3795
f 3783 3796 3784
f 3783 3795 3796
f 3784 3797 3785
f 3784 3796 3797
f 3785 3798 3786
f 3785 3797 3798
f 3786 3799 3787
f 3786 3798 3799
f 3787 3800 3788
f 3787 3799 3800
f 3788 3801 3789
f 3788 3800 3801
f 3789 3802 3790
f 3789 3801 3802
f 3790 3803 3791
f 3790 3802 3803
f 3791 3804 3792
f 3791 3803 3804
f 3792 1419 1417
f 3792 3804 1419
f 75 3805 3793
f 75 77 3805
f 3793 3806 3794
f 3793 3805 3806
f 3794 3807 3795
f 3794 3806 3807
f 3795 3808 3796
f 3795 3807 3808
f 3796 3809 3797
f 3796 3808 3809
f 3797 3810 3798
f 3797 3809 3810
f 3798 3811 3799
f 3798 3810 3811
f 3799 3812 3800
f 3799 3811 3812
f 3800 3813 3801
f 3800 3812 3813
f 3801 3814 3802
f 3801 3813 3814
f 3802 3815 3803
f 3802 3814 3815
f 3803 3816 3804
f 3803 3815 3816
f 3804 1421 1419
f 3804 3816 1421
f 77 3817 3805
f 77 79 3817
f 3805 3818 3806
f 3805 3817 3818
f 3806 3819 3807
f 3806 3818 3819
f 3807 3820 3808
f 3807 3819 3820
f 3808 3821 3809
f 3808 3820 3821
f 3809 3822 3810
f 3809 3821 3822
f 3810 3823 3811
f 3810 3822 3823
f 3811 3824 3812
f 3811 3823 3824
f 3812 3825 3813
f 3812 3824 3825
f 3813 3826 3814
f 3813 3825 3826
f 3814 3827 3815
f 3814 3826 3827
f 3815 3828 3816
f 3815 3827 3828
f 3816 1423 1421
f 3816 3828 1423
f 79 3829 3817
f 79 81 3829
f 3817 3830 3818
f 3817 3829 3830
f 3818 3831 3819
f 3818 3830 3831
f 3819 3832 3820
f 3819 3831 3832
f 3820 3833 3821
f 3820 3832 3833
f 3821 3834 3822
f 3821 3833 3834
f 3822 3835 3823
f 3822 3834 3835
f 3823 3836 3824
f 3823 3835 3836
f 3824 3837 3825
f 3824 3836 3837
f 3825 3838 3826
f 3825 3837 3838
f 3826 3839 3827
f 3826 3838 3839
f 3827 3840 3828
f 3827 3839 3840
f 3828 1425 1423
f 3828 3840 1425
f 81 3841 3829
f 81 83 3841
f 3829 3842 3830
f 3829 3841 3842
f 3830 3843 3831
f 3830 3842 3843
f 3831 3844 3832
f 3831 3843 3844
f 3832 3845 3833
f 3832 3844 3845
f 3833 3846 3834
f 3833 3845 3846
f 3834 3847 3835
f 3834 3846 3847
f 3835 3848 3836
f 3835 3847 3848
f 3836 3849 3837
f 3836 3848 3849
f 3837 3850 3838
f 3837 3849 3850
f 3838 3851 3839
f 3838 3850 3851
f 3839 3852 3840
f 3839 3851 3852
f 3840 1427 1425
f 3840 3852 1427
f 83 3853 3841
f 83 85 3853
f 3841 3854 3842
f 3841 3853 3854
f 3842 3855 3843
f 3842 3854 3855
f 3843 3856 3844
f 3843 3855 3856
f 3844 3857 3845
f 3844 3856 3857
f 3845 3858 3846
f 3845 3857 3858
f 3846 3859 3847
f 3846 3858 3859
f 3847 3860 3848
f 3847 3859 3860
f 3848 3861 3849
f 3848 3860 3861
f 3849 3862 3850
f 3849 3861 3862
f 3850 3863 3851
f 3850 3862 3863
f 3851 3864 3852
f 3851 3863 3864
f 3852 1429 1427
f 3852 3864 1429
f 85 3865 3853
f 85 87 3865
f 3853 3866 3854
f 3853 3865 3866
f 3854 3867 3855
f 3854 3866 3867
f 3855 3868 3856
f 3855 3867 3868
f 3856 3869 3857
f 3856 3868 3869
f 3857 3870 3858
f 3857 3869 3870
f 3858 3871 3859
f 3858 3870 3871
f 3859 3872 3860
f 3859 3871 3872
f 3860 3873 3861
f 3860 3872 3873
f 3861 3874 3862
f 3861 3873 3874
f 3862 3875 3863
f 3862 3874 3875
f 3863 3876 3864
f 3863 3875 3876
f 3864 1431 1429
f 3864 3876 1431
f 87 3877 3865
f 87 89 3877
f 3865 3878 3866
f 3865 3877 3878
f 3866 3879 3867
f 3866 3878 3879
f 3867 3880 3868
f 3867 3879 3880
f 3868 3881 3869
f 3868 3880 3881
f 3869 3882 3870
f 3869 3881 3882
f 3870 3883 3871
f 3870 3882 3883
f 3871 3884 3872
f 3871 3883 3884
f 3872 3885 3873
f 3872 3884 3885
f 3873 3886 3874
f 3873 3885 3886
f 3874 3887 3875
f 3874 3886 3887
f 3875 3888 3876
f 3875 3887 3888
f 3876 1433 1431
f 3876 3888 1433
f 89 3889 3877
f 89 91 3889
f 3877 3890 3878
f 3877 3889 3890
f 3878 3891 3879
f 3878 3890 3891
f 3879 3892 3880
f 3879 3891 3892
f 3880 3893 3881
f 3880 3892 3893
f 3881 3894 3882
f 3881 3893 3894
f 3882 3895 3883
f 3882 3894 3895
f 3883 3896 3884
f 3883 3895 3896
f 3884 3897 3885
f 3884 3896 3897
f 3885 3898 3886
f 3885 3897 3898
f 3886 3899 3887
f 3886 3898 3899
f 3887 3900 3888
f 3887 3899 3900
f 3888 1435 1433
f 3888 3900 1435
f 91 3901 3889
f 91 93 3901
f 3889 3902 3890
f 3889 3901 3902
f 3890 3903 3891
f 3890 3902 3903
f 3891 3904 3892
f 3891 3903 3904
f 3892 3905 3893
f 3892 3904 3905
f 3893 3906 3894
f 3893 3905 3906
f 3894 3907 3895
f 3894 3906 3907
f 3895 3908 3896
f 3895 3907 3908
f 3896 3909 3897
f 3896 3908 3909
f 3897 3910 3898
f 3897 3909 3910
f 3898 3911 3899
f 3898 3910 3911
f 3899 3912 3900
f 3899 3911 3912
f 3900 1437 1435
f 3900 3912 1437
f 93 3025 3901
f 93 95 3025
f 3901 3053 3902
f 3901 3025 3053
f 3902 3081 3903
f 3902 3053 3081
f 3903 3109 3904
f 3903 3081 3109
f 3904 3137 3905
f 3904 3109 3137
f 3905 3165 3906
f 3905 3137 3165
f 3906 3193 3907
f 3906 3165 3193
f 3907 3221 3908
f 3907 3193 3221
f 3908 3249 3909
f 3908 3221 3249
f 3909 3277 3910
f 3909 3249 3277
f 3910 3305 3911
f 3910 3277 3305
f 3911 3333 3912
f 3911 3305 3333
f 3912 1439 1437
f 3912 3333 1439
f 1298 2716 3913
f 1298 3913 1297
f 2716 2744 3914
f 2716 3914 3913
f 2744 2772 3915
f 2744 3915 3914
f 2772 2800 3916
f 2772 3916 3915
f 2800 2828 3917
f 2800 3917 3916
f 2828 2856 3918
f 2828 3918 3917
f 2856 2884 3919
f 2856 3919 3918
f 2884 2912 3920
f 2884 3920 3919
f 2912 2940 3921
f 2912 3921 3920
f 2940 2968 3922
f 2940 3922 3921
f 2968 2996 3923
f 2968 3923 3922
f 2996 3024 3924
f 2996 3924 3923
f 3024 2642 2641
f 3024 2641 3924
f 1297 3913 3925
f 1297 3925 1299
f 3913 3914 3926
f 3913 3926 3925
f 3914 3915 3927
f 3914 3927 3926
f 3915 3916 3928
f 3915 3928 3927
f 3916 3917 3929
f 3916 3929 3928
f 3917 3918 3930
f 3917 3930 3929
f 3918 3919 3931
f 3918 3931 3930
f 3919 3920 3932
f 3919 3932 3931
f 3920 3921 3933
f 3920 3933 3932
f 3921 3922 3934
f 3921 3934 3933
f 3922 3923 3935
f 3922 3935 3934
f 3923 3924 3936
f 3923 3936 3935
f 3924 2641 2643
f 3924 2643 3936
f 1299 3925 3937
f 1299 3937 1300
f 3925 3926 3938
f 3925 3938 3937
f 3926 3927 3939
f 3926 3939 3938
f 3927 3928 3940
f 3927 3940 3939
f 3928 3929 3941
f 3928 3941 3940
f 3929 3930 3942
f 3929 3942 3941
f 3930 3931 3943
f 3930 3943 3942
f 3931 3932 3944
f 3931 3944 3943
f 3932 3933 3945
f 3932 3945 3944
f 3933 3934 3946
f 3933 3946 3945
f 3934 3935 3947
f 3934 3947 3946
f 3935 3936 3948
f 3935 3948 3947
f 3936 2643 2644
f 3936 2644 3948
f 1300 3937 3949
f 1300 3949 1301
f 3937 3938 3950
f 3937 3950 3949
f 3938 3939 3951
f 3938 3951 3950
f 3939 3940 3952
f 3939 3952 3951
f 3940 3941 3953
f 3940 3953 3952
f 3941 3942 3954
f 3941 3954 3953
f 3942 3943 3955
f 3942 3955 3954
f 3943 3944 3956
f 3943 3956 3955
f 3944 3945 3957
f 3944 3957 3956
f 3945 3946 3958
f 3945 3958 3957
f 3946 3947 3959
f 3946 3959 3958
f 3947 3948 3960
f 3947 3960 3959
f 3948 2644 2645
f 3948 2645 3960
f 1301 3949 3961
f 1301 3961 1302
f 3949 3950 3962
f 3949 3962 3961
f 3950 3951 3963
f 3950 3963 3962
f 3951 3952 3964
f 3951 3964 3963
f 3952 3953 3965
f 3952 3965 3964
f 3953 3954 3966
f 3953 3966 3965
f 3954 3955 3967
f 3954 3967 3966
f 3955 3956 3968
f 3955 3968 3967
f 3956 3957 3969
f 3956 3969 3968
f 3957 3958 3970
f 3957 3970 3969
f 3958 3959 3971
f 3958 3971 3970
f 3959 3960 3972
f 3959 3972 3971
f 3960 2645 2646
f 3960 2646 3972
f 1302 3961 3973
f 1302 3973 1303
f 3961 3962 3974
f 3961 3974 3973
f 3962 3963 3975
f 3962 3975 3974
f 3963 3964 3976
f 3963 3976 3975
f 3964 3965 3977
f 3964 3977 3976
f 3965 3966 3978
f 3965 3978 3977
f 3966 3967 3979
f 3966 3979 3978
f 3967 3968 3980
f 3967 3980 3979
f 3968 3969 3981
f 3968 3981 3980
f 3969 3970 3982
f 3969 3982 3981
f 3970 3971 3983
f 3970 3983 3982
f 3971 3972 3984
f 3971 3984 3983
f 3972 2646 2647
f 3972 2647 3984
f 1303 3973 3985
f 1303 3985 1304
f 3973 3974 3986
f 3973 3986 3985
f 3974 3975 3987
f 3974 3987 3986
f 3975 3976 3988
f 3975 3988 3987
f 3976 3977 3989
f 3976 3989 3988
f 3977 3978 3990
f 3977 3990 3989
f 3978 3979 3991
f 3978 3991 3990
f 3979 3980 3992
f 3979 3992 3991
f 3980 3981 3993
f 3980 3993 3992
f 3981 3982 3994
f 3981 3994 3993
f 3982 3983 3995
f 3982 3995 3994
f 3983 3984 3996
f 3983 3996 3995
f 3984 2647 2648
f 3984 2648 3996
f 1304 3985 3997
f 1304 3997 1305
f 3985 3986 3998
f 3985 3998 3997
f 3986 3987 3999
f 3986 3999 3998
f 3987 3988 4000
f 3987 4000 3999
f 3988 3989 4001
f 3988 4001 4000
f 3989 3990 4002
f 3989 4002 4001
f 3990 3991 4003
f 3990 4003 4002
f 3991 3992 4004
f 3991 4004 4003
f 3992 3993 4005
f 3992 4005 4004
f 3993 3994 4006
f 3993 4006 4005
f 3994 3995 4007
f 3994 4007 4006
f 3995 3996 4008
f 3995 4008 4007
f 3996 2648 2649
f 3996 2649 4008
f 1305 3997 4009
f 1305 4009 1306
f 3997 3998 4010
f 3997 4010 4009
f 3998 3999 4011
f 3998 4011 4010
f 3999 4000 4012
f 3999 4012 4011
f 4000 4001 4013
f 4000 4013 4012
f 4001 4002 4014
f 4001 4014 4013
f 4002 4003 4015
f 4002 4015 4014
f 4003 4004 4016
f 4003 4016 4015
f 4004 4005 4017
f 4004 4017 4016
f 4005 4006 4018
f 4005 4018 4017
f 4006 4007 4019
f 4006 4019 4018
f 4007 4008 4020
f 4007 4020 4019
f 4008 2649 2650
f 4008 2650 4020
f 1306 4009 4021
f 1306 4021 1307
f 4009 4010 4022
f 4009 4022 4021
f 4010 4011 4023
f 4010 4023 4022
f 4011 4012 4024
f 4011 4024 4023
f 4012 4013 4025
f 4012 4025 4024
f 4013 4014 4026
f 4013 4026 4025
f 4014 4015 4027
f 4014 4027 4026
f 4015 4016 4028
f 4015 4028 4027
f 4016 4017 4029
f 4016 4029 4028
f 4017 4018 4030
f 4017 4030 4029
f 4018 4019 4031
f 4018 4031 4030
f 4019 4020 4032
f 4019 4032 4031
f 4020 2650 2651
f 4020 2651 4032
f 1307 4021 4033
f 1307 4033 1308
f 4021 4022 4034
f 4021 4034 4033
f 4022 4023 4035
f 4022 4035 4034
f 4023 4024 4036
f 4023 4036 4035
f 4024 4025 4037
f 4024 4037 4036
f 4025 4026 4038
f 4025 4038 4037
f 4026 4027 4039
f 4026 4039 4038
f 4027 4028 4040
f 4027 4040 4039
f 4028 4029 4041
f 4028 4041 4040
f 4029 4030 4042
f 4029 4042 4041
f 4030 4031 4043
f 4030 4043 4042
f 4031 4032 4044
f 4031 4044 4043
f 4032 2651 2652
f 4032 2652 4044
f 1308 4033 4045
f 1308 4045 1309
f 4033 4034 4046
f 4033 4046 4045
f 4034 4035 4047
f 4034 4047 4046
f 4035 4036 4048
f 4035 4048 4047
f 4036 4037 4049
f 4036 4049 4048
f 4037 4038 4050
f 4037 4050 4049
f 4038 4039 4051
f 4038 4051 4050
f 4039 4040 4052
f 4039 4052 4051
f 4040 4041 4053
f 4040 4053 4052
f 4041 4042 4054
f 4041 4054 4053
f 4042 4043 4055
f 4042 4055 4054
f 4043 4044 4056
f 4043 4056 4055
f 4044 2652 2653
f 4044 2653 4056
f 1309 4045 4057
f 1309 4057 1310
f 4045 4046 4058
f 4045 4058 4057
f 4046 4047 4059
f 4046 4059 4058
f 4047 4048 4060
f 4047 4060 4059
f 4048 4049 4061
f 4048 4061 4060
f 4049 4050 4062
f 4049 4062 4061
f 4050 4051 4063
f 4050 4063 4062
f 4051 4052 4064
f 4051 4064 4063
f 4052 4053 4065
f 4052 4065 4064
f 4053 4054 4066
f 4053 4066 4065
f 4054 4055 4067
f 4054 4067 4066
f 4055 4056 4068
f 4055 4068 4067
f 4056 2653 2654
f 4056 2654 4068
f 1310 4057 4069
f 1310 4069 1311
f 4057 4058 4070
f 4057 4070 4069
f 4058 4059 4071
f 4058 4071 4070
f 4059 4060 4072
f 4059 4072 4071
f 4060 4061 4073
f 4060 4073 4072
f 4061 4062 4074
f 4061 4074 4073
f 4062 4063 4075
f 4062 4075 4074
f 4063 4064 4076
f 4063 4076 4075
f 4064 4065 4077
f 4064 4077 4076
f 4065 4066 4078
f 4065 4078 4077
f 4066 4067 4079
f 4066 4079 4078
f 4067 4068 4080
f 4067 4080 4079
f 4068 2654 2655
f 4068 2655 4080
f 1311 4069 4081
f 1311 4081 1312
f 4069 4070 4082
f 4069 4082 4081
f 4070 4071 4083
f 4070 4083 4082
f 4071 4072 4084
f 4071 4084 4083
f 4072 4073 4085
f 4072 4085 4084
f 4073 4074 4086
f 4073 4086 4085
f 4074 4075 4087
f 4074 4087 4086
f 4075 4076 4088
f 4075 4088 4087
f 4076 4077 4089
f 4076 4089 4088
f 4077 4078 4090
f 4077 4090 4089
f 4078 4079 4091
f 4078 4091 4090
f 4079 4080 4092
f 4079 4092 4091
f 4080 2655 2656
f 4080 2656 4092
f 1312 4081 4093
f 1312 4093 1313
f 4081 4082 4094
f 4081 4094 4093
f 4082 4083 4095
f 4082 4095 4094
f 4083 4084 4096
f 4083 4096 4095
f 4084 4085 4097
f 4084 4097 4096
f 4085 4086 4098
f 4085 4098 4097
f 4086 4087 4099
f 4086 4099 4098
f 4087 4088 4100
f 4087 4100 4099
f 4088 4089 4101
f 4088 4101 4100
f 4089 4090 4102
f 4089 4102 4101
f 4090 4091 4103
f 4090 4103 4102
f 4091 4092 4104
f 4091 4104 4103
f 4092 2656 2657
f 4092 2657 4104
f 1313 4093 4105
f 1313 4105 1314
f 4093 4094 4106
f 4093 4106 4105
f 4094 4095 4107
f 4094 4107 4106
f 4095 4096 4108
f 4095 4108 4107
f 4096 4097 4109
f 4096 4109 4108
f 4097 4098 4110
f 4097 4110 4109
f 4098 4099 4111
f 4098 4111 4110
f 4099 4100 4112
f 4099 4112 4111
f 4100 4101 4113
f 4100 4113 4112
f 4101 4102 4114
f 4101 4114 4113
f 4102 4103 4115
f 4102 4115 4114
f 4103 4104 4116
f 4103 4116 4115
f 4104 2657 2658
f 4104 2658 4116
f 1314 4105 4117
f 1314 4117 1315
f 4105 4106 4118
f 4105 4118 4117
f 4106 4107 4119
f 4106 4119 4118
f 4107 4108 4120
f 4107 4120 4119
f 4108 4109 4121
f 4108 4121 4120
f 4109 4110 4122
f 4109 4122 4121
f 4110 4111 4123
f 4110 4123 4122
f 4111 4112 4124
f 4111 4124 4123
f 4112 4113 4125
f 4112 4125 4124
f 4113 4114 4126
f 4113 4126 4125
f 4114 4115 4127
f 4114 4127 4126
f 4115 4116 4128
f 4115 4128 4127
f 4116 2658 2659
f 4116 2659 4128
f 1315 4117 4129
f 1315 4129 1316
f 4117 4118 4130
f 4117 4130 4129
f 4118 4119 4131
f 4118 4131 4130
f 4119 4120 4132
f 4119 4132 4131
f 4120 4121 4133
f 4120 4133 4132
f 4121 4122 4134
f 4121 4134 4133
f 4122 4123 4135
f 4122 4135 4134
f 4123 4124 4136
f 4123 4136 4135
f 4124 4125 4137
f 4124 4137 4136
f 4125 4126 4138
f 4125 4138 4137
f 4126 4127 4139
f 4126 4139 4138
f 4127 4128 4140
f 4127 4140 4139
f 4128 2659 2660
f 4128 2660 4140
f 1316 4129 4141
f 1316 4141 1317
f 4129 4130 4142
f 4129 4142 4141
f 4130 4131 4143
f 4130 4143 4142
f 4131 4132 4144
f 4131 4144 4143
f 4132 4133 4145
f 4132 4145 4144
f 4133 4134 4146
f 4133 4146 4145
f 4134 4135 4147
f 4134 4147 4146
f 4135 4136 4148
f 4135 4148 4147
f 4136 4137 4149
f 4136 4149 4148
f 4137 4138 4150
f 4137 4150 4149
f 4138 4139 4151
f 4138 4151 4150
f 4139 4140 4152
f 4139 4152 4151
f 4140 2660 2661
f 4140 2661 4152
f 1317 4141 4153
f 1317 4153 1318
f 4141 4142 4154
f 4141 4154 4153
f 4142 4143 4155
f 4142 4155 4154
f 4143 4144 4156
f 4143 4156 4155
f 4144 4145 4157
f 4144 4157 4156
f 4145 4146 4158
f 4145 4158 4157
f 4146 4147 4159
f 4146 4159 4158
f 4147 4148 4160
f 4147 4160 4159
f 4148 4149 4161
f 4148 4161 4160
f 4149 4150 4162
f 4149 4162 4161
f 4150 4151 4163
f 4150 4163 4162
f 4151 4152 4164
f 4151 4164 4163
f 4152 2661 2662
f 4152 2662 4164
f 1318 4153 4165
f 1318 4165 1319
f 4153 4154 4166
f 4153 4166 4165
f 4154 4155 4167
f 4154 4167 4166
f 4155 4156 4168
f 4155 4168 4167
f 4156 4157 4169
f 4156 4169 4168
f 4157 4158 4170
f 4157 4170 4169
f 4158 4159 4171
f 4158 4171 4170
f 4159 4160 4172
f 4159 4172 4171
f 4160 4161 4173
f 4160 4173 4172
f 4161 4162 4174
f 4161 4174 4173
f 4162 4163 4175
f 4162 4175 4174
f 4163 4164 4176
f 4163 4176 4175
f 4164 2662 2663
f 4164 2663 4176
f 1319 4165 4177
f 1319 4177 1320
f 4165 4166 4178
f 4165 4178 4177
f 4166 4167 4179
f 4166 4179 4178
f 4167 4168 4180
f 4167 4180 4179
f 4168 4169 4181
f 4168 4181 4180
f 4169 4170 4182
f 4169 4182 4181
f 4170 4171 4183
f 4170 4183 4182
f 4171 4172 4184
f 4171 4184 4183
f 4172 4173 4185
f 4172 4185 4184
f 4173 4174 4186
f 4173 4186 4185
f 4174 4175 4187
f 4174 4187 4186
f 4175 4176 4188
f 4175 4188 4187
f 4176 2663 2664
f 4176 2664 4188
f 1320 4177 4189
f 1320 4189 1321
f 4177 4178 4190
f 4177 4190 4189
f 4178 4179 4191
f 4178 4191 4190
f 4179 4180 4192
f 4179 4192 4191
f 4180 4181 4193
f 4180 4193 4192
f 4181 4182 4194
f 4181 4194 4193
f 4182 4183 4195
f 4182 4195 4194
f 4183 4184 4196
f 4183 4196 4195
f 4184 4185 4197
f 4184 4197 4196
f 4185 4186 4198
f 4185 4198 4197
f 4186 4187 4199
f 4186 4199 4198
f 4187 4188 4200
f 4187 4200 4199
f 4188 2664 2665
f 4188 2665 4200
f 1321 4189 4201
f 1321 4201 1322
f 4189 4190 4202
f 4189 4202 4201
f 4190 4191 4203
f 4190 4203 4202
f 4191 4192 4204
f 4191 4204 4203
f 4192 4193 4205
f 4192 4205 4204
f 4193 4194 4206
f 4193 4206 4205
f 4194 4195 4207
f 4194 4207 4206
f 4195 4196 4208
f 4195 4208 4207
f 4196 4197 4209
f 4196 4209 4208
f 4197 4198 4210
f 4197 4210 4209
f 4198 4199 4211
f 4198 4211 4210
f 4199 4200 4212
f 4199 4212 4211
f 4200 2665 2666
f 4200 2666 4212
f 1322 4201 4213
f 1322 4213 1323
f 4201 4202 4214
f 4201 4214 4213
f 4202 4203 4215
f 4202 4215 4214
f 4203 4204 4216
f 4203 4216 4215
f 4204 4205 4217
f 4204 4217 4216
f 4205 4206 4218
f 4205 4218 4217
f 4206 4207 4219
f 4206 4219 4218
f 4207 4208 4220
f 4207 4220 4219
f 4208 4209 4221
f 4208 4221 4220
f 4209 4210 4222
f 4209 4222 4221
f 4210 4211 4223
f 4210 4223 4222
f 4211 4212 4224
f 4211 4224 4223
f 4212 2666 2667
f 4212 2667 4224
f 1323 4213 4225
f 1323 4225 1324
f 4213 4214 4226
f 4213 4226 4225
f 4214 4215 4227
f 4214 4227 4226
f 4215 4216 4228
f 4215 4228 4227
f 4216 4217 4229
f 4216 4229 4228
f 4217 4218 4230
f 4217 4230 4229
f 4218 4219 4231
f 4218 4231 4230
f 4219 4220 4232
f 4219 4232 4231
f 4220 4221 4233
f 4220 4233 4232
f 4221 4222 4234
f 4221 4234 4233
f 4222 4223 4235
f 4222 4235 4234
f 4223 4224 4236
f 4223 4236 4235
f 4224 2667 2668
f 4224 2668 4236
f 1324 4225 4237
f 1324 4237 1325
f 4225 4226 4238
f 4225 4238 4237
f 4226 4227 4239
f 4226 4239 4238
f 4227 4228 4240
f 4227 4240 4239
f 4228 4229 4241
f 4228 4241 4240
f 4229 4230 4242
f 4229 4242 4241
f 4230 4231 4243
f 4230 4243 4242
f 4231 4232 4244
f 4231 4244 4243
f 4232 4233 4245
f 4232 4245 4244
f 4233 4234 4246
f 4233 4246 4245
f 4234 4235 4247
f 4234 4247 4246
f 4235 4236 4248
f 4235 4248 4247
f 4236 2668 2669
f 4236 2669 4248
f 1325 4237 4249
f 1325 4249 1326
f 4237 4238 4250
f 4237 4250 4249
f 4238 4239 4251
f 4238 4251 4250
f 4239 4240 4252
f 4239 4252 4251
f 4240 4241 4253
f 4240 4253 4252
f 4241 4242 4254
f 4241 4254 4253
f 4242 4243 4255
f 4242 4255 4254
f 4243 4244 4256
f 4243 4256 4255
f 4244 4245 4257
f 4244 4257 4256
f 4245 4246 4258
f 4245 4258 4257
f 4246 4247 4259
f 4246 4259 4258
f 4247 4248 4260
f 4247 4260 4259
f 4248 2669 2670
f 4248 2670 4260
f 1326 4249 4261
f 1326 4261 1327
f 4249 4250 4262
f 4249 4262 4261
f 4250 4251 4263
f 4250 4263 4262
f 4251 4252 4264
f 4251 4264 4263
f 4252 4253 4265
f 4252 4265 4264
f 4253 4254 4266
f 4253 4266 4265
f 4254 4255 4267
f 4254 4267 4266
f 4255 4256 4268
f 4255 4268 4267
f 4256 4257 4269
f 4256 4269 4268
f 4257 4258 4270
f 4257 4270 4269
f 4258 4259 4271
f 4258 4271 4270
f 4259 4260 4272
f 4259 4272 4271
f 4260 2670 2671
f 4260 2671 4272
f 1327 4261 4273
f 1327 4273 1328
f 4261 4262 4274
f 4261 4274 4273
f 4262 4263 4275
f 4262 4275 4274
f 4263 4264 4276
f 4263 4276 4275
f 4264 4265 4277
f 4264 4277 4276
f 4265 4266 4278
f 4265 4278 4277
f 4266 4267 4279
f 4266 4279 4278
f 4267 4268 4280
f 4267 4280 4279
f 4268 4269 4281
f 4268 4281 4280
f 4269 4270 4282
f 4269 4282 4281
f 4270 4271 4283
f 4270 4283 4282
f 4271 4272 4284
f 4271 4284 4283
f 4272 2671 2672
f 4272 2672 4284
f 1328 4273 4285
f 1328 4285 1329
f 4273 4274 4286
f 4273 4286 4285
f 4274 4275 4287
f 4274 4287 4286
f 4275 4276 4288
f 4275 4288 4287
f 4276 4277 4289
f 4276 4289 4288
f 4277 4278 4290
f 4277 4290 4289
f 4278 4279 4291
f 4278 4291 4290
f 4279 4280 4292
f 4279 4292 4291
f 4280 4281 4293
f 4280 4293 4292
f 4281 4282 4294
f 4281 4294 4293
f 4282 4283 4295
f 4282 4295 4294
f 4283 4284 4296
f 4283 4296 4295
f 4284 2672 2673
f 4284 2673 4296
f 1329 4285 4297
f 1329 4297 1330
f 4285 4286 4298
f 4285 4298 4297
f 4286 4287 4299
f 4286 4299 4298
f 4287 4288 4300
f 4287 4300 4299
f 4288 4289 4301
f 4288 4301 4300
f 4289 4290 4302
f 4289 4302 4301
f 4290 4291 4303
f 4290 4303 4302
f 4291 4292 4304
f 4291 4304 4303
f 4292 4293 4305
f 4292 4305 4304
f 4293 4294 4306
f 4293 4306 4305
f 4294 4295 4307
f 4294 4307 4306
f 4295 4296 4308
f 4295 4308 4307
f 4296 2673 2674
f 4296 2674 4308
f 1330 4297 4309
f 1330 4309 1331
f 4297 4298 4310
f 4297 4310 4309
f 4298 4299 4311
f 4298 4311 4310
f 4299 4300 4312
f 4299 4312 4311
f 4300 4301 4313
f 4300 4313 4312
f 4301 4302 4314
f 4301 4314 4313
f 4302 4303 4315
f 4302 4315 4314
f 4303 4304 4316
f 4303 4316 4315
f 4304 4305 4317
f 4304 4317 4316
f 4305 4306 4318
f 4305 4318 4317
f 4306 4307 4319
f 4306 4319 4318
f 4307 4308 4320
f 4307 4320 4319
f 4308 2674 2675
f 4308 2675 4320
f 1331 4309 4321
f 1331 4321 1332
f 4309 4310 4322
f 4309 4322 4321
f 4310 4311 4323
f 4310 4323 4322
f 4311 4312 4324
f 4311 4324 4323
f 4312 4313 4325
f 4312 4325 4324
f 4313 4314 4326
f 4313 4326 4325
f 4314 4315 4327
f 4314 4327 4326
f 4315 4316 4328
f 4315 4328 4327
f 4316 4317 4329
f 4316 4329 4328
f 4317 4318 4330
f 4317 4330 4329
f 4318 4319 4331
f 4318 4331 4330
f 4319 4320 4332
f 4319 4332 4331
f 4320 2675 2676
f 4320 2676 4332
f 1332 4321 4333
f 1332 4333 1333
f 4321 4322 4334
f 4321 4334 4333
f 4322 4323 4335
f 4322 4335 4334
f 4323 4324 4336
f 4323 4336 4335
f 4324 4325 4337
f 4324 4337 4336
f 4325 4326 4338
f 4325 4338 4337
f 4326 4327 4339
f 4326 4339 4338
f 4327 4328 4340
f 4327 4340 4339
f 4328 4329 4341
f 4328 4341 4340
f 4329 4330 4342
f 4329 4342 4341
f 4330 4331 4343
f 4330 4343 4342
f 4331 4332 4344
f 4331 4344 4343
f 4332 2676 2677
f 4332 2677 4344
f 1333 4333 4345
f 1333 4345 1334
f 4333 4334 4346
f 4333 4346 4345
f 4334 4335 4347
f 4334 4347 4346
f 4335 4336 4348
f 4335 4348 4347
f 4336 4337 4349
f 4336 4349 4348
f 4337 4338 4350
f 4337 4350 4349
f 4338 4339 4351
f 4338 4351 4350
f 4339 4340 4352
f 4339 4352 4351
f 4340 4341 4353
f 4340 4353 4352
f 4341 4342 4354
f 4341 4354 4353
f 4342 4343 4355
f 4342 4355 4354
f 4343 4344 4356
f 4343 4356 4355
f 4344 2677 2678
f 4344 2678 4356
f 1334 4345 4357
f 1334 4357 1335
f 4345 4346 4358
f 4345 4358 4357
f 4346 4347 4359
f 4346 4359 4358
f 4347 4348 4360
f 4347 4360 4359
f 4348 4349 4361
f 4348 4361 4360
f 4349 4350 4362
f 4349 4362 4361
f 4350 4351 4363
f 4350 4363 4362
f 4351 4352 4364
f 4351 4364 4363
f 4352 4353 4365
f 4352 4365 4364
f 4353 4354 4366
f 4353 4366 4365
f 4354 4355 4367
f 4354 4367 4366
f 4355 4356 4368
f 4355 4368 4367
f 4356 2678 2679
f 4356 2679 4368
f 1335 4357 4369
f 1335 4369 1336
f 4357 4358 4370
f 4357 4370 4369
f 4358 4359 4371
f 4358 4371 4370
f 4359 4360 4372
f 4359 4372 4371
f 4360 4361 4373
f 4360 4373 4372
f 4361 4362 4374
f 4361 4374 4373
f 4362 4363 4375
f 4362 4375 4374
f 4363 4364 4376
f 4363 4376 4375
f 4364 4365 4377
f 4364 4377 4376
f 4365 4366 4378
f 4365 4378 4377
f 4366 4367 4379
f 4366 4379 4378
f 4367 4368 4380
f 4367 4380 4379
f 4368 2679 2680
f 4368 2680 4380
f 1336 4369 4381
f 1336 4381 1337
f 4369 4370 4382
f 4369 4382 4381
f 4370 4371 4383
f 4370 4383 4382
f 4371 4372 4384
f 4371 4384 4383
f 4372 4373 4385
f 4372 4385 4384
f 4373 4374 4386
f 4373 4386 4385
f 4374 4375 4387
f 4374 4387 4386
f 4375 4376 4388
f 4375 4388 4387
f 4376 4377 4389
f 4376 4389 4388
f 4377 4378 4390
f 4377 4390 4389
f 4378 4379 4391
f 4378 4391 4390
f 4379 4380 4392
f 4379 4392 4391
f 4380 2680 2681
f 4380 2681 4392
f 1337 4381 4393
f 1337 4393 1338
f 4381 4382 4394
f 4381 4394 4393
f 4382 4383 4395
f 4382 4395 4394
f 4383 4384 4396
f 4383 4396 4395
f 4384 4385 4397
f 4384 4397 4396
f 4385 4386 4398
f 4385 4398 4397
f 4386 4387 4399
f 4386 4399 4398
f 4387 4388 4400
f 4387 4400 4399
f 4388 4389 4401
f 4388 4401 4400
f 4389 4390 4402
f 4389 4402 4401
f 4390 4391 4403
f 4390 4403 4402
f 4391 4392 4404
f 4391 4404 4403
f 4392 2681 2682
f 4392 2682 4404
f 1338 4393 4405
f 1338 4405 1339
f 4393 4394 4406
f 4393 4406 4405
f 4394 4395 4407
f 4394 4407 4406
f 4395 4396 4408
f 4395 4408 4407
f 4396 4397 4409
f 4396 4409 4408
f 4397 4398 4410
f 4397 4410 4409
f 4398 4399 4411
f 4398 4411 4410
f 4399 4400 4412
f 4399 4412 4411
f 4400 4401 4413
f 4400 4413 4412
f 4401 4402 4414
f 4401 4414 4413
f 4402 4403 4415
f 4402 4415 4414
f 4403 4404 4416
f 4403 4416 4415
f 4404 2682 2683
f 4404 2683 4416
f 1339 4405 4417
f 1339 4417 1340
f 4405 4406 4418
f 4405 4418 4417
f 4406 4407 4419
f 4406 4419 4418
f 4407 4408 4420
f 4407 4420 4419
f 4408 4409 4421
f 4408 4421 4420
f 4409 4410 4422
f 4409 4422 4421
f 4410 4411 4423
f 4410 4423 4422
f 4411 4412 4424
f 4411 4424 4423
f 4412 4413 4425
f 4412 4425 4424
f 4413 4414 4426
f 4413 4426 4425
f 4414 4415 4427
f 4414 4427 4426
f 4415 4416 4428
f 4415 4428 4427
f 4416 2683 2684
f 4416 2684 4428
f 1340 4417 4429
f 1340 4429 1341
f 4417 4418 4430
f 4417 4430 4429
f 4418 4419 4431
f 4418 4431 4430
f 4419 4420 4432
f 4419 4432 4431
f 4420 4421 4433
f 4420 4433 4432
f 4421 4422 4434
f 4421 4434 4433
f 4422 4423 4435
f 4422 4435 4434
f 4423 4424 4436
f 4423 4436 4435
f 4424 4425 4437
f 4424 4437 4436
f 4425 4426 4438
f 4425 4438 4437
f 4426 4427 4439
f 4426 4439 4438
f 4427 4428 4440
f 4427 4440 4439
f 4428 2684 2685
f 4428 2685 4440
f 1341 4429 4441
f 1341 4441 1342
f 4429 4430 4442
f 4429 4442 4441
f 4430 4431 4443
f 4430 4443 4442
f 4431 4432 4444
f 4431 4444 4443
f 4432 4433 4445
f 4432 4445 4444
f 4433 4434 4446
f 4433 4446 4445
f 4434 4435 4447
f 4434 4447 4446
f 4435 4436 4448
f 4435 4448 4447
f 4436 4437 4449
f 4436 4449 4448
f 4437 4438 4450
f 4437 4450 4449
f 4438 4439 4451
f 4438 4451 4450
f 4439 4440 4452
f 4439 4452 4451
f 4440 2685 2686
f 4440 2686 4452
f 1342 4441 4453
f 1342 4453 1343
f 4441 4442 4454
f 4441 4454 4453
f 4442 4443 4455
f 4442 4455 4454
f 4443 4444 4456
f 4443 4456 4455
f 4444 4445 4457
f 4444 4457 4456
f 4445 4446 4458
f 4445 4458 4457
f 4446 4447 4459
f 4446 4459 4458
f 4447 4448 4460
f 4447 4460 4459
f 4448 4449 4461
f 4448 4461 4460
f 4449 4450 4462
f 4449 4462 4461
f 4450 4451 4463
f 4450 4463 4462
f 4451 4452 4464
f 4451 4464 4463
f 4452 2686 2687
f 4452 2687 4464
f 1343 4453 3052
f 1343 3052 1344
f 4453 4454 3080
f 4453 3080 3052
f 4454 4455 3108
f 4454 3108 3080
f 4455 4456 3136
f 4455 3136 3108
f 4456 4457 3164
f 4456 3164 3136
f 4457 4458 3192
f 4457 3192 3164
f 4458 4459 3220
f 4458 3220 3192
f 4459 4460 3248
f 4459 3248 3220
f 4460 4461 3276
f 4460 3276 3248
f 4461 4462 3304
f 4461 3304 3276
f 4462 4463 3332
f 4462 3332 3304
f 4463 4464 3360
f 4463 3360 3332
f 4464 2687 2688
f 4464 2688 3360
