# Cliff v4
v -19.355 0.000 -5.444
v -18.547 0.000 -5.484
v -18.420 1.076 -5.375
v -19.252 0.967 -5.358
v -17.746 0.000 -5.525
v -17.669 1.058 -5.458
v -16.822 0.000 -5.465
v -16.790 0.921 -5.434
v -15.934 0.000 -5.431
v -15.894 0.946 -5.398
v -15.131 0.000 -5.474
v -15.084 1.062 -5.435
v -14.322 0.000 -5.513
v -14.270 1.110 -5.469
v -13.698 0.000 -5.705
v -13.434 1.139 -5.485
v -12.977 0.000 -5.815
v -12.752 1.131 -5.626
v -12.198 0.000 -5.876
v -11.933 1.122 -5.653
v -11.435 0.000 -5.813
v -11.101 1.170 -5.668
v -10.542 0.132 -5.772
v -10.434 1.266 -5.685
v -9.638 0.196 -5.727
v -9.535 1.355 -5.644
v -8.736 0.300 -5.690
v -8.663 1.369 -5.629
v -7.983 0.476 -5.781
v -7.915 1.372 -5.723
v -7.190 0.554 -5.830
v -7.122 1.405 -5.773
v -6.392 0.587 -5.877
v -6.274 1.391 -5.780
v -5.610 0.493 -5.931
v -5.414 1.431 -5.768
v -4.805 0.313 -5.967
v -4.740 1.449 -5.915
v -3.966 0.199 -5.976
v -3.888 1.344 -5.912
v -3.072 0.131 -5.939
v -2.965 1.303 -5.851
v -2.115 0.136 -5.852
v -2.006 1.364 -5.762
v -1.245 0.146 -5.838
v -1.079 1.390 -5.698
v -0.387 0.142 -5.829
v -0.135 1.331 -5.622
v 0.457 0.163 -5.836
v 0.733 1.323 -5.608
v 1.604 0.313 -5.589
v 1.558 1.359 -5.627
v 2.269 0.506 -5.744
v 2.306 1.388 -5.716
v 2.788 0.625 -6.022
v 3.028 1.389 -5.823
v 3.688 0.653 -5.980
v 3.823 1.463 -5.873
v 4.453 0.620 -6.056
v 4.544 1.562 -5.983
v 5.332 0.570 -6.030
v 5.467 1.471 -5.921
v 6.246 0.545 -5.981
v 6.383 1.399 -5.872
v 7.264 0.406 -5.837
v 7.379 1.412 -5.746
v 8.055 0.221 -5.890
v 8.269 1.309 -5.712
v 8.896 0.017 -5.904
v 8.993 1.043 -5.818
v 9.740 0.000 -5.908
v 9.806 0.896 -5.849
v 10.646 0.000 -5.861
v 10.748 0.816 -5.768
v 11.635 0.000 -5.744
v 11.665 0.692 -5.712
v 12.466 0.000 -5.756
v 12.703 0.598 -5.560
v 13.108 0.000 -5.794
v 13.280 0.636 -5.652
v 14.004 0.000 -5.754
v 14.083 0.729 -5.689
v 14.906 0.000 -5.710
v 15.013 0.800 -5.619
v 15.893 0.000 -5.600
v 15.920 0.872 -5.572
v 16.575 0.000 -5.745
v 16.717 1.058 -5.622
v 17.242 0.072 -5.898
v 17.417 1.221 -5.757
v 17.880 0.240 -6.084
v 18.036 1.306 -5.956
v 18.928 0.289 -5.927
v 18.875 1.313 -5.970
v 19.839 0.336 -5.873
v 19.809 1.269 -5.897
v -18.479 2.097 -5.425
v -19.434 2.069 -5.509
v -17.657 2.074 -5.448
v -16.795 1.978 -5.437
v -15.988 2.043 -5.477
v -15.139 2.186 -5.480
v -14.318 2.203 -5.504
v -13.455 2.137 -5.494
v -12.681 2.052 -5.561
v -11.831 2.022 -5.563
v -10.887 2.052 -5.483
v -10.053 2.161 -5.497
v -9.415 2.256 -5.546
v -8.643 2.267 -5.613
v -7.815 2.279 -5.636
v -7.007 2.355 -5.671
v -6.135 2.393 -5.657
v -5.428 2.453 -5.772
v -4.648 2.507 -5.834
v -3.767 2.418 -5.813
v -2.905 2.396 -5.804
v -1.950 2.441 -5.719
v -0.993 2.452 -5.626
v -0.277 2.407 -5.739
v 0.557 2.378 -5.754
v 1.423 2.280 -5.741
v 2.312 2.189 -5.713
v 3.118 2.154 -5.749
v 3.905 2.222 -5.804
v 4.633 2.369 -5.908
v 5.475 2.416 -5.914
v 6.413 2.414 -5.844
v 7.291 2.402 -5.819
v 8.115 2.283 -5.841
v 8.886 2.010 -5.905
v 9.681 1.858 -5.948
v 10.654 1.750 -5.844
v 11.685 1.650 -5.693
v 12.670 1.620 -5.583
v 13.530 1.639 -5.576
v 14.353 1.693 -5.596
v 15.074 1.768 -5.572
v 15.795 1.854 -5.679
v 16.660 1.986 -5.673
v 17.408 2.096 -5.767
v 18.170 2.160 -5.846
v 18.952 2.174 -5.903
v 20.067 2.188 -5.814
v -18.610 3.233 -5.542
v -19.506 3.292 -5.577
v -17.807 3.206 -5.578
v -16.812 3.153 -5.455
v -16.074 3.148 -5.548
v -15.239 3.183 -5.559
v -14.396 3.168 -5.564
v -13.698 3.083 -5.692
v -12.951 3.045 -5.784
v -12.159 3.052 -5.835
v -11.140 3.074 -5.691
v -10.180 3.189 -5.601
v -9.357 3.249 -5.629
v -8.408 3.257 -5.551
v -7.527 3.290 -5.522
v -6.687 3.389 -5.532
v -5.854 3.496 -5.548
v -5.042 3.531 -5.582
v -4.268 3.564 -5.650
v -3.563 3.519 -5.772
v -2.795 3.521 -5.845
v -1.801 3.508 -5.726
v -1.132 3.484 -5.738
v -0.505 3.479 -5.929
v 0.332 3.453 -5.942
v 1.211 3.316 -5.917
v 2.206 3.235 -5.799
v 3.291 3.255 -5.738
v 4.082 3.246 -5.788
v 4.753 3.277 -5.936
v 5.329 3.433 -6.032
v 6.179 3.518 -6.034
v 7.125 3.402 -5.955
v 7.977 3.235 -5.952
v 8.848 3.000 -5.936
v 9.820 2.846 -5.833
v 10.688 2.743 -5.815
v 11.678 2.744 -5.697
v 12.691 2.855 -5.562
v 13.638 2.824 -5.486
v 14.339 2.797 -5.612
v 15.070 2.896 -5.573
v 15.804 2.993 -5.679
v 16.594 2.984 -5.730
v 17.277 3.011 -5.873
v 18.280 3.091 -5.881
v 19.137 3.126 -5.877
v 20.068 3.198 -5.806
v -18.626 4.661 -5.556
v -19.534 4.641 -5.603
v -17.765 4.626 -5.545
v -16.968 4.472 -5.592
v -16.145 4.391 -5.608
v -15.186 4.417 -5.513
v -14.265 4.418 -5.456
v -13.538 4.461 -5.558
v -12.825 4.493 -5.676
v -12.038 4.491 -5.731
v -10.998 4.582 -5.574
v -10.144 4.664 -5.570
v -9.224 4.743 -5.511
v -8.304 4.709 -5.453
v -7.451 4.665 -5.453
v -6.683 4.598 -5.523
v -5.818 4.549 -5.513
v -5.029 4.525 -5.567
v -4.204 4.539 -5.593
v -3.350 4.720 -5.594
v -2.673 4.876 -5.744
v -1.842 4.820 -5.760
v -1.055 4.775 -5.811
v -0.588 4.754 -6.003
v 0.296 4.747 -5.976
v 1.376 4.699 -5.922
v 2.350 4.585 -5.819
v 3.127 4.525 -5.880
v 4.009 4.460 -5.850
v 4.827 4.446 -5.877
v 5.584 4.636 -5.954
v 6.235 4.738 -5.989
v 7.187 4.546 -5.906
v 8.058 4.367 -5.885
v 8.948 4.355 -5.847
v 9.886 4.285 -5.773
v 10.778 4.249 -5.736
v 11.811 4.185 -5.582
v 12.726 4.109 -5.527
v 13.649 4.091 -5.469
v 14.537 4.074 -5.440
v 15.298 4.037 -5.514
v 16.048 4.007 -5.601
v 16.776 4.012 -5.709
v 17.451 4.040 -5.859
v 18.311 4.204 -5.855
v 19.163 4.229 -5.855
v 20.023 4.137 -5.843
v -19.014 6.148 -5.752
v -19.696 6.075 -5.606
v -18.087 6.133 -5.687
v -17.185 6.002 -5.641
v -16.297 5.832 -5.607
v -15.363 5.754 -5.535
v -14.535 5.794 -5.558
v -13.835 5.965 -5.687
v -12.874 6.179 -5.730
v -12.154 6.254 -5.839
v -11.158 6.294 -5.715
v -10.310 6.282 -5.707
v -9.345 6.257 -5.612
v -8.281 6.130 -5.433
v -7.425 5.887 -5.431
v -6.641 5.703 -5.493
v -5.862 5.625 -5.555
v -4.961 5.625 -5.514
v -4.128 5.719 -5.527
v -3.346 6.004 -5.586
v -2.628 6.232 -5.705
v -1.832 6.221 -5.751
v -0.938 6.198 -5.716
v -0.257 6.209 -5.865
v 0.561 6.194 -5.893
v 1.499 6.067 -5.819
v 2.346 5.899 -5.820
v 3.108 5.824 -5.896
v 4.109 5.748 -5.769
v 4.959 5.776 -5.769
v 5.778 6.015 -5.797
v 6.372 6.130 -5.879
v 7.236 6.056 -5.863
v 8.197 5.929 -5.768
v 9.010 5.851 -5.792
v 9.931 5.742 -5.730
v 10.928 5.533 -5.603
v 11.940 5.425 -5.467
v 12.768 5.416 -5.489
v 13.685 5.381 -5.435
v 14.572 5.324 -5.403
v 15.363 5.333 -5.458
v 16.126 5.333 -5.535
v 16.910 5.300 -5.594
v 17.721 5.285 -5.635
v 18.459 5.267 -5.733
v 19.146 5.259 -5.869
v 20.029 5.250 -5.842
v -19.038 7.331 -5.771
v -19.811 7.292 -5.701
v -18.216 7.328 -5.792
v -17.305 7.271 -5.742
v -16.374 7.116 -5.675
v -15.490 7.003 -5.643
v -14.707 7.043 -5.704
v -14.042 7.207 -5.862
v -13.153 7.424 -5.835
v -12.239 7.508 -5.786
v -11.409 7.517 -5.797
v -10.474 7.503 -5.719
v -9.490 7.507 -5.608
v -8.507 7.406 -5.494
v -7.637 7.123 -5.481
v -6.868 6.948 -5.550
v -5.959 6.903 -5.503
v -5.172 6.923 -5.555
v -4.296 7.050 -5.528
v -3.534 7.330 -5.604
v -2.855 7.542 -5.755
v -1.781 7.547 -5.708
v -1.072 7.550 -5.825
v -0.399 7.598 -5.980
v 0.386 7.579 -6.034
v 1.375 7.398 -5.917
v 2.360 7.208 -5.807
v 3.239 7.126 -5.788
v 4.083 7.035 -5.791
v 4.980 7.029 -5.750
v 5.642 7.189 -5.776
v 6.456 7.267 -5.808
v 7.317 7.277 -5.794
v 8.224 7.202 -5.744
v 9.134 7.077 -5.689
v 10.008 6.932 -5.664
v 10.988 6.653 -5.554
v 12.104 6.561 -5.464
v 12.960 6.622 -5.463
v 13.972 6.586 -5.332
v 14.610 6.528 -5.374
v 15.313 6.586 -5.500
v 16.159 6.652 -5.511
v 16.958 6.663 -5.551
v 17.636 6.654 -5.699
v 18.358 6.529 -5.815
v 19.317 6.503 -5.861
v 20.090 6.554 -5.792
v -18.934 8.345 -5.682
v -19.752 8.353 -5.651
v -18.033 8.336 -5.639
v -17.230 8.299 -5.681
v -16.381 8.210 -5.681
v -15.424 8.121 -5.725
v -14.591 8.171 -5.741
v -14.030 8.268 -5.853
v -13.203 8.238 -5.877
v -12.287 8.203 -5.827
v -11.474 8.169 -5.852
v -10.586 8.245 -5.815
v -9.529 8.458 -5.640
v -8.501 8.461 -5.493
v -7.657 8.261 -5.499
v -6.784 8.152 -5.480
v -5.943 8.152 -5.488
v -5.077 8.228 -5.472
v -4.240 8.409 -5.482
v -3.389 8.556 -5.480
v -2.629 8.629 -5.563
v -1.587 8.578 -5.543
v -0.970 8.579 -5.739
v -0.303 8.662 -5.896
v 0.513 8.645 -5.924
v 1.427 8.456 -5.870
v 2.329 8.285 -5.833
v 3.079 8.171 -5.788
v 3.934 8.133 -5.781
v 4.875 8.174 -5.703
v 5.811 8.222 -5.633
v 6.511 8.238 -5.758
v 7.367 8.142 -5.750
v 8.355 8.015 -5.633
v 9.278 7.906 -5.566
v 10.162 7.817 -5.534
v 11.065 7.689 -5.491
v 11.973 7.589 -5.440
v 12.833 7.556 -5.437
v 14.011 7.574 -5.298
v 14.705 7.616 -5.430
v 15.607 7.614 -5.388
v 16.401 7.637 -5.441
v 17.145 7.853 -5.528
v 17.830 7.993 -5.669
v 18.604 8.007 -5.739
v 19.429 7.995 -5.762
v 20.339 7.940 -5.714
v -18.712 9.313 -5.489
v -19.575 9.273 -5.501
v -17.941 9.297 -5.554
v -17.169 9.200 -5.627
v -16.448 9.131 -5.736
v -15.477 9.062 -5.772
v -14.901 9.058 -5.867
v -14.180 9.024 -5.976
v -13.252 8.892 -5.917
v -12.309 8.836 -5.843
v -11.466 8.843 -5.846
v -10.618 9.034 -5.844
v -9.744 9.331 -5.825
v -8.860 9.406 -5.798
v -7.929 9.274 -5.729
v -6.987 9.247 -5.653
v -6.015 9.339 -5.551
v -5.135 9.320 -5.519
v -4.125 9.325 -5.383
v -3.280 9.334 -5.389
v -2.587 9.290 -5.526
v -1.819 9.329 -5.601
v -0.904 9.331 -5.685
v -0.178 9.314 -5.789
v 0.670 9.286 -5.791
v 1.568 9.161 -5.752
v 2.226 9.100 -5.786
v 3.029 9.067 -5.827
v 3.864 9.034 -5.837
v 4.846 9.058 -5.725
v 5.764 9.152 -5.669
v 6.589 9.203 -5.689
v 7.415 9.160 -5.706
v 8.351 9.035 -5.635
v 9.301 8.808 -5.548
v 10.217 8.765 -5.491
v 11.181 8.783 -5.392
v 11.980 8.700 -5.439
v 12.804 8.618 -5.466
v 13.871 8.641 -5.417
v 14.716 8.700 -5.423
v 15.597 8.794 -5.397
v 16.391 8.863 -5.444
v 17.222 9.009 -5.462
v 17.916 9.195 -5.595
v 18.692 9.300 -5.662
v 19.461 9.264 -5.733
v 20.417 8.972 -5.641
v -18.592 10.431 -5.382
v -19.415 10.298 -5.365
v -17.932 10.416 -5.538
v -17.219 10.249 -5.661
v -16.463 10.149 -5.747
v -15.736 10.091 -5.854
v -15.027 10.012 -5.976
v -14.298 9.896 -6.082
v -13.352 9.821 -6.008
v -12.419 9.807 -5.942
v -11.556 9.800 -5.930
v -10.739 9.956 -5.956
v -9.843 10.217 -5.914
v -8.910 10.313 -5.843
v -7.944 10.225 -5.746
v -7.066 10.238 -5.720
v -6.103 10.330 -5.625
v -5.074 10.295 -5.472
v -4.108 10.237 -5.373
v -3.257 10.150 -5.372
v -2.568 10.019 -5.511
v -1.749 9.992 -5.543
v -0.978 9.941 -5.612
v -0.100 9.893 -5.721
v 0.759 9.881 -5.714
v 1.729 9.851 -5.617
v 2.251 9.836 -5.759
v 3.055 9.849 -5.801
v 3.923 9.861 -5.783
v 4.920 9.905 -5.660
v 5.822 10.014 -5.619
v 6.609 10.062 -5.669
v 7.554 10.115 -5.585
v 8.462 10.071 -5.538
v 9.409 9.872 -5.455
v 10.460 9.879 -5.419
v 11.438 9.936 -5.311
v 12.238 9.923 -5.359
v 12.988 9.917 -5.447
v 13.864 9.936 -5.424
v 14.612 9.965 -5.509
v 15.502 9.993 -5.472
v 16.341 9.973 -5.483
v 17.195 9.991 -5.480
v 18.051 10.088 -5.482
v 18.793 10.149 -5.577
v 19.547 10.110 -5.658
v 20.384 9.838 -5.535
v -18.648 11.661 -5.430
v -19.503 11.501 -5.441
v -17.932 11.651 -5.538
v -17.189 11.488 -5.631
v -16.361 11.442 -5.658
v -15.718 11.463 -5.840
v -15.056 11.283 -6.003
v -14.363 11.087 -6.141
v -13.505 11.165 -6.143
v -12.622 11.235 -6.120
v -11.698 11.208 -6.056
v -10.778 11.248 -5.994
v -9.830 11.351 -5.907
v -8.856 11.378 -5.799
v -7.752 11.290 -5.720
v -6.888 11.324 -5.706
v -5.960 11.371 -5.641
v -4.928 11.353 -5.484
v -4.020 11.247 -5.436
v -3.137 11.013 -5.406
v -2.317 10.782 -5.435
v -1.528 10.648 -5.488
v -0.705 10.597 -5.513
v 0.028 10.618 -5.611
v 0.876 10.656 -5.614
v 1.791 10.775 -5.563
v 2.555 10.791 -5.635
v 3.186 10.837 -5.687
v 4.106 10.871 -5.627
v 5.233 10.869 -5.527
v 6.039 10.891 -5.567
v 6.802 10.885 -5.641
v 7.651 11.089 -5.635
v 8.680 11.196 -5.485
v 9.604 11.102 -5.425
v 10.458 11.124 -5.421
v 11.238 11.124 -5.481
v 12.069 11.194 -5.501
v 12.867 11.330 -5.548
v 13.768 11.355 -5.504
v 14.733 11.377 -5.406
v 15.450 11.318 -5.517
v 16.243 11.190 -5.565
v 17.206 11.040 -5.471
v 18.079 10.904 -5.459
v 18.745 10.763 -5.620
v 19.565 10.734 -5.648
v 20.409 10.734 -5.516
v -18.718 12.899 -5.490
v -19.829 12.898 -5.581
v -17.993 12.885 -5.593
v -17.238 12.837 -5.676
v -16.339 12.810 -5.640
v -15.715 12.789 -5.836
v -15.088 12.680 -6.032
v -14.359 12.607 -6.144
v -13.548 12.595 -6.182
v -12.775 12.587 -6.253
v -11.783 12.688 -6.129
v -10.611 12.722 -5.986
v -9.892 12.625 -6.096
v -8.948 12.651 -6.013
v -7.813 12.747 -5.773
v -6.945 12.767 -5.751
v -6.008 12.753 -5.679
v -4.913 12.624 -5.472
v -4.018 12.292 -5.431
v -3.217 12.023 -5.467
v -2.530 11.813 -5.609
v -1.586 11.724 -5.532
v -0.685 11.750 -5.493
v 0.183 11.712 -5.483
v 1.020 11.704 -5.496
v 1.776 11.737 -5.577
v 2.617 11.815 -5.586
v 3.464 11.992 -5.587
v 4.308 12.117 -5.591
v 5.251 12.178 -5.513
v 6.023 12.091 -5.585
v 6.792 12.016 -5.653
v 7.753 12.153 -5.559
v 8.654 12.309 -5.513
v 9.561 12.453 -5.466
v 10.392 12.527 -5.482
v 11.108 12.544 -5.593
v 11.988 12.575 -5.571
v 12.982 12.577 -5.456
v 13.860 12.559 -5.430
v 14.788 12.515 -5.360
v 15.501 12.578 -5.477
v 16.280 12.542 -5.537
v 17.114 12.137 -5.552
v 17.925 11.794 -5.589
v 18.609 11.674 -5.733
v 19.479 11.690 -5.720
v 20.296 11.871 -5.611
v -18.626 14.106 -5.415
v -19.608 14.090 -5.527
v -17.891 14.102 -5.509
v -17.113 14.065 -5.573
v -16.209 13.975 -5.533
v -15.607 13.880 -5.753
v -14.980 13.854 -5.945
v -14.225 13.871 -6.032
v -13.432 13.829 -6.083
v -12.703 13.804 -6.186
v -11.776 13.850 -6.119
v -10.649 13.905 -6.017
v -9.892 13.962 -6.094
v -8.940 14.039 -6.006
v -7.829 14.090 -5.783
v -6.870 14.137 -5.688
v -5.919 14.164 -5.604
v -4.915 14.031 -5.476
v -4.005 13.685 -5.417
v -3.182 13.374 -5.436
v -2.467 13.150 -5.554
v -1.572 13.067 -5.522
v -0.705 13.087 -5.511
v 0.165 13.110 -5.496
v 0.981 13.102 -5.526
v 1.816 13.065 -5.541
v 2.687 13.133 -5.526
v 3.479 13.306 -5.575
v 4.436 13.384 -5.485
v 5.300 13.428 -5.472
v 6.017 13.485 -5.587
v 6.825 13.502 -5.623
v 7.730 13.573 -5.577
v 8.636 13.700 -5.528
v 9.635 13.831 -5.405
v 10.369 13.904 -5.500
v 11.242 13.888 -5.481
v 12.093 13.903 -5.480
v 13.003 13.915 -5.433
v 13.922 13.928 -5.376
v 14.642 13.920 -5.482
v 15.461 13.889 -5.511
v 16.333 13.785 -5.495
v 17.172 13.449 -5.503
v 17.962 13.156 -5.552
v 18.682 13.063 -5.668
v 19.469 13.089 -5.723
v 20.366 13.286 -5.681
v -18.649 15.050 -5.434
v -19.539 15.025 -5.469
v -17.745 15.059 -5.390
v -16.957 15.078 -5.444
v -16.307 15.026 -5.615
v -15.680 14.954 -5.812
v -14.785 14.922 -5.782
v -13.982 14.838 -5.822
v -13.235 14.664 -5.904
v -12.505 14.599 -6.006
v -11.690 14.656 -6.035
v -10.782 14.827 -5.989
v -9.856 15.092 -5.927
v -8.936 15.239 -5.865
v -7.907 15.311 -5.710
v -6.926 15.446 -5.599
v -5.957 15.531 -5.638
v -4.901 15.422 -5.464
v -4.127 15.112 -5.385
v -3.350 14.769 -5.445
v -2.594 14.520 -5.529
v -1.847 14.375 -5.618
v -0.933 14.292 -5.570
v -0.044 14.313 -5.540
v 0.822 14.304 -5.526
v 1.691 14.224 -5.511
v 2.697 14.245 -5.515
v 3.483 14.347 -5.566
v 4.416 14.405 -5.494
v 5.330 14.506 -5.445
v 6.078 14.734 -5.531
v 6.832 14.842 -5.610
v 7.670 14.860 -5.621
v 8.573 14.956 -5.576
v 9.568 15.080 -5.456
v 10.436 15.195 -5.444
v 11.205 15.173 -5.509
v 12.135 15.156 -5.444
v 12.894 15.165 -5.525
v 13.760 15.204 -5.509
v 14.568 15.247 -5.544
v 15.437 15.169 -5.528
v 16.369 15.008 -5.464
v 17.186 14.772 -5.490
v 17.969 14.563 -5.549
v 18.729 14.483 -5.626
v 19.486 14.498 -5.704
v 20.346 14.622 -5.697
v -18.708 15.862 -5.486
v -19.616 15.902 -5.536
v -17.855 15.868 -5.481
v -17.024 15.938 -5.499
v -16.354 16.021 -5.658
v -15.611 16.127 -5.753
v -14.683 15.902 -5.689
v -13.801 15.516 -5.659
v -13.035 15.358 -5.735
v -12.273 15.340 -5.812
v -11.355 15.460 -5.754
v -10.540 15.697 -5.783
v -9.590 15.971 -5.696
v -8.759 16.149 -5.711
v -7.801 16.368 -5.621
v -6.872 16.529 -5.558
v -6.068 16.535 -5.600
v -5.242 16.492 -5.615
v -4.257 16.255 -5.500
v -3.474 15.791 -5.551
v -2.652 15.463 -5.580
v -1.872 15.329 -5.639
v -1.017 15.229 -5.639
v -0.108 15.242 -5.597
v 0.738 15.262 -5.600
v 1.559 15.288 -5.622
v 2.473 15.210 -5.564
v 3.434 15.083 -5.471
v 4.379 15.249 -5.392
v 5.378 15.542 -5.403
v 6.172 15.723 -5.455
v 6.907 15.777 -5.551
v 7.793 15.802 -5.521
v 8.701 15.900 -5.473
v 9.579 16.088 -5.452
v 10.335 16.268 -5.398
v 11.282 16.361 -5.312
v 11.989 16.350 -5.435
v 12.713 16.341 -5.544
v 13.661 16.295 -5.462
v 14.585 16.231 -5.397
v 15.438 16.146 -5.395
v 16.251 15.936 -5.425
v 16.991 15.719 -5.519
v 17.872 15.474 -5.629
v 18.681 15.237 -5.666
v 19.555 15.202 -5.650
v 20.338 15.291 -5.707
v -18.803 16.815 -5.567
v -19.628 16.712 -5.549
v -17.959 16.814 -5.570
v -17.067 16.735 -5.531
v -16.246 16.724 -5.563
v -15.415 16.735 -5.583
v -14.571 16.673 -5.585
v -13.761 16.539 -5.617
v -12.951 16.447 -5.658
v -12.057 16.420 -5.629
v -11.313 16.487 -5.715
v -10.523 16.638 -5.763
v -9.687 16.860 -5.775
v -8.854 16.989 -5.788
v -7.883 17.174 -5.685
v -7.052 17.297 -5.701
v -6.224 17.297 -5.724
v -5.360 17.220 -5.711
v -4.346 16.965 -5.574
v -3.482 16.634 -5.558
v -2.611 16.420 -5.543
v -1.830 16.404 -5.604
v -0.805 16.382 -5.596
v 0.106 16.342 -5.549
v 0.930 16.324 -5.571
v 1.719 16.269 -5.619
v 2.557 16.249 -5.492
v 3.472 16.278 -5.438
v 4.451 16.331 -5.329
v 5.128 16.481 -5.475
v 5.886 16.667 -5.555
v 6.784 16.735 -5.647
v 7.590 16.674 -5.683
v 8.636 16.726 -5.522
v 9.702 16.944 -5.345
v 10.363 17.107 -5.367
v 11.163 17.131 -5.405
v 11.976 17.126 -5.441
v 12.754 17.151 -5.506
v 13.728 17.172 -5.404
v 14.584 17.194 -5.393
v 15.431 17.034 -5.397
v 16.251 16.739 -5.425
v 17.058 16.543 -5.459
v 17.828 16.329 -5.527
v 18.773 16.041 -5.585
v 19.593 16.008 -5.614
v 20.399 16.162 -5.651
v -19.075 17.776 -5.798
v -19.832 17.615 -5.721
v -18.158 17.780 -5.741
v -17.087 17.667 -5.549
v -16.214 17.633 -5.534
v -15.384 17.666 -5.551
v -14.583 17.738 -5.592
v -13.752 17.771 -5.606
v -12.915 17.786 -5.628
v -12.118 17.785 -5.676
v -11.412 17.822 -5.795
v -10.609 17.922 -5.832
v -9.748 18.090 -5.824
v -8.889 18.159 -5.817
v -7.999 18.261 -5.781
v -7.178 18.340 -5.800
v -6.323 18.349 -5.803
v -5.489 18.254 -5.815
v -4.484 17.996 -5.688
v -3.550 17.747 -5.619
v -2.632 17.619 -5.563
v -1.812 17.689 -5.589
v -1.029 17.797 -5.646
v -0.216 17.851 -5.681
v 0.631 17.842 -5.685
v 1.633 17.738 -5.557
v 2.558 17.623 -5.491
v 3.497 17.587 -5.420
v 4.458 17.546 -5.328
v 5.115 17.585 -5.488
v 5.854 17.730 -5.579
v 6.739 17.793 -5.682
v 7.581 17.702 -5.688
v 8.606 17.734 -5.545
v 9.748 17.918 -5.309
v 10.241 18.045 -5.464
v 11.003 18.055 -5.535
v 11.899 18.031 -5.503
v 12.732 18.040 -5.521
v 13.669 18.067 -5.449
v 14.556 18.102 -5.413
v 15.342 17.969 -5.472
v 16.084 17.723 -5.565
v 16.931 17.566 -5.565
v 17.814 17.395 -5.542
v 18.824 17.200 -5.545
v 19.495 17.174 -5.692
v 20.328 17.251 -5.706
v -19.043 18.888 -5.775
v -19.802 18.711 -5.697
v -18.156 18.925 -5.744
v -17.144 18.934 -5.605
v -16.213 18.971 -5.537
v -15.358 19.057 -5.531
v -14.580 19.118 -5.590
v -13.767 19.135 -5.618
v -12.979 19.200 -5.682
v -12.089 19.223 -5.657
v -11.331 19.256 -5.730
v -10.522 19.347 -5.764
v -9.638 19.494 -5.737
v -8.815 19.536 -5.757
v -7.903 19.567 -5.700
v -7.020 19.678 -5.668
v -6.215 19.774 -5.711
v -5.297 19.648 -5.656
v -4.515 19.348 -5.717
v -3.654 19.097 -5.711
v -2.814 18.982 -5.721
v -1.954 18.990 -5.710
v -1.063 19.096 -5.676
v -0.247 19.218 -5.711
v 0.601 19.250 -5.714
v 1.586 19.239 -5.600
v 2.536 19.067 -5.515
v 3.507 18.925 -5.414
v 4.391 18.864 -5.385
v 5.151 18.860 -5.462
v 5.786 18.950 -5.642
v 6.509 18.999 -5.747
v 7.381 18.932 -5.728
v 8.368 18.983 -5.614
v 9.439 19.098 -5.435
v 10.186 19.195 -5.513
v 10.924 19.257 -5.604
v 11.799 19.206 -5.586
v 12.852 19.167 -5.424
v 13.679 19.159 -5.441
v 14.483 19.161 -5.478
v 15.306 19.134 -5.503
v 16.126 19.007 -5.531
v 16.981 18.794 -5.529
v 17.768 18.598 -5.585
v 18.772 18.606 -5.591
v 19.605 18.599 -5.608
v 20.347 18.504 -5.696
v -18.974 20.072 -5.578
v -19.777 20.110 -5.534
v -18.125 20.077 -5.582
v -17.019 20.127 -5.499
v -16.199 20.174 -5.525
v -15.395 20.245 -5.562
v -14.694 20.257 -5.690
v -13.946 20.251 -5.777
v -13.138 20.282 -5.819
v -12.288 20.282 -5.822
v -11.378 20.331 -5.774
v -10.557 20.447 -5.801
v -9.651 20.705 -5.753
v -8.743 20.770 -5.702
v -7.880 20.721 -5.688
v -7.075 20.876 -5.720
v -6.165 21.057 -5.673
v -5.264 20.982 -5.630
v -4.426 20.782 -5.640
v -3.663 20.589 -5.716
v -2.880 20.474 -5.775
v -2.082 20.509 -5.816
v -1.207 20.561 -5.795
v -0.305 20.593 -5.754
v 0.608 20.560 -5.702
v 1.549 20.375 -5.629
v 2.508 20.292 -5.541
v 3.386 20.314 -5.516
v 4.301 20.253 -5.460
v 5.075 20.222 -5.529
v 5.806 20.298 -5.627
v 6.580 20.333 -5.690
v 7.458 20.440 -5.663
v 8.423 20.536 -5.568
v 9.448 20.487 -5.425
v 10.256 20.508 -5.455
v 10.941 20.481 -5.590
v 11.854 20.410 -5.543
v 12.830 20.367 -5.446
v 13.625 20.392 -5.486
v 14.394 20.442 -5.551
v 15.437 20.518 -5.527
v 16.296 20.476 -5.526
v 17.144 20.269 -5.399
v 17.806 20.028 -5.551
v 18.574 19.790 -5.623
v 19.508 19.743 -5.560
v 20.276 19.760 -5.621
v -19.018 21.110 -5.617
v -19.837 21.246 -5.587
v -18.155 21.064 -5.609
v -17.236 20.979 -5.547
v -16.334 21.015 -5.634
v -15.623 21.102 -5.753
v -14.874 21.168 -5.844
v -14.028 21.248 -5.852
v -13.326 21.252 -5.978
v -12.466 21.233 -5.973
v -11.610 21.328 -5.967
v -10.761 21.466 -5.969
v -9.762 21.636 -5.849
v -8.844 21.710 -5.791
v -7.920 21.728 -5.723
v -6.996 21.933 -5.659
v -6.188 22.167 -5.694
v -5.317 22.115 -5.672
v -4.427 21.976 -5.643
v -3.631 21.791 -5.691
v -2.882 21.636 -5.780
v -2.064 21.570 -5.805
v -1.140 21.539 -5.742
v -0.321 21.562 -5.768
v 0.554 21.567 -5.747
v 1.489 21.554 -5.681
v 2.478 21.563 -5.566
v 3.161 21.609 -5.571
v 4.093 21.592 -5.500
v 4.909 21.580 -5.534
v 5.657 21.723 -5.619
v 6.391 21.800 -5.713
v 7.535 21.780 -5.599
v 8.494 21.802 -5.508
v 9.448 21.823 -5.422
v 10.157 21.854 -5.537
v 10.907 21.851 -5.620
v 11.826 21.777 -5.569
v 12.851 21.719 -5.430
v 13.578 21.750 -5.525
v 14.278 21.781 -5.649
v 15.199 21.714 -5.591
v 16.163 21.543 -5.503
v 17.059 21.278 -5.468
v 17.699 20.975 -5.638
v 18.521 20.671 -5.661
v 19.444 20.608 -5.607
v 20.294 20.611 -5.613
v -18.967 21.857 -5.573
v -19.755 22.003 -5.516
v -18.124 21.789 -5.583
v -17.192 21.627 -5.511
v -16.512 21.686 -5.655
v -15.907 21.816 -5.868
v -15.140 21.980 -5.940
v -14.321 22.181 -5.966
v -13.581 22.207 -6.064
v -12.730 22.190 -6.068
v -11.846 22.290 -6.037
v -10.913 22.413 -5.965
v -10.089 22.475 -5.990
v -8.888 22.539 -5.831
v -8.018 22.604 -5.810
v -7.032 22.821 -5.692
v -6.208 23.066 -5.711
v -5.334 23.018 -5.686
v -4.459 22.884 -5.668
v -3.583 22.672 -5.651
v -2.879 22.493 -5.776
v -2.156 22.366 -5.745
v -1.276 22.306 -5.721
v -0.427 22.344 -5.723
v 0.423 22.386 -5.723
v 1.270 22.529 -5.728
v 2.336 22.616 -5.551
v 3.191 22.701 -5.547
v 4.083 22.745 -5.509
v 5.002 22.754 -5.455
v 5.728 22.928 -5.558
v 6.543 23.026 -5.586
v 7.440 22.884 -5.543
v 8.402 22.847 -5.451
v 9.249 22.943 -5.457
v 10.144 22.973 -5.551
v 10.916 22.983 -5.619
v 11.845 22.900 -5.557
v 12.832 22.826 -5.446
v 13.500 22.837 -5.594
v 14.163 22.805 -5.747
v 15.133 22.612 -5.650
v 16.148 22.362 -5.516
v 17.029 22.101 -5.494
v 17.768 21.810 -5.585
v 18.555 21.511 -5.639
v 19.386 21.449 -5.659
v 20.238 21.448 -5.661
v -18.847 22.663 -5.470
v -19.638 22.678 -5.415
v -18.083 22.665 -5.546
v -17.310 22.675 -5.614
v -16.528 22.692 -5.672
v -15.871 22.694 -5.840
v -15.098 22.865 -5.906
v -14.479 23.059 -6.104
v -13.605 23.149 -6.092
v -12.826 23.177 -6.150
v -11.894 23.074 -6.082
v -11.037 23.068 -6.075
v -10.094 23.183 -5.996
v -9.107 23.262 -5.882
v -8.188 23.331 -5.822
v -7.371 23.496 -5.845
v -6.395 23.615 -5.738
v -5.484 23.636 -5.680
v -4.590 23.595 -5.640
v -3.712 23.485 -5.618
v -2.983 23.384 -5.721
v -2.133 23.214 -5.720
v -1.180 23.138 -5.636
v -0.303 23.090 -5.618
v 0.560 23.109 -5.608
v 1.549 23.262 -5.494
v 2.366 23.436 -5.523
v 3.127 23.676 -5.597
v 4.019 23.810 -5.561
v 4.810 23.884 -5.613
v 5.744 23.960 -5.544
v 6.581 23.990 -5.552
v 7.418 23.860 -5.562
v 8.325 23.763 -5.517
v 9.160 23.729 -5.534
v 9.873 23.682 -5.648
v 10.598 23.674 -5.747
v 11.721 23.661 -5.657
v 12.663 23.625 -5.587
v 13.457 23.545 -5.633
v 14.192 23.349 -5.726
v 15.123 23.288 -5.661
v 16.089 23.214 -5.565
v 17.032 23.023 -5.492
v 17.840 22.834 -5.528
v 18.710 22.596 -5.511
v 19.546 22.565 -5.525
v 20.319 22.666 -5.590
v -18.812 23.872 -5.436
v -19.652 23.875 -5.423
v -18.071 23.878 -5.531
v -17.441 23.900 -5.725
v -16.737 23.917 -5.853
v -15.941 23.947 -5.904
v -15.179 23.971 -5.982
v -14.393 23.971 -6.040
v -13.564 24.031 -6.058
v -12.807 24.063 -6.133
v -11.922 24.045 -6.105
v -11.044 24.021 -6.082
v -10.184 23.982 -6.077
v -9.281 24.100 -6.031
v -8.326 24.361 -5.940
v -7.307 24.502 -5.796
v -6.409 24.494 -5.751
v -5.487 24.491 -5.686
v -4.537 24.412 -5.595
v -3.770 24.220 -5.666
v -2.935 24.071 -5.681
v -2.005 24.025 -5.616
v -1.087 24.041 -5.563
v -0.285 24.040 -5.605
v 0.613 24.072 -5.566
v 1.427 24.241 -5.602
v 2.152 24.382 -5.704
v 2.976 24.555 -5.726
v 3.875 24.668 -5.686
v 4.759 24.701 -5.660
v 5.615 24.740 -5.655
v 6.467 24.750 -5.653
v 7.314 24.685 -5.655
v 8.216 24.567 -5.616
v 8.984 24.419 -5.687
v 9.702 24.334 -5.796
v 10.495 24.428 -5.840
v 11.479 24.499 -5.731
v 12.618 24.499 -5.626
v 13.492 24.443 -5.608
v 14.285 24.281 -5.656
v 15.172 24.188 -5.625
v 16.025 24.136 -5.623
v 16.989 24.055 -5.526
v 17.841 23.985 -5.524
v 18.683 23.863 -5.531
v 19.367 23.855 -5.538
v 20.269 23.950 -5.496
v -18.852 25.198 -5.471
v -19.689 25.228 -5.454
v -18.124 25.197 -5.577
v -17.448 25.202 -5.728
v -16.754 25.174 -5.866
v -15.985 25.150 -5.942
v -15.191 25.086 -5.993
v -14.457 25.025 -6.094
v -13.561 25.038 -6.058
v -12.790 25.051 -6.121
v -11.863 25.123 -6.057
v -11.089 25.167 -6.121
v -10.220 25.126 -6.105
v -9.267 25.287 -6.019
v -8.338 25.605 -5.951
v -7.354 25.760 -5.834
v -6.342 25.767 -5.695
v -5.487 25.735 -5.684
v -4.588 25.605 -5.637
v -3.785 25.352 -5.679
v -2.965 25.170 -5.705
v -2.143 25.188 -5.729
v -1.228 25.248 -5.680
v -0.282 25.256 -5.605
v 0.574 25.284 -5.601
v 1.413 25.427 -5.615
v 2.143 25.512 -5.713
v 3.005 25.609 -5.702
v 3.877 25.694 -5.684
v 4.777 25.719 -5.644
v 5.672 25.749 -5.609
v 6.497 25.755 -5.630
v 7.342 25.762 -5.632
v 8.273 25.683 -5.569
v 9.035 25.516 -5.645
v 9.759 25.411 -5.748
v 10.579 25.462 -5.772
v 11.519 25.505 -5.698
v 12.576 25.510 -5.660
v 13.563 25.497 -5.548
v 14.319 25.444 -5.629
v 15.188 25.391 -5.611
v 16.011 25.356 -5.635
v 16.914 25.299 -5.586
v 17.851 25.252 -5.514
v 18.713 25.209 -5.504
v 19.546 25.220 -5.519
v 20.230 25.301 -5.528
v -18.874 26.602 -5.495
v -19.682 26.608 -5.452
v -18.141 26.598 -5.594
v -17.360 26.563 -5.653
v -16.642 26.485 -5.772
v -16.034 26.416 -5.982
v -15.221 26.412 -6.015
v -14.504 26.436 -6.129
v -13.622 26.366 -6.106
v -12.843 26.325 -6.165
v -11.948 26.481 -6.125
v -11.088 26.612 -6.116
v -10.176 26.608 -6.067
v -9.193 26.759 -5.953
v -8.311 26.974 -5.924
v -7.303 27.159 -5.784
v -6.322 27.318 -5.672
v -5.420 27.270 -5.623
v -4.509 27.142 -5.568
v -3.778 26.917 -5.669
v -2.882 26.729 -5.636
v -2.059 26.664 -5.658
v -1.235 26.555 -5.686
v -0.323 26.409 -5.641
v 0.562 26.415 -5.612
v 1.360 26.595 -5.658
v 2.203 26.763 -5.663
v 3.150 26.892 -5.583
v 4.032 26.965 -5.554
v 5.006 26.998 -5.451
v 5.842 27.012 -5.462
v 6.629 27.008 -5.514
v 7.508 27.047 -5.487
v 8.480 26.941 -5.388
v 9.271 26.723 -5.440
v 10.033 26.581 -5.513
v 10.730 26.531 -5.640
v 11.657 26.573 -5.575
v 12.647 26.645 -5.597
v 13.648 26.677 -5.471
v 14.542 26.726 -5.440
v 15.383 26.674 -5.446
v 16.103 26.607 -5.556
v 17.005 26.520 -5.508
v 17.943 26.453 -5.435
v 18.804 26.526 -5.427
v 19.581 26.562 -5.489
v 20.332 26.609 -5.571
v -18.804 27.946 -5.434
v -19.761 27.862 -5.519
v -18.070 27.940 -5.536
v -17.252 27.818 -5.564
v -16.600 27.686 -5.736
v -16.042 27.599 -5.988
v -15.245 27.688 -6.032
v -14.478 27.830 -6.109
v -13.674 27.883 -6.148
v -12.767 27.901 -6.101
v -11.951 28.012 -6.125
v -11.061 28.134 -6.089
v -10.144 28.240 -6.033
v -8.967 28.353 -5.762
v -8.107 28.366 -5.748
v -7.160 28.491 -5.658
v -6.321 28.637 -5.665
v -5.349 28.537 -5.558
v -4.466 28.362 -5.530
v -3.756 28.286 -5.651
v -3.051 28.187 -5.777
v -2.060 27.982 -5.665
v -1.152 27.738 -5.622
v -0.397 27.578 -5.705
v 0.458 27.572 -5.704
v 1.299 27.710 -5.714
v 2.038 27.980 -5.806
v 2.941 28.246 -5.764
v 3.841 28.366 -5.721
v 4.710 28.435 -5.704
v 5.621 28.340 -5.651
v 6.487 28.256 -5.637
v 7.427 28.221 -5.561
v 8.409 28.059 -5.447
v 9.259 27.908 -5.449
v 10.093 27.780 -5.458
v 11.109 27.731 -5.448
v 11.926 27.763 -5.479
v 12.729 27.808 -5.523
v 13.636 27.801 -5.475
v 14.552 27.806 -5.418
v 15.437 27.778 -5.393
v 16.211 27.720 -5.461
v 17.115 27.651 -5.415
v 18.054 27.584 -5.343
v 18.878 27.702 -5.367
v 19.598 27.711 -5.474
v 20.396 27.575 -5.519
v -18.838 29.047 -5.458
v -19.708 28.995 -5.473
v -18.023 29.045 -5.494
v -17.255 28.954 -5.564
v -16.322 28.795 -5.635
v -15.756 28.664 -5.878
v -14.998 28.729 -5.956
v -14.237 28.886 -6.031
v -13.391 28.927 -6.040
v -12.562 28.922 -6.061
v -11.708 29.035 -6.054
v -10.841 29.104 -6.036
v -9.794 29.179 -5.873
v -8.718 29.299 -5.683
v -7.935 29.340 -5.735
v -7.069 29.444 -5.715
v -6.170 29.529 -5.673
v -5.200 29.452 -5.569
v -4.354 29.305 -5.572
v -3.635 29.204 -5.687
v -2.896 29.088 -5.785
v -2.040 28.908 -5.781
v -1.103 28.715 -5.714
v -0.418 28.578 -5.722
v 0.410 28.581 -5.743
v 1.425 28.739 -5.741
v 2.156 28.989 -5.844
v 2.953 29.266 -5.891
v 3.889 29.439 -5.817
v 4.792 29.553 -5.772
v 5.668 29.524 -5.749
v 6.515 29.477 -5.752
v 7.401 29.407 -5.720
v 8.364 29.252 -5.622
v 9.207 29.099 -5.629
v 9.999 28.953 -5.674
v 10.877 28.882 -5.646
v 11.730 28.837 -5.648
v 12.548 28.803 -5.676
v 13.419 28.822 -5.657
v 14.364 28.854 -5.579
v 15.250 28.765 -5.551
v 16.071 28.668 -5.575
v 17.095 28.616 -5.430
v 18.027 28.581 -5.365
v 18.855 28.713 -5.386
v 19.639 28.716 -5.441
v 20.382 28.544 -5.530
v -18.705 30.020 -5.476
v -19.781 30.015 -5.532
v -17.895 30.025 -5.514
v -17.108 30.009 -5.573
v -16.287 29.865 -5.603
v -15.569 29.709 -5.716
v -14.857 29.681 -5.832
v -14.109 29.711 -5.920
v -13.196 29.613 -5.875
v -12.396 29.544 -5.921
v -11.624 29.679 -5.984
v -10.727 29.749 -5.941
v -9.821 29.834 -5.892
v -8.835 29.992 -5.783
v -8.015 30.112 -5.806
v -7.077 30.213 -5.731
v -6.258 30.241 -5.755
v -5.297 30.206 -5.659
v -4.385 30.124 -5.600
v -3.681 30.020 -5.730
v -2.930 29.890 -5.817
v -2.100 29.737 -5.840
v -1.206 29.600 -5.808
v -0.355 29.482 -5.809
v 0.526 29.491 -5.785
v 1.431 29.641 -5.738
v 2.119 29.788 -5.874
v 2.908 29.993 -5.927
v 3.862 30.235 -5.840
v 4.800 30.519 -5.768
v 5.718 30.708 -5.711
v 6.490 30.757 -5.777
v 7.378 30.616 -5.744
v 8.416 30.406 -5.587
v 9.221 30.194 -5.626
v 9.919 29.994 -5.751
v 10.791 29.807 -5.732
v 11.666 29.589 -5.714
v 12.411 29.428 -5.799
v 13.295 29.498 -5.772
v 14.268 29.636 -5.672
v 15.223 29.590 -5.580
v 16.137 29.518 -5.524
v 17.004 29.523 -5.511
v 17.885 29.583 -5.487
v 18.707 29.762 -5.512
v 19.556 29.765 -5.510
v 20.398 29.539 -5.517
v -16.103 0.185 7.201
v -17.879 0.008 7.310
v -17.576 0.862 7.672
v -16.063 0.992 7.250
v -17.054 0.000 7.295
v -16.420 0.870 7.978
v -16.076 0.000 7.451
v -15.311 0.984 8.261
v -14.828 0.000 7.889
v -14.454 1.096 8.283
v -14.389 0.000 7.469
v -13.940 1.209 7.947
v -13.109 0.000 7.946
v -13.485 1.293 7.551
v -12.753 0.120 7.410
v -12.770 1.385 7.401
v -11.915 0.228 7.388
v -11.621 1.535 7.694
v -10.799 0.280 7.658
v -10.724 1.604 7.740
v -9.550 0.211 8.071
v -9.748 1.516 7.857
v -8.211 0.170 8.604
v -8.339 1.450 8.438
v -7.093 0.104 8.895
v -7.482 1.395 8.482
v -6.214 0.158 8.946
v -6.042 1.461 9.113
v -5.417 0.290 8.889
v -5.614 1.661 8.685
v -4.956 0.451 8.467
v -5.150 1.742 8.281
v -4.253 0.606 8.294
v -4.184 1.710 8.378
v -3.827 0.607 7.850
v -3.317 1.761 8.371
v -2.851 0.632 7.946
v -2.519 1.830 8.286
v -5.045 0.624 7.673
v -1.879 1.836 8.071
v -4.500 0.621 7.332
v -3.924 1.853 7.941
v -3.939 0.689 7.024
v -3.735 1.779 7.241
v -3.242 0.647 6.856
v -2.954 1.695 7.158
v -2.699 0.569 6.539
v -2.169 1.657 7.081
v -2.029 0.571 6.340
v -1.182 1.664 7.226
v -0.917 0.618 6.579
v -0.490 1.710 7.039
v -0.100 0.564 6.547
v 0.133 1.713 6.801
v 0.028 0.494 5.823
v 0.678 1.691 6.491
v 0.630 0.346 5.561
v 1.520 1.487 6.473
v 1.952 0.157 6.042
v 2.087 1.225 6.157
v 2.731 0.153 5.958
v 2.758 1.076 5.976
v 3.210 0.177 5.571
v 3.666 1.016 6.031
v 4.024 0.060 5.563
v 4.718 1.003 6.252
v 4.918 0.000 5.587
v 5.651 0.969 6.329
v 6.070 0.000 5.876
v 6.647 0.910 6.468
v 7.247 0.000 6.214
v 7.858 0.862 6.848
v 8.743 0.000 6.924
v 9.013 0.919 7.190
v 7.073 0.000 7.167
v 7.335 0.915 7.450
v 7.278 0.019 6.479
v 7.499 0.865 6.728
v 8.270 0.000 6.626
v 8.651 0.933 7.048
v 9.531 0.000 7.068
v 9.850 1.046 7.424
v 10.753 0.021 7.476
v 11.095 1.025 7.835
v 10.774 0.176 6.599
v 11.218 1.088 7.078
v 11.211 0.315 6.166
v 11.824 1.342 6.823
v 12.014 0.544 6.131
v 12.627 1.573 6.785
v 15.982 0.734 6.500
v 16.054 1.733 6.573
v 17.030 0.796 6.700
v 17.159 1.766 6.843
v 18.311 0.917 7.155
v 18.209 1.798 7.057
v -17.965 1.801 7.285
v -19.215 1.931 6.870
v -16.979 1.847 7.422
v -15.788 2.139 7.784
v -14.605 2.352 8.112
v -14.108 2.479 7.761
v -13.360 2.553 7.662
v -12.845 2.638 7.317
v -11.700 2.709 7.612
v -10.607 2.732 7.856
v -9.707 2.658 7.893
v -8.803 2.560 7.958
v -7.561 2.436 8.388
v -6.686 2.445 8.435
v -6.262 2.546 8.003
v -5.311 2.591 8.110
v -4.355 2.601 8.204
v -3.113 2.604 8.578
v -2.511 2.608 8.293
v -2.229 2.677 7.710
v -1.575 2.756 7.495
v -3.748 2.657 7.242
v -2.964 2.589 7.158
v -2.010 2.586 7.248
v -1.201 2.612 7.208
v -0.360 2.717 7.195
v 0.826 2.734 7.532
v 1.653 2.659 7.498
v 2.274 2.421 7.251
v 2.629 2.117 6.710
v 2.768 1.907 5.958
v 3.516 1.829 5.838
v 4.575 1.890 6.080
v 5.936 1.994 6.628
v 6.826 2.113 6.672
v 7.606 2.129 6.617
v 8.681 2.082 6.862
v 9.407 1.994 6.733
v 10.079 1.903 6.550
v 11.053 1.966 6.679
v 12.422 2.066 7.232
v 13.295 2.016 7.252
v 13.835 2.018 6.915
v 14.967 2.192 7.201
v 15.874 2.319 7.263
v 16.636 2.404 7.163
v 17.596 2.410 7.289
v 19.018 2.388 7.904
v -17.978 2.917 7.303
v -19.295 3.058 6.809
v -16.903 2.972 7.534
v -16.247 3.312 7.332
v -14.826 3.498 7.903
v -14.225 3.533 7.640
v -13.723 3.606 7.285
v -13.046 3.708 7.103
v -11.784 3.645 7.528
v -10.414 3.593 8.057
v -9.308 3.556 8.312
v -8.521 3.442 8.255
v -7.661 3.239 8.279
v -6.954 3.168 8.147
v -6.316 3.122 7.937
v -5.610 3.187 7.806
v -4.752 3.355 7.790
v -3.501 3.277 8.187
v -2.717 3.193 8.093
v -2.672 3.370 7.236
v -2.014 3.544 7.010
v -0.764 3.461 7.433
v -2.788 3.432 7.307
v -2.358 3.466 6.852
v -1.447 3.509 6.910
v -0.325 3.662 7.214
v 0.885 3.649 7.617
v 1.216 3.490 7.061
v 2.114 3.290 7.106
v 2.024 3.033 6.089
v 2.704 2.844 5.903
v 2.918 2.789 5.228
v 4.035 2.848 5.529
v 5.637 3.008 6.337
v 6.067 3.275 5.908
v 6.916 3.353 5.913
v 8.283 3.246 6.463
v 8.809 3.175 6.116
v 9.516 3.134 5.956
v 10.660 3.148 6.265
v 11.378 3.159 6.132
v 12.642 3.113 6.576
v 13.755 3.085 6.834
v 15.245 3.158 7.490
v 15.881 3.220 7.288
v 16.801 3.268 7.357
v 18.285 3.245 8.010
v 22.003 3.104 8.125
v -20.335 4.331 7.728
v -21.474 4.314 7.420
v -19.243 4.356 7.980
v -18.270 4.440 8.110
v -16.762 4.468 8.772
v -16.243 4.375 8.441
v -15.772 4.364 8.071
v -14.766 4.368 8.241
v -10.949 4.375 8.423
v -9.844 4.390 8.660
v -8.896 4.221 8.758
v -8.021 4.081 8.796
v -6.849 4.107 9.133
v -6.296 4.038 8.846
v -5.953 3.919 8.321
v -5.479 3.934 7.929
v -4.984 3.948 7.535
v -3.772 3.997 7.891
v -2.841 4.060 7.963
v -2.780 4.108 7.127
v -2.235 4.239 6.780
v -1.171 4.391 7.001
v -0.401 4.523 6.914
v 0.244 4.584 6.675
v 1.158 4.579 6.739
v 2.478 4.544 7.249
v 0.874 4.617 7.589
v 1.318 4.706 7.166
v 1.907 4.552 6.874
v 2.513 4.309 6.611
v 3.170 4.062 6.395
v 3.817 3.956 6.172
v 7.485 4.053 6.243
v 7.906 4.218 5.794
v 6.291 4.459 6.109
v 7.106 4.568 6.088
v 8.302 4.616 6.469
v 8.955 4.592 6.264
v 12.110 4.468 5.755
v 13.298 4.494 6.117
v 14.300 4.483 6.305
v 15.825 4.397 7.022
v 17.071 4.349 7.426
v 18.165 4.292 7.655
v 18.717 4.264 7.356
v 19.919 4.138 7.726
v 21.240 4.110 8.213
v 22.356 4.147 8.511
v -20.142 5.618 7.898
v -20.713 5.621 8.202
v -19.682 5.618 7.490
v -18.684 5.609 7.636
v -17.749 5.613 7.742
v -17.231 5.615 7.410
v -15.859 5.535 7.949
v -15.025 5.429 7.934
v -13.972 5.377 8.138
v -12.628 5.368 8.640
v -12.313 5.241 8.093
v -8.865 5.122 7.917
v -7.459 5.072 8.503
v -6.449 4.996 8.668
v -5.520 5.038 8.745
v -5.123 5.113 8.273
v -4.544 5.115 7.975
v -3.826 5.115 7.826
v -3.255 5.092 7.528
v -2.650 5.153 7.260
v -2.101 5.330 6.911
v -1.278 5.535 6.866
v -0.623 5.716 6.662
v 0.036 5.760 6.471
v 0.766 5.774 6.344
v 2.006 5.864 6.732
v 3.390 5.972 7.289
v 0.938 6.021 6.758
v 1.489 5.835 6.445
v 5.682 5.558 7.032
v 5.889 5.357 6.342
v 6.671 5.285 6.245
v 7.251 5.347 5.962
v 8.225 5.496 6.082
v 9.126 5.752 6.143
v 10.173 5.867 6.355
v 11.468 5.912 6.851
v 12.222 6.025 6.762
v 12.209 6.103 5.857
v 12.878 6.016 5.688
v 14.135 5.786 6.138
v 15.916 5.643 7.123
v 17.155 5.575 7.518
v 18.482 5.482 8.001
v 19.301 5.401 7.967
v 20.266 5.262 8.097
v 21.292 5.231 8.287
v 21.915 5.249 8.051
v -20.743 6.967 7.304
v -21.547 6.997 7.374
v -19.708 6.956 7.473
v -19.077 6.928 7.241
v -18.098 6.948 7.382
v -16.910 7.009 7.723
v -15.850 6.908 7.954
v -15.342 6.776 7.598
v -14.214 6.717 7.875
v -13.624 6.705 7.605
v -12.617 6.623 7.780
v -11.540 6.514 8.021
v -10.442 6.367 8.281
v -9.294 6.289 8.588
v -8.142 6.429 8.899
v -4.973 6.513 8.419
v -4.344 6.504 8.159
v -3.365 6.458 8.296
v -2.982 6.378 7.812
v -2.449 6.473 7.471
v -1.975 6.674 7.036
v -1.434 6.877 6.699
v -1.018 7.050 6.251
v 0.116 7.063 6.551
v 0.772 7.089 6.354
v 1.512 7.251 6.221
v 2.684 7.293 6.569
v 3.376 7.188 6.425
v 3.906 6.958 6.098
v 4.692 6.703 6.033
v 5.105 6.547 5.539
v 5.827 6.503 5.379
v 6.687 6.544 5.390
v 7.555 6.695 5.408
v 8.587 6.987 5.602
v 9.622 7.151 5.802
v 11.050 7.214 6.431
v 12.198 7.390 6.738
v 12.978 7.562 6.646
v 13.311 7.420 6.128
v 13.940 7.094 5.928
v 15.743 6.922 6.945
v 16.883 6.821 7.226
v 18.431 6.694 7.958
v 19.505 6.576 8.187
v 20.575 6.459 8.412
v 21.511 6.429 8.510
v 22.134 6.403 8.278
v -17.810 8.429 7.468
v -18.586 8.357 7.559
v -16.411 8.429 8.033
v -18.479 8.368 7.887
v -17.176 8.342 8.372
v -16.048 8.279 8.650
v -15.215 8.231 8.637
v -14.453 8.173 8.551
v -13.686 8.194 8.448
v -13.127 8.228 8.139
v -12.234 8.204 8.186
v -11.171 8.079 8.418
v -9.776 7.779 8.998
v -8.657 7.672 9.270
v -8.076 7.765 8.981
v -7.436 7.770 8.743
v -6.753 7.775 8.548
v -6.406 7.681 8.022
v -3.326 7.577 7.444
v -3.124 7.686 6.759
v -2.361 7.845 6.642
v -1.697 8.014 6.440
v -3.734 8.141 6.319
v -2.728 8.146 6.471
v -1.933 8.174 6.414
v -0.795 8.322 6.713
v 0.282 8.286 6.962
v 0.907 8.067 6.758
v 4.121 7.955 6.346
v 4.913 7.855 6.267
v 5.723 7.613 6.213
v 6.450 7.508 6.053
v 7.362 7.581 6.108
v 8.082 7.761 5.981
v 8.839 8.050 5.899
v 9.964 8.269 6.180
v 11.092 8.460 6.489
v 12.204 8.586 6.749
v 13.010 8.590 6.683
v 13.451 8.536 6.273
v 14.104 8.368 6.102
v 15.760 8.160 6.958
v 16.995 7.989 7.366
v 18.300 7.839 7.832
v 19.405 7.704 8.069
v 20.505 7.668 8.330
v 21.600 7.649 8.599
v 22.180 7.553 8.337
v -16.636 9.308 8.694
v -17.603 9.249 8.571
v -15.764 9.319 8.723
v -17.231 9.356 9.210
v -16.313 9.475 9.275
v -15.919 9.526 8.771
v -14.876 9.468 8.974
v -13.703 9.357 9.334
v -13.416 9.345 8.732
v -12.827 9.372 8.454
v -11.448 9.339 9.005
v -10.726 9.178 8.904
v -9.901 8.920 8.842
v -9.005 8.765 8.885
v -8.185 8.588 8.853
v -7.717 8.503 8.434
v -7.392 8.511 7.860
v -6.762 8.540 7.630
v -6.700 8.617 6.796
v -6.166 8.693 6.462
v -5.661 8.769 6.078
v -4.928 8.888 5.958
v -3.539 8.961 6.508
v -2.427 8.926 6.776
v -1.435 8.917 6.925
v -0.761 8.958 6.757
v 0.235 9.069 6.930
v 0.929 9.131 6.796
v 4.742 9.019 7.005
v 5.600 8.842 6.974
v 5.786 8.611 6.283
v 6.182 8.517 5.817
v 6.957 8.642 5.744
v 8.378 8.826 6.336
v 9.353 8.947 6.476
v 10.571 9.119 6.859
v 11.556 9.361 6.986
v 11.872 9.504 6.398
v 12.632 9.526 6.269
v 13.362 9.544 6.158
v 14.384 9.498 6.353
v 15.742 9.299 6.915
v 16.472 9.131 6.802
v 18.028 8.994 7.539
v 19.081 8.867 7.737
v 20.172 8.788 7.994
v 21.176 8.775 8.163
v 22.332 8.765 8.509
v -20.445 9.997 7.608
v -20.896 9.964 8.013
v -19.770 10.009 7.446
v -18.253 10.085 8.158
v -16.904 10.255 8.665
v -16.256 10.366 8.424
v -15.477 10.338 8.353
v -14.395 10.261 8.607
v -13.729 10.280 8.407
v -12.990 10.314 8.292
v -11.810 10.251 8.638
v -11.175 10.101 8.440
v -10.538 9.932 8.192
v -9.689 9.790 8.175
v -8.729 9.553 8.275
v -7.931 9.464 8.185
v -7.635 9.508 7.592
v -7.053 9.520 7.315
v -6.907 9.556 6.570
v -6.461 9.579 6.149
v -5.917 9.576 5.804
v -5.177 9.589 5.697
v -1.233 9.577 6.032
v -0.055 9.529 6.374
v 0.871 9.532 6.456
v 1.822 9.635 6.570
v 2.863 9.816 6.783
v 4.191 9.952 7.273
v 5.049 9.913 7.302
v 6.195 9.777 7.615
v 6.438 9.645 6.979
v 6.871 9.601 6.545
v 7.627 9.676 6.463
v 8.808 9.812 6.816
v 9.482 9.926 6.613
v 10.175 10.039 6.431
v 10.752 10.198 6.131
v 11.284 10.340 5.763
v 12.106 10.424 5.714
v 13.171 10.426 5.934
v 14.341 10.369 6.281
v 15.694 10.217 6.828
v 16.898 10.134 7.210
v 18.317 10.108 7.827
v 18.921 10.078 7.562
v 19.737 10.049 7.531
v 20.755 10.034 7.724
v 21.912 9.972 8.063
v -21.467 10.754 6.513
v -22.064 10.748 6.761
v -20.393 10.759 6.762
v -18.882 10.817 7.478
v -17.747 10.944 7.777
v -16.740 11.071 7.911
v -15.593 11.152 8.224
v -14.953 11.255 8.009
v -13.582 11.402 8.559
v -12.933 11.463 8.360
v -11.967 11.325 8.478
v -11.651 11.169 7.936
v -10.869 11.096 7.844
v -10.134 11.005 7.715
v -8.715 10.840 8.290
v -8.257 10.828 7.848
v -7.918 10.949 7.281
v -7.250 10.862 7.095
v -6.842 10.723 6.645
v -6.452 10.670 6.155
v -5.947 10.596 5.780
v -5.111 10.485 5.768
v -1.262 10.385 6.000
v -0.214 10.365 6.203
v 0.752 10.411 6.326
v 1.287 10.651 6.007
v 2.485 10.818 6.376
v 4.248 10.849 7.322
v 5.175 10.835 7.408
v 6.042 10.717 7.424
v 6.539 10.693 7.080
v 7.301 10.714 6.999
v 7.720 10.670 6.556
v 8.411 10.722 6.373
v 9.348 10.935 6.451
v 10.168 11.016 6.401
v 10.170 11.050 5.495
v 10.838 11.210 5.264
v 11.369 11.398 4.914
v 12.734 11.347 5.446
v 14.019 11.237 5.914
v 15.506 11.177 6.609
v 17.105 11.219 7.414
v 18.007 11.374 7.492
v 18.836 11.526 7.464
v 19.814 11.628 7.603
v 17.821 11.600 7.551
v 18.804 11.335 7.704
v -21.592 11.850 6.373
v -22.153 11.812 6.660
v -20.613 11.845 6.526
v -18.988 11.843 7.361
v -17.654 11.963 7.869
v -16.724 12.138 7.931
v -15.180 12.355 8.643
v -14.254 12.646 8.708
v -13.494 12.831 8.632
v -13.124 12.878 8.131
v -12.123 12.757 8.306
v -11.588 12.592 7.986
v -10.749 12.488 7.979
v -9.846 12.420 8.005
v -8.816 12.350 8.182
v -8.560 12.310 7.542
v -8.275 12.272 6.902
v -7.832 12.289 6.483
v -6.922 12.250 6.551
v -5.916 12.095 6.727
v -2.494 11.944 6.509
v -1.628 11.685 6.523
v -0.614 11.514 6.679
v -0.421 11.589 5.978
v 0.395 11.623 5.946
v 1.708 11.715 6.421
v 2.993 11.951 6.878
v 3.696 12.113 6.719
v 2.066 12.128 7.032
v 2.924 12.038 7.052
v 3.394 12.012 6.664
v 3.952 12.036 6.365
v 4.315 11.892 5.873
v 5.526 11.852 6.239
v 6.302 11.916 6.152
v 7.068 11.959 6.047
v 7.346 12.043 5.427
v 7.990 12.177 5.171
v 8.931 12.286 5.250
v 9.959 12.306 5.437
v 11.013 12.351 5.676
v 12.361 12.371 6.220
v 13.800 12.460 6.864
v 15.000 12.723 7.259
v 15.654 12.988 7.059
v 16.872 13.219 7.445
v 18.049 13.218 7.784
v 19.020 12.919 7.909
v -20.913 13.293 7.082
v -21.506 13.152 7.326
v -20.132 13.294 7.031
v -18.789 13.230 7.562
v -17.291 13.322 8.240
v -16.184 13.459 8.493
v -14.969 13.703 8.872
v -14.444 13.990 8.530
v -13.444 14.053 8.705
v -12.897 14.043 8.383
v -11.831 14.033 8.620
v -11.105 13.945 8.501
v -10.173 13.822 8.569
v -9.713 13.757 8.154
v -9.003 13.740 8.001
v -8.602 13.715 7.501
v -8.126 13.688 7.077
v -7.422 13.675 6.916
v -6.369 13.608 7.109
v -5.379 13.444 7.264
v -4.401 13.291 7.397
v -3.764 13.171 7.170
v -3.319 13.051 6.736
v -2.728 12.965 6.466
v -1.955 12.963 6.394
v -0.764 13.066 6.730
v 0.137 13.259 6.794
v 0.907 13.392 6.697
v 1.916 13.461 6.871
v 2.494 13.438 6.604
v 3.367 13.293 6.633
v 3.927 13.229 6.332
v 4.246 13.163 5.792
v 5.299 13.185 5.996
v 6.468 13.297 6.316
v 7.155 13.346 6.130
v 8.050 13.401 6.162
v 8.723 13.484 5.951
v 9.447 13.539 5.788
v 10.058 13.593 5.556
v 11.038 13.702 5.713
v 12.449 13.723 6.327
v 13.881 13.764 6.963
v 14.758 13.964 7.020
v 15.685 14.161 7.097
v 16.411 14.324 6.977
v 17.734 14.317 7.461
v 19.119 14.074 8.019
v -21.016 14.797 6.993
v -21.533 14.608 7.323
v -20.139 14.804 7.036
v -18.929 14.721 7.422
v -17.616 14.771 7.896
v -16.271 14.827 8.404
v -15.139 14.949 8.718
v -14.404 15.038 8.593
v -13.100 14.907 9.081
v -12.300 14.835 9.036
v -11.180 14.948 9.312
v -10.570 15.014 9.083
v -9.640 14.980 9.145
v -9.427 14.957 8.479
v -8.793 15.007 8.241
v -8.302 15.027 7.834
v -7.822 15.045 7.419
v -6.708 15.000 7.686
v -5.979 14.900 7.542
v -5.552 14.738 7.127
v -4.277 14.607 7.564
v -3.488 14.632 7.482
v -2.976 14.582 7.114
v -2.240 14.391 6.994
v -1.635 14.353 6.734
v -0.474 14.384 7.048
v 0.553 14.425 7.236
v 0.915 14.457 6.720
v 1.581 14.590 6.536
v 2.496 14.707 6.608
v 3.371 14.558 6.636
v 4.006 14.454 6.412
v 4.591 14.498 6.149
v 5.594 14.640 6.311
v 6.813 14.865 6.685
v 7.693 14.939 6.698
v 8.314 14.930 6.462
v 9.062 14.926 6.342
v 9.629 14.916 6.036
v 10.851 14.956 6.417
v 11.920 15.032 6.672
v 13.036 15.018 6.960
v 14.067 15.004 7.176
v 15.204 15.098 7.496
v 15.976 15.154 7.413
v 16.863 15.180 7.454
v 18.202 15.157 7.953
v 19.574 14.999 8.516
v -20.982 15.965 6.964
v -21.532 16.016 7.276
v -20.216 15.975 6.903
v -18.701 16.078 7.619
v -17.628 16.129 7.859
v -16.375 16.128 8.265
v -15.319 15.931 8.510
v -14.316 15.632 8.698
v -13.090 15.482 9.090
v -12.249 15.450 9.080
v -11.774 15.491 8.688
v -11.039 15.636 8.564
v -10.032 15.801 8.714
v -9.327 15.862 8.562
v -8.444 15.942 8.603
v -7.941 16.022 8.233
v -7.218 16.102 8.086
v -6.172 16.070 8.288
v -5.528 15.995 8.056
v -4.457 15.834 8.277
v -3.716 15.728 8.160
v -2.797 15.775 8.244
v -2.349 15.764 7.819
v -1.396 15.706 7.901
v -0.674 15.679 7.762
v -0.145 15.590 7.426
v 0.839 15.498 7.564
v 1.589 15.444 7.431
v 2.399 15.502 7.387
v 3.127 15.608 7.266
v 3.582 15.517 6.858
v 4.333 15.439 6.750
v 5.535 15.543 7.126
v 6.310 15.758 7.058
v 7.448 16.111 7.366
v 8.091 16.235 7.152
v 9.006 16.176 7.203
v 9.579 16.133 6.900
v 10.287 16.098 6.740
v 11.295 16.082 6.912
v 15.171 16.079 7.199
v 16.301 16.053 7.508
v 16.979 16.004 7.339
v 17.885 16.064 7.396
v 18.891 16.040 7.560
v 20.143 15.955 8.001
v 21.323 15.940 8.335
v 22.537 15.942 8.724
v -20.895 17.060 7.088
v -21.820 16.955 7.008
v -19.786 17.083 7.357
v -18.470 17.082 7.869
v -17.482 16.977 8.014
v -16.396 16.781 8.260
v -15.185 16.563 8.654
v -14.410 16.331 8.572
v -13.647 16.202 8.480
v -12.987 16.171 8.274
v -11.948 16.189 8.479
v -11.150 16.285 8.422
v -10.457 16.402 8.264
v -9.243 16.527 8.645
v -8.253 16.741 8.797
v -7.589 16.878 8.602
v -6.848 16.960 8.476
v -8.598 16.975 8.666
v -8.201 16.972 8.184
v -7.300 16.846 8.233
v -6.630 16.785 8.029
v -3.127 16.835 7.916
v -2.423 16.882 7.742
v -1.428 16.906 7.863
v -0.501 16.887 7.941
v 0.200 16.747 7.786
v 1.094 16.599 7.832
v 2.154 16.526 8.046
v 2.936 16.360 7.986
v 3.486 16.189 7.666
v 4.554 16.184 7.896
v 5.018 16.214 7.486
v 5.951 16.279 7.586
v 7.259 16.473 8.069
v 7.492 16.764 7.444
v 8.270 16.914 7.356
v 9.011 16.977 7.224
v 9.359 16.981 6.690
v 10.354 16.908 6.822
v 11.470 16.919 7.111
v 15.205 16.924 7.242
v 16.648 16.926 7.893
v 17.360 16.913 7.750
v 17.947 16.851 7.461
v 18.995 16.804 7.660
v 20.389 16.755 8.221
v 21.117 16.758 8.101
v 21.682 16.820 7.812
v -21.088 18.185 6.931
v -22.045 18.016 6.808
v -20.379 18.209 6.795
v -19.311 18.126 7.019
v -17.821 17.886 7.682
v -16.207 17.613 8.476
v -15.341 17.451 8.497
v -14.652 17.357 8.308
v -14.020 17.327 8.060
v -13.373 17.319 7.844
v -12.709 17.287 7.663
v -11.983 17.251 7.548
v -10.536 17.234 8.158
v -9.281 17.336 8.580
v -8.497 17.591 8.510
v -7.880 17.781 8.287
v -7.214 17.882 8.073
v -6.437 17.863 8.011
v -8.717 17.806 7.629
v -7.826 17.700 7.682
v -4.146 17.687 7.720
v -3.311 17.831 7.705
v -2.575 18.004 7.574
v -1.960 18.126 7.321
v -1.060 18.114 7.371
v -0.254 17.924 7.315
v 0.837 17.719 7.570
v 1.739 17.597 7.624
v 2.869 17.377 7.929
v 4.236 17.105 8.486
v 5.045 17.051 8.455
v 5.137 17.076 7.669
v 5.834 17.137 7.518
v 7.141 17.339 7.991
v 7.888 17.631 7.852
v 8.355 17.771 7.446
v 8.470 17.885 6.671
v 9.121 17.960 6.437
v 9.982 17.925 6.431
v 10.986 17.901 6.602
v 11.894 17.799 6.693
v 12.741 17.707 6.696
v 14.140 17.649 7.263
v 15.071 17.576 7.316
v 18.810 17.597 7.423
v 19.937 17.676 7.717
v 20.663 17.701 7.604
v 21.029 17.748 7.116
v -20.874 19.350 7.137
v -21.719 19.226 7.140
v -19.613 19.378 7.543
v -18.937 19.353 7.372
v -17.659 19.134 7.829
v -16.262 18.934 8.405
v -15.514 18.792 8.284
v -15.018 18.721 7.888
v -14.211 18.712 7.840
v -13.573 18.708 7.615
v -12.926 18.698 7.410
v -11.984 18.628 7.509
v -11.017 18.550 7.642
v -9.944 18.592 7.888
v -8.792 18.774 8.193
v -8.253 18.959 7.893
v -7.401 19.051 7.882
v -6.381 18.929 8.056
v -5.714 18.697 7.870
v -4.761 18.580 7.968
v -4.197 18.599 7.670
v -3.258 18.842 7.749
v -2.342 19.110 7.809
v -1.419 19.284 7.888
v -0.568 19.276 7.882
v 0.573 19.083 8.180
v 1.135 18.876 7.887
v 1.791 18.711 7.680
v 3.059 18.581 8.153
v 4.349 18.396 8.624
v 5.131 18.277 8.548
v 5.098 18.255 7.609
v 5.843 18.327 7.508
v 7.135 18.546 7.971
v 7.778 18.890 7.759
v 8.588 19.025 7.694
v 8.629 19.115 6.838
v 9.380 19.208 6.709
v 10.132 19.213 6.595
v 11.032 19.137 6.646
v 12.097 18.930 6.867
v 13.281 18.753 7.225
v 14.603 18.631 7.737
v 15.417 18.557 7.672
v 16.080 18.614 7.462
v 16.809 18.828 7.343
v 17.752 18.864 7.442
v 21.105 18.802 7.183
v -20.107 20.627 7.930
v -21.102 20.596 7.777
v -19.587 20.607 7.587
v -19.113 20.518 7.196
v -17.994 20.412 7.478
v -16.866 20.311 7.765
v -16.124 20.223 7.636
v -15.615 20.188 7.260
v -14.867 20.174 7.132
v -14.260 20.177 6.865
v -13.399 20.192 6.891
v -12.477 20.162 6.973
v -11.087 20.119 7.548
v -10.384 20.128 7.433
v -9.417 20.193 7.549
v -8.657 20.260 7.471
v -7.901 20.222 7.373
v -6.540 20.144 7.898
v -5.175 19.945 8.420
v -4.315 19.861 8.430
v -3.571 19.913 8.320
v -2.824 20.039 8.213
v -1.823 20.295 8.363
v -1.097 20.571 8.237
v -0.173 20.588 8.306
v 0.502 20.409 8.120
v 1.135 20.251 7.906
v 1.647 20.157 7.559
v 2.942 20.041 8.044
v 4.467 19.878 8.774
v 5.695 19.791 9.159
v 6.010 19.784 8.575
v 6.698 19.871 8.421
v 7.611 20.009 8.483
v 8.092 20.030 8.082
v 8.792 20.131 7.900
v 9.041 20.386 7.269
v 9.826 20.434 7.185
v 10.631 20.334 7.122
v 11.878 20.301 7.539
v 12.731 20.205 7.548
v 14.000 20.111 7.999
v 15.416 20.030 8.588
v 16.212 20.054 8.519
v 16.427 20.086 7.851
v 16.879 20.027 7.423
v 17.938 20.003 7.643
v 18.349 19.991 7.182
v -20.583 21.670 7.443
v -20.666 21.671 8.256
v -20.219 21.669 6.931
v -19.352 21.699 6.961
v -18.380 21.703 7.082
v -17.608 21.656 6.984
v -16.811 21.594 6.909
v -16.237 21.588 6.598
v -15.873 21.605 6.043
v -15.372 21.621 5.663
v -13.957 21.660 6.277
v -12.700 21.652 6.750
v -14.251 21.550 7.118
v -13.441 21.525 7.111
v -12.275 21.520 7.458
v -11.766 21.500 7.114
v -10.884 21.468 7.156
v -6.769 21.414 7.674
v -4.898 21.275 8.734
v -4.250 21.192 8.527
v -3.536 21.220 8.364
v -3.042 21.363 7.986
v -2.270 21.629 7.904
v -1.375 21.910 7.928
v -0.550 21.927 7.906
v 0.179 21.727 7.793
v 0.644 21.492 7.393
v 1.612 21.304 7.514
v 2.624 21.180 7.697
v 4.165 21.057 8.434
v 5.460 20.975 8.902
v 6.023 20.953 8.582
v 6.760 20.965 8.482
v 7.614 20.992 8.491
v 8.274 21.006 8.265
v 8.610 21.075 7.727
v 9.265 21.231 7.519
v 10.401 21.287 7.793
v 10.795 21.259 7.316
v 12.249 21.247 7.937
v 13.449 21.264 8.317
v 14.351 21.377 8.374
v 15.048 21.431 8.209
v 15.998 21.430 8.297
v 16.603 21.383 8.044
v 17.104 21.287 7.674
v 18.153 21.270 7.876
v 18.639 21.307 7.492
v -20.483 22.602 7.542
v -20.651 22.569 8.253
v -19.951 22.615 7.211
v -18.869 22.667 7.458
v -18.318 22.675 7.143
v -17.919 22.666 6.644
v -17.533 22.664 6.137
v -17.104 22.727 5.670
v -16.585 22.832 5.274
v -18.226 22.883 5.541
v -17.028 22.906 5.951
v -15.895 22.851 6.285
v -14.456 22.634 6.881
v -13.521 22.538 7.001
v -9.747 22.447 7.201
v -9.120 22.355 6.983
v -8.249 22.347 6.997
v -6.425 22.316 8.024
v -4.777 22.243 8.880
v -4.083 22.171 8.701
v -3.512 22.189 8.374
v -2.985 22.354 8.031
v -2.028 22.582 8.137
v -1.453 22.788 7.834
v -0.642 22.801 7.790
v 0.339 22.644 7.946
v 0.462 22.397 7.184
v 1.206 22.177 7.064
v 2.425 22.090 7.467
v 3.546 22.028 7.764
v 4.555 21.945 7.931
v 5.675 21.902 8.187
v 6.454 21.874 8.146
v 7.936 21.837 8.803
v 8.518 21.869 8.507
v 8.906 21.866 8.031
v 9.566 21.870 7.842
v 10.704 21.918 8.124
v 11.484 21.965 8.045
v 12.417 21.959 8.139
v 11.020 22.045 8.712
v 11.648 22.332 8.467
v 12.169 22.539 8.091
v 13.045 22.568 8.106
v 16.405 22.535 7.838
v 17.113 22.503 7.689
v 18.143 22.505 7.861
v 18.884 22.543 7.738
v -19.629 23.423 8.453
v -20.621 23.304 8.344
v -19.273 23.439 7.920
v -18.687 23.425 7.639
v -20.568 23.439 7.671
v -20.282 23.549 7.062
v -20.252 23.557 6.185
v -19.960 23.539 5.572
v -19.112 23.658 5.541
v -18.398 23.728 5.395
v -17.406 23.758 5.540
v -16.252 23.704 5.878
v -14.421 23.520 6.932
v -10.795 23.343 6.959
v -9.878 23.124 7.045
v -8.670 23.033 7.434
v -7.605 23.045 7.682
v -6.437 23.088 8.030
v -4.546 23.131 9.118
v -4.349 22.997 8.434
v -3.589 22.958 8.299
v -2.523 23.187 8.527
v -2.352 23.346 7.794
v -1.667 23.279 7.601
v -0.843 23.282 7.576
v 0.181 23.355 7.768
v 1.123 23.218 7.861
v 1.197 23.078 7.021
v 2.443 23.073 7.435
v 3.396 23.133 7.589
v 3.464 23.091 6.768
v 4.628 23.032 7.078
v 5.584 23.068 7.219
v 7.277 23.011 8.092
v 8.278 22.892 8.254
v 9.163 22.809 8.294
v 9.811 22.763 8.088
v 11.019 22.702 8.462
v 12.049 22.665 8.661
v 13.073 22.672 8.864
v 13.514 22.785 8.433
v 14.220 23.123 8.259
v 15.087 23.410 8.242
v 15.436 23.431 7.712
v 16.021 23.435 7.450
v 16.108 23.475 6.637
v 17.279 23.468 6.947
v 18.456 23.377 7.278
v -23.527 24.447 7.289
v -23.900 24.299 7.820
v -22.642 24.451 7.293
v -21.420 24.368 7.684
v -20.613 24.373 7.625
v -20.556 24.496 6.755
v -20.397 24.644 6.018
v -19.859 24.707 5.683
v -19.752 24.709 4.876
v -18.994 24.698 4.757
v -17.309 24.609 5.623
v -16.473 24.484 5.649
v -15.035 24.297 6.273
v -13.917 24.122 6.569
v -9.505 24.075 7.429
v -8.343 24.076 7.765
v -7.207 24.090 8.065
v -5.820 24.098 8.657
v -4.715 24.118 8.948
v -3.684 24.112 9.135
v -3.163 24.127 8.765
v -2.282 24.275 8.779
v -2.132 24.308 8.018
v -2.015 24.203 7.238
v -1.108 24.179 7.299
v 0.008 24.154 7.581
v 0.905 24.073 7.636
v 1.291 24.033 7.142
v 2.135 24.081 7.137
v 3.039 24.243 7.189
v 3.477 24.414 6.749
v 4.162 24.465 6.576
v 4.996 24.425 6.599
v 6.668 24.307 7.466
v 7.667 24.159 7.618
v 8.928 24.038 8.055
v 10.045 23.911 8.356
v 11.377 23.904 8.879
v 12.258 23.983 8.911
v 13.147 23.969 8.941
v 13.605 23.999 8.523
v 14.271 24.163 8.306
v 15.098 24.346 8.248
v 15.528 24.473 7.828
v 15.667 24.580 7.109
v 15.845 24.679 6.368
v 17.101 24.677 6.759
v 15.172 24.514 6.749
v -23.685 25.523 7.118
v -23.923 25.442 7.796
v -22.656 25.524 7.273
v -21.700 25.494 7.397
v -20.766 25.578 7.467
v -20.442 25.759 6.868
v -20.175 25.939 6.247
v -19.855 26.011 5.684
v -19.728 25.982 4.884
v -18.742 25.950 4.998
v -17.565 25.866 5.371
v -16.395 25.718 5.737
v -15.270 25.528 6.036
v -13.916 25.359 6.580
v -9.436 25.357 7.494
v -7.959 25.390 8.161
v -7.084 25.391 8.203
v -5.592 25.390 8.896
v -4.448 25.407 9.236
v -3.778 25.442 9.041
v -3.209 25.471 8.717
v -2.526 25.575 8.529
v -2.309 25.562 7.829
v -2.062 25.483 7.193
v -1.302 25.448 7.102
v 0.267 25.335 7.851
v 1.076 25.219 7.818
v 1.384 25.180 7.240
v 2.101 25.238 7.108
v 2.937 25.408 7.078
v 3.703 25.633 6.967
v 3.946 25.717 6.355
v 5.020 25.686 6.633
v 6.796 25.588 7.603
v 7.610 25.475 7.555
v 8.676 25.377 7.799
v 9.920 25.260 8.240
v 11.299 25.245 8.798
v 12.190 25.282 8.827
v 13.027 25.302 8.812
v 13.750 25.373 8.683
v 14.217 25.476 8.257
v 15.143 25.597 8.295
v 15.680 25.730 7.993
v 15.631 25.862 7.074
v 16.049 25.973 6.581
v 17.106 25.964 6.773
v 15.179 25.748 6.762
v -22.905 26.732 7.925
v -23.117 26.839 8.632
v -22.018 26.723 7.934
v -21.284 26.812 7.800
v -20.668 26.997 7.576
v -20.591 27.233 6.737
v -19.761 27.301 6.682
v -19.791 27.248 5.738
v -19.683 27.212 4.942
v -16.461 27.189 4.521
v -15.060 27.281 5.089
v -13.675 27.243 5.673
v -12.451 27.126 6.088
v -10.823 26.938 6.916
v -9.597 26.759 7.334
v -7.856 26.694 8.276
v -6.557 26.642 8.768
v -5.734 26.668 8.761
v -4.780 26.727 8.869
v -3.783 26.757 9.005
v -3.650 26.791 8.226
v -2.793 26.893 8.254
v -2.300 26.930 7.877
v -2.090 26.975 7.179
v -1.365 26.966 7.051
v -0.255 26.849 7.313
v 1.148 26.737 7.891
v 1.499 26.674 7.376
v 2.147 26.651 7.163
v 3.301 26.656 7.464
v 3.939 26.727 7.224
v 4.449 26.754 6.895
v 5.631 26.830 7.268
v 7.022 26.839 7.838
v 7.612 26.816 7.590
v 9.132 26.745 8.281
v 10.255 26.606 8.565
v 11.034 26.431 8.488
v 11.978 26.231 8.580
v 12.986 26.337 8.758
v 13.890 26.572 8.811
v 14.681 26.743 8.756
v 15.661 26.898 8.871
v 16.229 26.996 8.577
v 16.480 27.113 7.935
v 16.958 27.206 7.531
v 18.066 27.185 7.784
v 18.991 26.966 7.864
v -23.051 27.957 7.767
v -20.157 28.116 8.814
v -19.837 27.941 7.334
v -19.185 28.040 7.125
v -18.355 28.239 7.107
v -18.034 28.463 6.522
v -17.707 28.507 5.935
v -17.417 28.470 5.310
v -16.673 28.552 5.184
v -16.244 28.611 4.727
v -14.915 28.543 5.244
v -13.312 28.397 6.038
v -11.586 28.141 6.992
v -10.416 27.958 7.360
v -9.437 27.887 7.526
v -8.533 27.868 7.563
v -7.468 27.908 7.784
v -6.207 27.877 8.237
v -5.302 27.879 8.295
v -4.467 27.955 8.284
v -3.940 28.026 7.930
v -2.788 28.160 8.252
v -2.171 28.252 8.013
v -1.919 28.292 7.371
v -1.237 28.306 7.194
v -0.087 28.293 7.508
v 1.514 28.086 8.299
v 1.876 27.828 7.770
v 2.350 27.772 7.391
v 3.838 27.694 8.051
v 4.527 27.692 7.886
v 5.177 27.727 7.684
v 6.214 27.765 7.892
v 7.177 27.841 8.013
v 8.596 27.797 8.614
v 9.864 27.740 9.046
v 10.263 27.684 8.566
v 10.875 27.500 8.301
v 11.582 27.363 8.135
v 12.543 27.449 8.259
v 13.904 27.670 8.815
v 14.814 27.823 8.888
v 15.454 27.967 8.652
v 16.157 28.125 8.490
v 17.198 28.288 8.675
v 17.482 28.469 8.065
v 18.213 28.492 7.926
v 19.315 28.393 8.214
v -23.187 29.158 7.633
v -23.240 29.256 8.481
v -22.870 29.139 7.071
v -19.020 29.168 7.305
v -18.171 29.287 7.307
v -17.608 29.410 6.990
v -17.260 29.441 6.425
v -16.932 29.438 5.839
v -16.064 29.503 5.820
v -15.742 29.547 5.273
v -14.472 29.517 5.709
v -12.965 29.369 6.407
v -11.744 29.108 6.839
v -10.382 28.913 7.421
v -9.229 28.774 7.734
v -8.667 28.770 7.422
v -7.660 28.874 7.575
v -6.644 28.827 7.774
v -5.705 28.827 7.881
v -4.902 29.002 7.842
v -4.070 29.149 7.813
v -2.870 29.292 8.175
v -2.470 29.411 7.694
v -2.343 29.466 6.913
v -1.430 29.446 6.973
v 0.236 29.274 7.844
v 1.544 29.006 8.329
v 2.003 28.748 7.912
v 3.091 28.689 8.168
v 4.378 28.609 8.630
v 5.249 28.528 8.653
v 5.858 28.519 8.412
v 6.509 28.616 8.215
v 7.674 28.787 8.537
v 8.999 28.814 9.038
v 9.817 28.786 8.995
v 10.120 28.737 8.427
v 10.874 28.548 8.317
v 11.664 28.401 8.235
v 12.837 28.497 8.562
v 13.782 28.743 8.684
v 17.632 28.899 8.913
v 18.204 29.049 8.640
v 19.399 29.273 9.000
v 17.530 29.470 9.043
v 17.821 29.617 8.442
v 18.535 29.645 8.294
v 19.661 29.618 8.593
v -20.246 30.162 7.796
v -20.611 30.206 8.320
v -19.768 30.143 7.391
v -18.862 30.118 7.455
v -17.804 30.157 7.664
v -16.977 30.190 7.617
v -16.901 30.228 6.786
v -16.690 30.256 6.106
v -15.922 30.266 6.001
v -15.292 30.272 5.762
v -14.010 30.382 6.225
v -12.775 30.369 6.637
v -11.800 30.218 6.781
v -10.830 30.015 6.945
v -9.491 29.721 7.458
v -8.878 29.620 7.187
v -8.209 29.692 6.997
v -7.079 29.631 7.314
v -5.397 29.602 8.189
v -4.820 29.815 7.926
v -3.935 30.001 7.962
v -3.238 30.134 7.813
v -2.862 30.261 7.293
v -2.737 30.338 6.504
v -1.758 30.299 6.631
v -0.405 30.052 7.169
v 0.679 29.857 7.416
v 1.782 29.699 7.659
v 3.191 29.634 8.253
v 4.331 29.549 8.587
v 4.689 29.389 8.081
v 5.820 29.326 8.374
v 6.907 29.446 8.630
v 8.394 29.645 9.295
v 9.223 29.732 9.277
v 9.713 29.738 8.895
v 10.051 29.693 8.357
v 11.125 29.529 8.577
v 11.772 29.383 8.384
v 12.624 29.498 8.385
v 16.338 29.776 8.464
v 17.485 29.946 8.773
v 18.661 30.099 9.109
v 19.602 30.346 9.205
v 17.594 30.527 9.128
v 18.122 30.592 8.788
v 18.947 30.612 8.762
v 19.644 30.648 8.589
v -19.262 0.000 -4.396
v -19.092 0.950 -4.251
v -19.301 2.022 -4.435
v -19.443 3.251 -4.563
v -19.390 4.533 -4.517
v -19.633 5.930 -4.518
v -19.615 7.208 -4.506
v -19.559 8.395 -4.454
v -19.482 9.193 -4.385
v -19.408 10.222 -4.313
v -19.499 11.533 -4.393
v -19.888 12.705 -4.520
v -19.596 14.008 -4.476
v -19.530 15.013 -4.417
v -19.541 15.819 -4.430
v -19.498 16.534 -4.395
v -19.603 17.452 -4.493
v -19.858 18.631 -4.500
v -19.850 20.071 -4.484
v -19.891 21.235 -4.524
v -19.850 22.033 -4.483
v -19.686 22.853 -4.340
v -19.841 24.005 -4.474
v -19.799 25.325 -4.438
v -19.788 26.662 -4.436
v -19.765 28.014 -4.413
v -19.867 29.069 -4.502
v -19.550 29.986 -4.442
v -19.163 0.194 -3.367
v -19.128 1.169 -3.338
v -19.255 2.153 -3.452
v -19.412 3.256 -3.594
v -19.611 4.421 -3.445
v -19.678 5.755 -3.513
v -19.647 7.093 -3.482
v -19.434 8.360 -3.281
v -19.394 9.146 -3.243
v -19.283 10.142 -3.138
v -19.416 11.455 -3.265
v -19.946 12.657 -3.433
v -19.691 13.952 -3.511
v -19.695 14.908 -3.508
v -19.602 15.643 -3.434
v -19.535 16.390 -3.377
v -19.458 17.353 -3.310
v -19.832 18.573 -3.328
v -19.872 20.014 -3.360
v -20.110 21.224 -3.570
v -20.033 22.098 -3.498
v -20.105 23.085 -3.568
v -20.101 24.302 -3.573
v -20.139 25.615 -3.607
v -20.284 26.864 -3.738
v -20.171 28.118 -3.632
v -20.110 29.140 -3.578
v -19.719 30.009 -3.547
v -19.631 0.538 -2.879
v -19.270 1.532 -2.538
v -19.285 2.380 -2.543
v -19.424 3.250 -2.671
v -19.235 4.289 -2.479
v -19.733 5.601 -2.498
v -19.717 6.992 -2.485
v -19.922 8.279 -2.215
v -19.205 9.084 -1.984
v -19.163 10.051 -1.945
v -19.532 11.332 -2.307
v -20.103 12.702 -2.395
v -19.677 13.945 -2.434
v -19.779 14.840 -2.520
v -19.596 15.506 -2.360
v -19.498 16.390 -2.276
v -19.394 17.410 -2.175
v -19.927 18.618 -2.231
v -19.885 19.942 -2.183
v -20.017 21.176 -2.295
v -20.185 22.144 -2.461
v -20.466 23.338 -2.735
v -20.477 24.601 -2.752
v -20.454 25.920 -2.734
v -20.571 27.161 -2.835
v -20.531 28.292 -2.795
v -19.955 29.314 -2.702
v -19.843 30.165 -2.602
v -19.693 0.624 -2.016
v -19.499 1.626 -1.829
v -19.440 2.478 -1.762
v -19.445 3.308 -1.750
v -19.208 4.281 -1.519
v -20.023 5.536 -1.705
v -19.938 6.922 -1.620
v -20.341 8.265 -1.402
v -20.083 9.101 -1.135
v -19.382 10.052 -1.057
v -20.141 11.258 -1.197
v -20.175 12.575 -1.235
v -20.026 13.862 -1.091
v -19.439 14.852 -1.118
v -19.564 15.483 -1.247
v -19.361 16.310 -1.044
v -19.319 17.345 -1.009
v -19.435 18.603 -1.126
v -20.218 20.061 -1.276
v -20.298 21.296 -1.351
v -20.298 22.306 -1.362
v -20.666 23.489 -1.722
v -20.708 24.788 -1.769
v -20.834 26.109 -1.892
v -20.738 27.363 -1.800
v -20.668 28.432 -1.727
v -19.896 29.478 -1.583
v -19.905 30.359 -1.588
v -20.035 0.550 -1.431
v -19.693 1.604 -1.089
v -19.508 2.518 -0.902
v -19.730 3.334 -1.108
v -19.600 4.280 -0.991
v -20.299 5.523 -0.887
v -20.135 6.913 -0.730
v -20.687 8.313 -0.486
v -20.469 9.184 -0.248
v -20.320 10.121 -0.095
v -20.257 11.221 -0.038
v -20.192 12.456 0.016
v -20.205 13.795 -0.000
v -19.402 14.909 0.029
v -19.407 15.539 0.012
v -19.575 16.319 -0.149
v -19.609 17.382 -0.189
v -19.648 18.686 -0.232
v -20.398 20.236 -0.200
v -20.749 21.464 -0.548
v -20.738 22.509 -0.552
v -20.881 23.646 -0.697
v -21.053 24.943 -0.859
v -21.131 26.259 -0.938
v -21.194 27.523 -1.003
v -20.916 28.557 -0.737
v -20.100 29.644 -0.708
v -19.953 30.566 -0.554
v -20.481 0.346 -0.944
v -20.040 1.604 -0.507
v -19.470 2.580 0.060
v -19.556 3.343 -0.025
v -19.705 4.385 -0.168
v -20.709 5.543 -0.202
v -20.323 6.852 0.185
v -21.222 8.224 0.269
v -20.790 9.221 0.716
v -20.682 10.210 0.844
v -20.650 11.288 0.882
v -20.460 12.393 1.049
v -20.501 13.730 1.021
v -19.758 14.920 0.813
v -19.346 15.631 1.208
v -19.160 16.457 1.388
v -19.770 17.555 0.782
v -19.919 18.845 0.618
v -19.819 20.359 0.713
v -20.970 21.632 0.510
v -21.234 22.760 0.240
v -21.541 23.884 -0.059
v -21.585 25.089 -0.097
v -21.639 26.355 -0.144
v -21.749 27.589 -0.262
v -21.488 28.717 -0.010
v -20.612 29.768 -0.091
v -20.223 30.641 0.285
v -20.466 0.301 -0.019
v -20.103 1.598 0.350
v -19.535 2.583 0.926
v -19.489 3.338 0.971
v -19.556 4.410 0.904
v -19.661 5.549 0.800
v -20.658 6.844 0.985
v -21.484 8.228 1.341
v -21.155 9.225 1.699
v -20.923 10.205 1.951
v -20.938 11.264 1.942
v -20.767 12.379 2.089
v -20.826 13.709 2.046
v -19.893 14.906 1.825
v -19.484 15.667 2.218
v -19.208 16.474 2.488
v -19.789 17.569 1.901
v -19.966 18.869 1.711
v -19.959 20.371 1.716
v -21.212 21.654 1.601
v -21.496 22.792 1.309
v -22.006 23.901 0.809
v -21.918 25.091 0.903
v -21.901 26.349 0.922
v -22.018 27.572 0.797
v -20.879 28.714 0.762
v -20.876 29.782 0.773
v -20.500 30.662 1.137
v -20.229 0.322 1.127
v -19.787 1.568 1.581
v -19.277 2.539 2.118
v -19.447 3.323 1.967
v -19.310 4.397 2.092
v -20.906 5.560 1.880
v -20.628 6.884 2.168
v -20.310 8.337 2.516
v -20.136 9.213 2.712
v -21.272 10.097 2.978
v -21.172 11.096 3.086
v -20.916 12.358 3.335
v -19.523 13.669 3.343
v -19.611 14.844 3.264
v -19.492 15.729 3.367
v -19.074 16.434 3.782
v -19.755 17.491 3.080
v -19.926 18.831 2.895
v -19.833 20.320 3.001
v -21.915 21.602 2.287
v -21.932 22.707 2.251
v -21.914 23.749 2.283
v -22.250 24.940 1.939
v -22.230 26.211 1.953
v -22.251 27.437 1.949
v -20.748 28.553 2.061
v -20.480 29.728 2.332
v -20.439 30.675 2.368
v -19.952 0.300 2.336
v -19.741 1.529 2.565
v -19.543 2.503 2.783
v -19.507 3.339 2.833
v -19.323 4.435 3.017
v -20.201 5.605 3.787
v -20.151 6.904 3.859
v -20.160 8.286 3.855
v -19.821 9.193 4.211
v -20.033 10.087 4.006
v -20.033 11.149 4.018
v -19.974 12.385 4.064
v -19.698 13.663 4.335
v -19.554 14.799 4.482
v -19.699 15.692 4.330
v -19.662 16.488 4.371
v -19.896 17.535 4.128
v -20.013 18.807 3.982
v -20.047 20.274 3.969
v -22.581 21.566 3.041
v -22.471 22.663 3.140
v -22.056 23.682 3.568
v -22.358 24.761 3.250
v -22.453 26.004 3.152
v -22.548 27.251 3.080
v -20.601 28.393 3.387
v -20.325 29.535 3.667
v -20.224 30.419 3.767
v -19.796 0.226 3.454
v -19.598 1.425 3.659
v -19.651 2.424 3.614
v -19.761 3.334 3.527
v -20.915 4.481 4.265
v -19.959 5.661 5.253
v -20.315 6.955 4.911
v -20.171 8.292 5.065
v -19.647 9.245 5.587
v -20.362 10.138 4.860
v -20.291 11.219 4.949
v -20.466 12.383 4.758
v -20.407 13.644 4.812
v -20.155 14.782 5.057
v -20.196 15.710 5.019
v -20.458 16.615 4.756
v -20.539 17.678 4.683
v -20.436 18.889 4.757
v -20.064 20.300 5.152
v -22.853 21.560 4.216
v -21.166 22.629 4.007
v -20.380 23.642 4.825
v -22.497 24.582 4.576
v -22.879 25.777 4.193
v -20.987 27.049 4.207
v -20.664 28.233 4.513
v -20.825 29.349 4.360
v -20.324 30.183 4.877
v -19.468 0.195 4.724
v -19.451 1.282 4.743
v -19.174 2.271 5.054
v -19.020 3.254 5.233
v -20.856 4.473 5.559
v -20.276 5.739 6.155
v -20.552 7.069 5.892
v -20.010 8.249 6.467
v -19.600 9.263 6.872
v -20.366 10.097 6.080
v -20.800 11.051 5.628
v -20.673 12.202 5.753
v -20.450 13.468 5.980
v -20.399 14.698 6.030
v -20.283 15.846 6.138
v -20.299 16.754 6.137
v -20.818 17.824 5.596
v -20.594 19.040 5.813
v -20.143 20.362 6.303
v -22.999 21.518 5.588
v -20.936 22.513 5.486
v -20.091 23.548 6.357
v -22.789 24.390 5.807
v -22.993 25.545 5.604
v -20.491 26.908 5.962
v -20.234 28.255 6.186
v -22.776 29.362 5.802
v -20.587 30.185 5.834
v -18.977 0.159 6.153
v -16.441 1.138 6.251
v -19.025 2.095 6.148
v -19.112 3.139 6.076
v -21.124 4.423 6.522
v -20.440 5.727 7.221
v -21.126 7.078 6.537
v -18.296 8.266 6.942
v -17.355 9.266 7.897
v -20.492 10.040 7.181
v -21.442 10.884 6.169
v -21.556 11.983 6.047
v -20.914 13.281 6.704
v -21.206 14.639 6.427
v -20.857 15.952 6.747
v -21.128 16.881 6.499
v -21.552 17.954 6.074
v -21.473 19.178 6.146
v -20.698 20.461 6.965
v -20.952 21.537 6.718
v -20.609 22.471 7.062
v -20.100 23.469 7.625
v -23.120 24.305 7.052
v -23.366 25.421 6.805
v -20.181 26.826 7.542
v -20.387 28.228 7.310
v -22.794 29.334 7.345
v -20.545 30.201 7.123
v 19.746 0.292 -4.872
v 19.674 1.242 -4.936
v 20.032 2.087 -4.833
v 19.977 2.980 -4.875
v 20.048 4.059 -4.812
v 20.071 5.346 -4.793
v 20.530 6.708 -4.608
v 20.522 7.929 -4.611
v 20.561 8.963 -4.567
v 20.380 9.819 -4.504
v 20.380 10.707 -4.503
v 20.279 11.868 -4.597
v 20.558 13.242 -4.561
v 20.489 14.572 -4.629
v 20.461 15.414 -4.651
v 20.517 16.269 -4.596
v 20.536 17.331 -4.573
v 20.601 18.601 -4.519
v 20.354 19.692 -4.520
v 20.494 20.719 -4.403
v 20.416 21.677 -4.470
v 20.501 22.696 -4.391
v 20.289 23.843 -4.360
v 20.330 25.186 -4.323
v 20.534 26.614 -4.357
v 20.393 27.720 -4.481
v 20.426 28.727 -4.447
v 20.529 29.715 -4.359
v 19.542 0.160 -3.923
v 19.581 1.163 -3.892
v 19.972 2.030 -3.855
v 19.975 2.927 -3.846
v 20.023 4.129 -3.802
v 20.557 5.517 -3.634
v 20.656 6.899 -3.540
v 20.714 8.086 -3.486
v 20.776 9.068 -3.422
v 20.316 9.909 -3.513
v 20.357 10.807 -3.471
v 20.129 11.918 -3.688
v 20.257 13.299 -3.568
v 20.513 14.639 -3.657
v 20.507 15.501 -3.659
v 20.618 16.329 -3.555
v 20.581 17.302 -3.581
v 20.854 18.527 -3.335
v 20.610 19.715 -3.235
v 20.710 20.854 -3.144
v 20.695 21.857 -3.157
v 20.754 22.779 -3.101
v 20.329 23.830 -3.169
v 20.724 25.138 -3.130
v 20.589 26.587 -3.252
v 20.498 27.797 -3.338
v 20.351 28.812 -3.467
v 20.460 29.771 -3.369
v 19.116 0.000 -3.159
v 19.445 1.038 -2.844
v 20.010 1.989 -2.767
v 19.872 2.980 -2.890
v 20.417 4.340 -2.829
v 20.648 5.735 -2.601
v 20.770 7.089 -2.489
v 20.697 8.318 -2.556
v 20.843 9.268 -2.410
v 20.222 10.099 -2.541
v 20.184 10.996 -2.579
v 19.918 11.951 -2.834
v 20.023 13.386 -2.729
v 20.607 14.766 -2.631
v 20.683 15.557 -2.548
v 20.792 16.381 -2.446
v 20.815 17.252 -2.416
v 21.036 18.381 -2.211
v 20.709 19.832 -2.070
v 20.590 20.995 -2.183
v 20.658 21.979 -2.123
v 20.696 22.914 -2.088
v 20.186 23.963 -2.114
v 20.675 25.203 -2.105
v 20.396 26.513 -2.372
v 20.260 27.820 -2.493
v 20.015 28.839 -2.722
v 20.157 29.763 -2.598
v 19.000 0.000 -2.057
v 19.818 1.135 -1.867
v 19.969 2.093 -1.727
v 19.676 3.034 -2.006
v 20.406 4.463 -1.894
v 20.645 5.935 -1.659
v 20.778 7.297 -1.532
v 20.768 8.430 -1.542
v 21.282 9.378 -1.042
v 21.009 10.183 -1.302
v 20.211 11.034 -1.474
v 20.095 12.062 -1.597
v 20.095 13.441 -1.589
v 20.662 14.790 -1.642
v 20.774 15.688 -1.530
v 20.808 16.479 -1.486
v 20.970 17.335 -1.326
v 20.970 18.530 -1.330
v 20.445 19.924 -1.242
v 20.604 21.198 -1.095
v 20.582 22.255 -1.113
v 20.518 23.111 -1.172
v 20.457 24.088 -1.223
v 20.548 25.286 -1.136
v 20.745 26.585 -0.958
v 20.218 28.007 -1.459
v 20.204 29.056 -1.474
v 20.356 29.925 -1.335
v 19.530 0.025 -1.045
v 19.656 1.274 -0.930
v 19.786 2.217 -0.807
v 19.556 3.116 -1.035
v 20.496 4.587 -0.870
v 20.626 6.105 -0.742
v 20.490 7.459 -0.877
v 20.753 8.484 -0.615
v 21.049 9.403 -0.321
v 21.027 10.186 -0.350
v 20.913 11.002 -0.461
v 20.357 12.104 -0.246
v 21.060 13.438 -0.327
v 20.848 14.769 -0.534
v 20.819 15.787 -0.562
v 20.895 16.559 -0.468
v 20.858 17.403 -0.492
v 20.861 18.646 -0.507
v 20.309 20.018 -0.286
v 20.157 21.443 -0.429
v 20.340 22.567 -0.252
v 20.254 23.341 -0.334
v 20.203 24.251 -0.370
v 20.188 25.413 -0.386
v 20.254 26.687 -0.331
v 20.523 28.185 -0.073
v 20.348 29.284 -0.239
v 20.381 30.105 -0.216
v 19.593 0.131 0.134
v 19.712 1.251 0.244
v 19.935 2.261 0.443
v 20.547 3.327 0.096
v 20.806 4.619 0.362
v 20.853 6.126 0.406
v 20.568 7.485 0.133
v 20.588 8.575 0.164
v 20.939 9.302 0.502
v 20.803 10.085 0.369
v 20.620 11.001 0.185
v 20.131 12.103 0.666
v 21.042 13.419 0.604
v 20.893 14.747 0.450
v 21.071 15.808 0.624
v 21.003 16.596 0.571
v 20.968 17.406 0.546
v 20.034 18.599 0.559
v 19.987 20.093 0.513
v 19.986 21.630 0.513
v 20.099 22.784 0.620
v 19.975 23.520 0.503
v 19.709 24.352 0.262
v 19.833 25.521 0.386
v 19.997 26.867 0.550
v 20.458 28.239 0.992
v 20.162 29.402 0.698
v 19.967 30.258 0.503
v 19.525 0.143 1.198
v 19.579 1.259 1.243
v 19.917 2.275 1.557
v 20.518 3.354 1.002
v 20.828 4.630 1.321
v 20.894 6.118 1.387
v 20.741 7.470 1.244
v 20.680 8.597 1.190
v 20.951 9.303 1.453
v 20.939 10.083 1.438
v 20.628 11.007 1.125
v 19.937 12.099 1.610
v 21.180 13.437 1.680
v 20.880 14.778 1.373
v 21.263 15.831 1.750
v 21.165 16.641 1.670
v 21.056 17.426 1.572
v 19.915 18.573 1.573
v 19.892 20.059 1.554
v 19.876 21.610 1.542
v 19.944 22.778 1.606
v 19.901 23.550 1.566
v 19.539 24.393 1.225
v 19.749 25.552 1.437
v 19.882 26.880 1.575
v 20.307 28.213 1.982
v 20.195 29.412 1.869
v 19.839 30.310 1.518
v 19.624 0.110 2.425
v 19.737 1.328 2.547
v 19.708 2.284 2.509
v 19.490 3.246 2.294
v 20.960 4.657 2.373
v 21.329 6.082 2.751
v 21.263 7.395 2.698
v 21.457 8.581 2.892
v 21.275 9.399 2.711
v 21.175 10.185 2.603
v 21.055 11.070 2.480
v 19.706 12.156 2.519
v 21.319 13.590 2.751
v 21.454 14.960 2.889
v 21.367 15.948 2.803
v 21.560 16.805 3.016
v 21.382 17.507 2.851
v 21.191 18.521 2.634
v 20.118 19.874 2.943
v 19.917 21.397 2.747
v 20.013 22.606 2.844
v 20.166 23.557 2.993
v 19.921 24.511 2.760
v 19.731 25.606 2.570
v 19.985 26.788 2.818
v 20.429 28.110 3.266
v 20.482 29.380 3.323
v 20.183 30.395 3.023
v 19.198 0.086 3.179
v 19.335 1.225 3.321
v 19.394 2.163 3.372
v 19.458 3.155 3.423
v 19.478 4.580 3.445
v 21.127 6.019 3.473
v 20.983 7.346 3.344
v 21.441 8.534 3.833
v 21.716 9.348 4.120
v 21.573 10.222 3.957
v 21.285 11.264 3.650
v 21.053 12.413 3.417
v 19.551 13.826 3.551
v 19.689 15.125 3.704
v 21.420 16.115 3.813
v 21.656 16.859 4.057
v 21.619 17.495 4.032
v 21.746 18.540 4.151
v 20.457 19.904 4.492
v 20.283 21.409 4.314
v 20.308 22.619 4.335
v 20.385 23.541 4.402
v 19.953 24.490 3.956
v 20.006 25.576 4.010
v 20.095 26.889 4.118
v 19.971 28.176 3.998
v 20.018 29.335 4.052
v 19.979 30.321 4.018
v 18.509 0.146 3.667
v 18.695 1.186 3.869
v 18.945 2.090 4.114
v 19.074 3.098 4.226
v 19.111 4.487 4.277
v 20.665 5.930 3.954
v 20.557 7.262 3.855
v 20.859 8.419 4.192
v 21.286 9.223 4.643
v 21.738 10.206 5.085
v 21.517 11.423 4.828
v 21.148 12.625 4.451
v 19.212 13.994 4.410
v 19.369 15.225 4.581
v 21.464 16.241 4.805
v 21.795 16.894 5.142
v 22.186 17.494 5.542
v 22.370 18.562 5.742
v 20.624 19.953 5.885
v 20.118 21.468 5.360
v 20.142 22.679 5.372
v 20.230 23.520 5.457
v 19.720 24.445 4.928
v 19.801 25.567 5.013
v 19.597 27.038 4.818
v 19.523 28.280 4.753
v 19.783 29.344 5.037
v 19.954 30.287 5.218
v 17.936 0.413 4.307
v 18.542 1.377 4.923
v 18.930 2.190 5.315
v 19.432 3.130 5.822
v 19.257 4.327 5.656
v 21.068 5.722 5.315
v 21.105 7.031 5.369
v 21.473 8.112 5.766
v 21.542 9.047 5.843
v 21.821 10.141 6.104
v 21.669 11.463 5.920
v 21.421 12.761 5.669
v 19.123 14.095 5.543
v 19.573 15.220 6.023
v 19.827 16.018 6.290
v 22.047 16.830 6.349
v 22.017 17.537 6.294
v 21.923 18.568 6.189
v 20.117 19.867 6.567
v 20.120 21.387 6.567
v 19.983 22.645 6.421
v 20.094 23.407 6.540
v 19.797 24.487 6.239
v 19.726 25.672 6.174
v 19.805 27.044 6.262
v 20.092 28.313 6.586
v 20.381 29.412 6.897
v 20.248 30.379 6.757
v 17.969 0.665 5.568
v 18.509 1.588 6.115
v 18.916 2.303 6.540
v 19.510 3.160 7.148
v 22.109 4.217 7.312
v 22.094 5.484 7.311
v 21.922 6.728 7.150
v 22.023 7.807 7.255
v 21.883 8.866 7.117
v 21.913 10.051 7.133
v 18.769 11.457 6.406
v 19.016 12.852 6.657
v 18.842 14.126 6.489
v 19.328 15.149 7.020
v 19.889 15.878 7.594
v 21.897 16.800 7.115
v 21.684 17.666 6.876
v 21.479 18.714 6.638
v 19.367 19.911 7.005
v 19.082 21.329 6.731
v 19.182 22.587 6.818
v 19.247 23.338 6.878
v 18.746 24.500 6.371
v 18.771 25.742 6.409
v 19.369 27.038 7.022
v 19.474 28.331 7.154
v 19.838 29.485 7.554
v 19.925 30.482 7.643
v -18.318 0.000 -4.314
v -18.195 0.206 -3.257
v -18.564 0.622 -2.670
v -18.908 0.676 -2.077
v -19.225 0.562 -1.467
v -19.644 0.455 -0.972
v -19.688 0.448 -0.100
v -19.071 0.496 1.442
v -18.881 0.475 2.574
v -18.865 0.398 3.554
v -18.484 0.144 4.864
v -18.248 0.000 6.008
v -17.418 0.000 -4.270
v -17.391 0.193 -3.295
v -17.658 0.561 -2.618
v -17.887 0.630 -1.908
v -18.053 0.543 -1.146
v -18.494 0.505 -0.674
v -18.549 0.506 0.188
v -17.835 0.519 1.827
v -17.567 0.502 3.043
v -17.749 0.429 3.827
v -17.531 0.138 4.980
v -17.356 0.000 6.062
v -16.499 0.000 -4.207
v -16.610 0.098 -3.355
v -16.816 0.222 -2.622
v -16.945 0.387 -1.808
v -17.215 0.463 -1.157
v -17.503 0.624 -0.535
v -17.556 0.629 0.332
v -16.969 0.496 1.849
v -16.592 0.494 3.184
v -16.752 0.439 3.980
v -16.737 0.170 4.920
v -16.179 0.000 6.408
v -15.611 0.000 -4.175
v -15.793 0.000 -3.385
v -15.910 0.000 -2.563
v -15.881 0.147 -1.604
v -16.258 0.369 -1.054
v -16.509 0.618 -0.391
v -16.594 0.648 0.448
v -16.302 0.574 1.676
v -15.599 0.573 3.334
v -15.349 0.507 4.540
v -15.109 0.256 5.719
v -14.816 0.000 6.942
v -15.007 0.000 -4.397
v -15.074 0.000 -3.503
v -15.225 0.000 -2.710
v -15.081 0.000 -1.650
v -15.482 0.308 -1.128
v -15.681 0.554 -0.412
v -15.738 0.608 0.450
v -15.388 0.652 1.749
v -14.868 0.612 3.217
v -14.383 0.489 4.659
v -13.927 0.288 6.073
v -14.028 0.034 6.905
v -14.132 0.000 -4.377
v -14.082 0.000 -3.374
v -14.224 0.000 -2.569
v -14.284 0.000 -1.698
v -14.452 0.287 -0.955
v -14.863 0.488 -0.438
v -14.920 0.521 0.426
v -14.624 0.525 1.666
v -14.070 0.509 3.173
v -13.497 0.437 4.697
v -12.797 0.245 6.368
v -13.068 0.050 7.044
v -13.557 0.000 -4.632
v -13.535 0.000 -3.656
v -13.561 0.000 -2.743
v -13.429 0.000 -1.700
v -13.543 0.311 -0.895
v -14.007 0.470 -0.428
v -14.229 0.473 0.278
v -13.712 0.393 1.728
v -13.230 0.366 3.160
v -12.966 0.334 4.363
v -12.136 0.161 6.187
v -12.312 0.063 6.940
v -12.839 0.000 -4.747
v -12.686 0.000 -3.661
v -12.749 0.000 -2.786
v -12.705 0.000 -1.825
v -12.705 0.177 -0.909
v -12.935 0.341 -0.203
v -12.736 0.374 0.922
v -12.777 0.377 1.808
v -12.433 0.240 3.103
v -11.973 0.127 4.512
v -11.231 0.100 6.234
v -11.746 0.120 6.644
v -12.039 0.000 -4.796
v -11.846 0.000 -3.673
v -11.902 0.000 -2.794
v -11.810 0.000 -1.785
v -11.757 0.094 -0.812
v -12.125 0.259 -0.245
v -12.032 0.314 0.772
v -12.281 0.390 1.469
v -11.847 0.200 2.835
v -11.282 0.037 4.351
v -10.755 0.090 5.852
v -10.771 0.159 6.762
v -11.115 0.005 -4.727
v -10.941 0.003 -3.619
v -11.016 0.038 -2.755
v -10.866 0.150 -1.684
v -10.632 0.307 -0.529
v -10.997 0.437 0.053
v -10.890 0.464 1.086
v -10.935 0.470 1.973
v -10.647 0.320 3.193
v -9.969 0.172 4.815
v -9.421 0.125 6.339
v -9.247 0.117 7.460
v -10.160 0.197 -4.630
v -9.948 0.263 -3.487
v -10.067 0.333 -2.661
v -9.926 0.426 -1.593
v -9.920 0.498 -0.656
v -10.295 0.526 -0.084
v -10.116 0.535 1.026
v -9.639 0.564 2.436
v -9.419 0.501 3.586
v -9.173 0.394 4.776
v -8.632 0.263 6.293
v -8.294 0.153 7.588
v -9.215 0.241 -4.543
v -9.080 0.353 -3.470
v -9.067 0.449 -2.515
v -8.885 0.587 -1.411
v -8.849 0.634 -0.444
v -9.210 0.469 0.135
v -9.094 0.447 1.188
v -8.483 0.545 2.747
v -7.950 0.654 4.234
v -7.885 0.689 5.236
v -7.451 0.506 6.631
v -7.072 0.292 7.982
v -8.449 0.346 -4.625
v -8.302 0.470 -3.544
v -8.006 0.560 -2.311
v -7.940 0.677 -1.307
v -7.861 0.691 -0.291
v -8.015 0.522 0.498
v -7.823 0.501 1.625
v -7.571 0.601 2.831
v -6.945 0.722 4.407
v -7.113 0.764 5.175
v -6.780 0.589 6.471
v -6.056 0.373 8.157
v -7.878 0.519 -4.666
v -7.473 0.615 -3.571
v -7.323 0.656 -2.483
v -6.990 0.665 -1.206
v -7.039 0.599 -0.312
v -6.830 0.601 0.837
v -6.627 0.608 1.985
v -6.373 0.621 3.191
v -5.970 0.623 4.538
v -5.650 0.580 5.807
v -5.309 0.511 7.103
v -5.427 0.408 7.940
v -6.996 0.553 -4.645
v -6.681 0.612 -3.629
v -6.558 0.643 -2.570
v -6.233 0.708 -1.301
v -5.927 0.707 -0.042
v -5.921 0.720 0.902
v -5.772 0.712 1.994
v -5.532 0.639 3.193
v -5.264 0.552 4.384
v -5.162 0.474 5.421
v -4.702 0.429 6.844
v -4.704 0.430 7.804
v -6.272 0.532 -4.757
v -6.179 0.561 -3.624
v -5.686 0.592 -2.553
v -5.439 0.773 -1.367
v -5.283 0.882 -0.271
v -5.467 0.834 0.484
v -5.172 0.799 1.717
v -4.872 0.682 2.976
v -4.671 0.551 4.104
v -4.752 0.464 4.946
v -4.099 0.359 6.570
v -4.030 0.410 7.611
v -5.611 0.456 -4.922
v -5.192 0.533 -3.506
v -5.377 0.667 -2.616
v -5.236 0.755 -1.400
v -5.383 0.787 -0.443
v -5.526 0.785 0.530
v -5.431 0.787 1.770
v -5.277 0.768 3.095
v -3.826 0.639 4.087
v -3.944 0.528 4.903
v -3.797 0.413 6.008
v -3.727 0.442 7.026
v -4.757 0.310 -4.922
v -4.491 0.462 -3.650
v -4.585 0.733 -2.676
v -4.434 0.698 -1.456
v -4.554 0.631 -0.473
v -4.409 0.696 0.789
v -4.357 0.754 1.980
v -4.801 0.902 2.702
v -5.030 0.828 3.660
v -5.167 0.708 4.721
v -5.268 0.566 5.840
v -3.324 0.534 6.551
v -3.927 0.184 -4.933
v -3.732 0.343 -3.731
v -3.677 0.595 -2.622
v -3.679 0.656 -1.550
v -3.840 0.675 -0.612
v -3.876 0.643 0.479
v -3.884 0.674 1.610
v -4.225 0.856 2.417
v -4.464 0.905 3.367
v -4.686 0.868 4.355
v -4.644 0.827 5.618
v -4.914 0.749 6.570
v -3.073 0.106 -4.933
v -2.931 0.264 -3.776
v -2.777 0.493 -2.575
v -2.888 0.629 -1.607
v -3.989 0.715 -0.820
v -4.076 0.613 0.392
v -4.283 0.617 1.525
v -4.851 0.792 2.323
v -3.763 0.903 3.198
v -3.854 0.923 4.304
v -3.975 0.973 5.410
v -4.646 0.889 5.946
v -2.199 0.219 -4.913
v -1.944 0.327 -3.652
v -1.966 0.375 -2.617
v -2.700 0.597 -1.635
v -3.282 0.791 -0.949
v -3.435 0.800 0.200
v -3.793 0.781 1.172
v -3.812 0.766 2.521
v -4.162 0.907 3.574
v -2.978 0.997 4.312
v -2.788 0.909 5.725
v -3.591 0.789 6.135
v -1.303 0.263 -4.876
v -1.045 0.343 -3.606
v -1.230 0.322 -2.728
v -1.924 0.587 -1.712
v -2.552 0.865 -1.074
v -3.022 0.986 -0.248
v -3.499 0.963 0.604
v -3.002 0.831 2.474
v -3.384 0.941 3.491
v -4.025 1.045 4.283
v -1.947 0.882 5.698
v -2.713 0.707 6.152
v -0.252 0.210 -4.697
v -0.285 0.315 -3.685
v -0.442 0.403 -2.781
v -1.349 0.550 -1.978
v -1.873 0.763 -1.244
v -2.184 1.090 -0.274
v -2.687 1.119 0.553
v -2.803 0.968 1.800
v -2.798 1.018 3.213
v -3.458 1.089 4.003
v -1.801 0.940 4.975
v -1.844 0.726 6.153
v 0.611 0.200 -4.684
v 0.544 0.297 -3.706
v 0.307 0.405 -2.878
v -0.511 0.519 -1.991
v -0.979 0.701 -1.207
v -1.464 1.026 -0.405
v -1.841 1.065 0.545
v -1.934 0.948 1.815
v -1.875 1.001 3.283
v -2.778 1.073 3.826
v -0.970 0.945 4.959
v -1.093 0.736 6.052
v 1.645 0.254 -4.523
v 1.528 0.271 -3.591
v 1.334 0.320 -2.719
v 0.508 0.405 -1.838
v -0.109 0.499 -1.187
v -0.387 0.596 -0.172
v -0.630 0.622 0.916
v -0.580 0.668 2.340
v -0.755 0.799 3.574
v -1.425 0.921 4.351
v 0.194 0.865 5.277
v -0.228 0.718 6.056
v 2.326 0.434 -4.679
v 2.315 0.374 -3.652
v 2.224 0.335 -2.683
v 1.380 0.326 -1.814
v 0.968 0.264 -0.959
v 0.578 0.213 -0.059
v 0.335 0.230 1.028
v 0.138 0.366 2.202
v -0.003 0.556 3.473
v -0.542 0.693 4.371
v 0.822 0.656 5.046
v 0.593 0.566 6.028
v 2.926 0.619 -4.901
v 3.023 0.517 -3.785
v 3.032 0.391 -2.721
v 2.327 0.295 -1.717
v 1.943 0.110 -0.840
v 1.460 0.000 -0.047
v 0.990 0.000 0.818
v 0.758 0.170 1.953
v 0.599 0.351 3.213
v 0.001 0.444 4.048
v 1.560 0.380 4.904
v 0.765 0.335 5.319
v 3.671 0.582 -4.995
v 3.717 0.448 -3.928
v 3.853 0.283 -2.744
v 3.161 0.194 -1.729
v 2.858 0.027 -0.780
v 2.376 0.000 0.020
v 1.915 0.000 0.894
v 1.478 0.032 1.819
v 1.468 0.233 3.226
v 0.974 0.359 4.190
v 0.414 0.366 5.095
v 1.583 0.322 5.299
v 4.590 0.456 -4.941
v 4.750 0.294 -3.761
v 4.937 0.117 -2.519
v 4.273 0.094 -1.484
v 3.714 0.026 -0.786
v 3.388 0.000 0.183
v 2.990 0.000 1.122
v 2.423 0.000 1.917
v 2.060 0.185 2.965
v 1.353 0.326 3.704
v 0.841 0.404 4.649
v 2.567 0.335 5.420
v 5.488 0.457 -4.899
v 5.544 0.268 -3.815
v 5.546 0.019 -2.749
v 4.903 0.000 -1.688
v 4.627 0.000 -0.712
v 4.040 0.000 0.000
v 3.758 0.000 1.050
v 3.486 0.000 2.152
v 2.967 0.150 3.048
v 2.392 0.283 3.922
v 3.492 0.287 4.293
v 3.314 0.208 5.326
v 6.463 0.481 -4.788
v 6.286 0.280 -3.909
v 6.103 0.000 -3.022
v 5.879 0.000 -1.573
v 5.401 0.000 -0.796
v 4.752 0.000 -0.131
v 4.387 0.000 0.833
v 4.093 0.000 1.906
v 3.918 0.134 3.132
v 3.460 0.266 4.120
v 4.817 0.218 4.774
v 4.123 0.138 5.286
v 7.342 0.448 -4.759
v 7.040 0.360 -3.988
v 6.410 0.188 -3.071
v 6.727 0.115 -1.564
v 7.079 0.041 -0.734
v 6.537 0.000 -0.159
v 6.409 0.000 0.843
v 6.275 0.000 1.871
v 6.482 0.091 3.257
v 4.609 0.254 4.449
v 5.695 0.297 4.824
v 4.890 0.223 5.208
v 7.999 0.371 -4.932
v 8.010 0.435 -3.885
v 7.563 0.396 -2.789
v 7.839 0.334 -1.306
v 8.559 0.238 -0.116
v 7.638 0.126 0.092
v 7.282 0.072 0.873
v 7.585 0.000 2.325
v 6.238 0.074 3.795
v 5.496 0.204 4.486
v 6.766 0.265 5.065
v 5.584 0.197 5.042
v 8.810 0.210 -4.964
v 8.833 0.409 -3.905
v 8.366 0.519 -2.832
v 8.586 0.492 -1.403
v 8.798 0.400 0.051
v 8.068 0.256 0.630
v 7.591 0.205 1.499
v 7.028 0.118 2.319
v 6.445 0.128 3.135
v 5.956 0.153 4.068
v 5.408 0.075 5.010
v 6.510 0.000 5.111
v 9.690 0.048 -4.938
v 9.633 0.310 -3.951
v 9.143 0.515 -2.905
v 9.245 0.553 -1.595
v 9.447 0.524 -0.154
v 8.943 0.459 0.638
v 8.553 0.419 1.589
v 7.928 0.299 2.341
v 7.233 0.242 3.061
v 6.266 0.191 3.526
v 5.956 0.039 4.703
v 5.161 0.000 5.383
v 10.492 0.000 -4.981
v 9.879 0.128 -4.186
v 9.734 0.403 -3.155
v 9.901 0.482 -1.789
v 9.821 0.543 -0.628
v 9.685 0.749 0.527
v 9.275 0.745 1.446
v 8.439 0.499 2.004
v 8.102 0.359 3.094
v 7.463 0.243 3.908
v 6.750 0.112 4.663
v 6.321 0.000 5.725
v 11.461 0.000 -4.876
v 10.912 0.000 -4.026
v 10.617 0.328 -3.136
v 10.725 0.508 -1.826
v 10.723 0.711 -0.577
v 10.442 0.951 0.418
v 10.094 0.949 1.401
v 9.257 0.702 1.966
v 8.931 0.479 3.065
v 8.233 0.300 3.807
v 7.718 0.155 4.760
v 7.403 0.028 5.958
v 11.989 0.000 -4.942
v 11.702 0.000 -4.083
v 11.509 0.361 -3.103
v 11.421 0.613 -1.986
v 11.462 0.900 -0.697
v 10.971 0.964 0.099
v 10.591 0.946 1.052
v 10.474 0.829 2.328
v 9.830 0.556 3.088
v 9.033 0.334 3.705
v 8.645 0.180 4.816
v 8.189 0.061 5.875
v 13.054 0.000 -4.757
v 12.841 0.000 -3.822
v 12.521 0.265 -2.954
v 12.502 0.509 -1.764
v 12.546 0.781 -0.462
v 11.902 0.893 0.184
v 11.565 0.882 1.181
v 11.559 0.746 2.571
v 10.773 0.535 3.174
v 10.156 0.365 3.975
v 10.055 0.205 5.380
v 9.589 0.065 6.441
v 14.086 0.000 -4.594
v 13.853 0.000 -3.666
v 13.521 0.099 -2.809
v 13.379 0.291 -1.726
v 13.131 0.483 -0.723
v 12.644 0.633 0.074
v 12.325 0.635 1.089
v 12.548 0.521 2.711
v 11.884 0.473 3.439
v 10.940 0.429 3.924
v 10.709 0.271 5.205
v 10.622 0.085 6.661
v 14.903 0.000 -4.621
v 14.712 0.000 -3.654
v 14.574 0.011 -2.603
v 14.580 0.105 -1.384
v 14.176 0.173 -0.524
v 13.825 0.287 0.414
v 13.517 0.302 1.444
v 13.651 0.281 2.977
v 12.715 0.357 3.437
v 12.117 0.391 4.276
v 12.042 0.346 5.714
v 11.860 0.176 7.064
v 15.844 0.000 -4.540
v 15.665 0.000 -3.555
v 15.549 0.000 -2.480
v 15.516 0.000 -1.294
v 15.196 0.000 -0.355
v 14.792 0.042 0.526
v 14.436 0.064 1.508
v 14.500 0.091 2.976
v 13.824 0.238 3.696
v 13.412 0.335 4.731
v 12.973 0.415 5.781
v 12.255 0.307 6.588
v 16.509 0.000 -4.703
v 16.549 0.034 -3.530
v 16.331 0.072 -2.548
v 16.385 0.000 -1.277
v 16.219 0.000 -0.181
v 15.786 0.000 0.681
v 15.487 0.000 1.722
v 15.527 0.000 3.167
v 14.475 0.205 3.506
v 13.558 0.414 4.000
v 13.070 0.442 5.000
v 12.249 0.396 5.706
v 17.241 0.111 -4.815
v 17.265 0.089 -3.664
v 17.192 0.109 -2.555
v 17.074 0.000 -1.446
v 16.788 0.000 -0.462
v 16.561 0.000 0.614
v 16.270 0.000 1.665
v 16.134 0.000 2.914
v 14.872 0.114 3.034
v 13.605 0.345 3.185
v 13.252 0.428 4.316
v 12.473 0.528 5.055
v 17.973 0.300 -4.926
v 18.016 0.171 -3.762
v 17.859 0.000 -2.739
v 17.708 0.000 -1.661
v 17.556 0.000 -0.543
v 17.168 0.013 0.366
v 16.852 0.035 1.386
v 16.593 0.011 2.491
v 15.593 0.000 2.894
v 14.182 0.092 2.902
v 13.992 0.379 4.200
v 13.389 0.652 5.112
v 18.901 0.336 -4.862
v 18.817 0.186 -3.808
v 18.428 0.000 -3.004
v 18.348 0.000 -1.869
v 18.240 0.000 -0.712
v 18.742 0.045 0.125
v 18.854 0.066 1.363
v 18.782 0.041 2.430
v 18.024 0.000 2.844
v 16.927 0.044 2.897
v 16.759 0.369 3.946
v 16.619 0.672 5.030
v -18.679 30.021 -4.420
v -18.855 29.959 -3.530
v -19.029 30.027 -2.638
v -18.924 30.157 -1.451
v -18.810 30.344 -0.249
v -19.082 30.556 0.586
v -19.213 30.612 1.596
v -19.338 30.649 2.627
v -19.057 30.459 4.101
v -19.388 30.266 4.981
v -19.558 30.215 6.037
v -19.815 30.175 6.998
v -17.812 29.995 -4.404
v -17.900 29.921 -3.424
v -17.898 29.984 -2.364
v -17.786 30.118 -1.165
v -17.655 30.308 0.062
v -18.001 30.521 0.832
v -17.967 30.576 2.007
v -18.140 30.614 2.997
v -17.843 30.457 4.494
v -18.142 30.298 5.406
v -18.474 30.238 6.273
v -19.360 30.186 6.578
v -17.080 29.834 -4.514
v -17.058 29.777 -3.437
v -16.942 29.886 -2.257
v -16.777 30.079 -1.008
v -16.598 30.295 0.263
v -15.952 30.402 1.069
v -15.755 30.429 2.210
v -17.017 30.468 3.283
v -16.909 30.405 4.575
v -17.795 30.350 4.861
v -18.079 30.305 5.782
v -18.603 30.256 6.486
v -16.192 29.772 -4.486
v -16.171 29.749 -3.418
v -16.263 29.822 -2.442
v -16.168 30.013 -1.272
v -15.306 30.202 -0.099
v -15.398 30.276 0.766
v -15.290 30.298 1.816
v -16.361 30.341 3.075
v -16.792 30.286 3.812
v -17.009 30.238 4.763
v -17.200 30.282 5.779
v -17.502 30.291 6.713
v -15.431 29.765 -4.572
v -15.529 29.742 -3.626
v -15.646 29.697 -2.689
v -15.155 29.905 -1.740
v -15.054 30.098 -0.704
v -15.061 30.179 0.234
v -14.960 30.199 1.272
v -14.827 30.229 2.347
v -16.473 30.140 3.258
v -16.755 30.054 4.150
v -16.976 30.238 5.138
v -16.892 30.322 6.449
v -14.742 29.726 -4.720
v -14.948 29.694 -3.879
v -15.075 29.625 -2.951
v -14.519 29.785 -1.954
v -14.517 29.938 -1.024
v -14.338 30.043 0.086
v -14.294 30.079 1.064
v -14.425 30.150 1.876
v -16.049 30.115 2.819
v -16.152 30.094 3.913
v -16.429 30.266 4.828
v -16.844 30.348 5.613
v -14.043 29.752 -4.861
v -14.164 29.728 -3.943
v -14.399 29.649 -3.126
v -13.773 29.757 -2.057
v -13.909 29.870 -1.274
v -13.903 30.006 -0.333
v -13.814 30.061 0.679
v -13.872 30.172 1.556
v -13.794 30.190 2.585
v -15.395 30.232 3.817
v -15.624 30.353 4.774
v -16.342 30.390 5.249
v -13.139 29.670 -4.822
v -13.305 29.690 -3.941
v -12.935 29.690 -3.004
v -12.895 29.816 -2.039
v -12.921 29.941 -1.141
v -13.024 30.021 -0.321
v -12.975 30.058 0.653
v -12.787 30.165 1.771
v -12.708 30.201 2.802
v -12.541 30.271 3.915
v -14.885 30.418 4.637
v -15.423 30.431 5.285
v -12.444 29.605 -4.956
v -12.458 29.650 -3.946
v -12.097 29.705 -3.013
v -12.108 29.844 -2.103
v -12.248 29.981 -1.317
v -12.457 30.021 -0.601
v -12.453 30.046 0.327
v -11.937 30.146 1.769
v -11.847 30.189 2.806
v -11.778 30.271 3.819
v -14.331 30.431 4.314
v -14.723 30.439 5.118
v -11.579 29.672 -4.942
v -11.346 29.695 -4.026
v -11.312 29.743 -3.072
v -11.226 29.825 -2.064
v -11.379 29.926 -1.293
v -11.459 29.950 -0.435
v -11.494 29.972 0.452
v -11.212 30.074 1.654
v -10.868 30.129 2.937
v -10.573 30.234 4.166
v -12.961 30.259 4.852
v -13.648 30.294 5.364
v -10.701 29.693 -4.915
v -10.717 29.688 -3.902
v -10.437 29.714 -3.043
v -10.392 29.752 -2.070
v -10.446 29.844 -1.202
v -10.493 29.886 -0.307
v -10.521 29.900 0.587
v -10.294 29.942 1.737
v -9.862 29.971 3.098
v -9.654 30.074 4.238
v -12.216 30.071 4.758
v -12.518 30.162 5.668
v -9.786 29.690 -4.857
v -9.776 29.670 -3.814
v -9.411 29.744 -2.870
v -9.326 29.737 -1.862
v -9.419 29.817 -1.017
v -9.252 29.969 0.078
v -9.202 29.944 1.055
v -8.942 29.721 2.249
v -9.003 29.772 3.105
v -10.805 29.934 4.114
v -10.538 30.021 5.611
v -11.187 30.149 6.171
v -8.935 29.853 -4.855
v -8.921 29.789 -3.808
v -8.460 29.782 -2.770
v -8.248 29.726 -1.633
v -8.165 29.766 -0.611
v -8.161 29.929 0.329
v -8.041 29.908 1.381
v -7.701 29.670 2.654
v -8.068 29.676 3.202
v -9.923 29.788 4.156
v -9.899 29.892 5.408
v -10.357 30.009 6.179
v -8.036 30.111 -4.810
v -7.911 29.980 -3.666
v -7.913 29.730 -2.607
v -7.362 29.634 -1.598
v -7.129 29.613 -0.428
v -6.850 29.763 0.786
v -6.733 29.803 1.839
v -6.714 29.773 2.794
v -8.494 29.646 3.573
v -8.783 29.566 4.472
v -9.230 29.715 5.219
v -9.246 29.806 6.437
v -7.062 30.207 -4.702
v -7.016 30.075 -3.622
v -7.010 29.813 -2.554
v -6.531 29.658 -1.609
v -6.290 29.546 -0.432
v -6.061 29.624 0.737
v -6.109 29.660 1.632
v -5.703 29.672 2.965
v -7.344 29.580 3.885
v -7.951 29.505 4.463
v -8.186 29.615 5.434
v -8.150 29.669 6.683
v -6.152 30.183 -4.645
v -6.047 30.068 -3.509
v -6.097 29.867 -2.493
v -5.478 29.674 -1.419
v -5.440 29.505 -0.437
v -5.140 29.524 0.799
v -5.116 29.544 1.763
v -4.741 29.551 3.077
v -6.233 29.518 4.163
v -6.803 29.492 4.762
v -6.705 29.551 6.095
v -7.390 29.599 6.601
v -5.231 30.129 -4.576
v -5.250 30.045 -3.548
v -5.276 29.933 -2.511
v -5.036 29.736 -1.203
v -4.136 29.549 0.016
v -4.117 29.486 0.972
v -3.940 29.496 2.091
v -4.953 29.552 3.423
v -5.095 29.558 4.460
v -5.727 29.561 5.018
v -5.606 29.602 6.365
v -6.444 29.625 6.718
v -4.245 30.029 -4.447
v -4.275 29.997 -3.423
v -4.428 30.012 -2.501
v -4.216 29.820 -1.219
v -4.277 29.608 -0.185
v -4.258 29.437 0.958
v -4.228 29.437 2.139
v -4.213 29.577 3.317
v -4.204 29.655 4.515
v -4.524 29.702 5.386
v -4.701 29.720 6.427
v -5.003 29.712 7.342
v -3.662 29.948 -4.688
v -3.523 29.923 -3.516
v -3.485 29.916 -2.412
v -3.490 29.816 -1.330
v -3.591 29.662 -0.330
v -3.522 29.512 0.864
v -3.487 29.517 2.045
v -3.393 29.669 3.304
v -3.306 29.791 4.577
v -3.345 29.854 5.740
v -3.351 29.777 6.962
v -4.193 29.765 7.336
v -2.925 29.848 -4.797
v -2.836 29.844 -3.673
v -2.693 29.837 -2.468
v -2.530 29.823 -1.224
v -2.479 29.738 -0.072
v -2.461 29.628 1.075
v -2.529 29.638 2.156
v -2.471 29.778 3.381
v -2.307 29.916 4.729
v -2.327 29.986 5.916
v -2.680 29.844 6.769
v -3.406 29.831 7.255
v -1.984 29.838 -4.720
v -1.842 29.887 -3.545
v -1.718 29.926 -2.359
v -1.460 29.853 -1.023
v -1.477 29.750 0.073
v -1.384 29.780 1.298
v -1.314 29.786 2.522
v -1.500 29.790 3.493
v -1.341 29.905 4.836
v -1.689 29.984 5.679
v -1.831 29.916 6.758
v -2.294 29.947 7.524
v -1.007 29.761 -4.614
v -0.846 29.824 -3.420
v -0.719 29.876 -2.226
v -0.570 29.830 -0.991
v -0.589 29.805 0.103
v -0.529 29.948 1.294
v -0.485 29.955 2.489
v -0.753 29.866 3.380
v -0.675 29.932 4.648
v -0.980 30.004 5.527
v -1.139 29.995 6.579
v -1.733 30.070 7.201
v -0.268 29.664 -4.712
v -0.106 29.681 -3.517
v -0.011 29.612 -2.358
v 0.176 29.712 -1.088
v 0.066 29.854 -0.091
v 0.275 29.983 1.239
v 0.342 29.986 2.453
v 0.051 29.905 3.336
v 0.028 29.972 4.506
v -0.358 30.081 5.302
v -0.669 30.176 6.188
v -1.313 30.279 6.736
v 0.584 29.645 -4.711
v 0.679 29.661 -3.577
v 0.799 29.603 -2.398
v 1.066 29.711 -1.048
v 0.915 29.866 -0.089
v 1.168 30.005 1.282
v 1.165 30.015 2.425
v 0.903 29.951 3.335
v 0.711 29.985 4.334
v 0.361 30.062 5.169
v 0.072 30.175 6.073
v -0.430 30.275 6.766
v 1.533 29.665 -4.623
v 1.646 29.723 -3.473
v 1.601 29.834 -2.449
v 1.665 29.838 -1.293
v 1.709 29.904 -0.143
v 1.990 30.113 1.266
v 2.094 30.157 2.516
v 2.035 30.139 3.623
v 1.461 30.023 4.223
v 1.137 29.925 5.077
v 0.639 29.993 5.782
v 0.212 30.041 6.556
v 2.320 29.814 -4.682
v 2.572 29.862 -3.407
v 2.731 29.929 -2.189
v 2.670 29.929 -1.145
v 2.722 29.988 0.026
v 2.907 30.136 1.337
v 2.799 30.166 2.374
v 2.541 30.144 3.280
v 2.311 30.037 4.220
v 2.030 29.947 5.115
v 1.817 29.975 6.115
v 1.333 29.946 6.855
v 3.080 30.047 -4.765
v 3.364 30.046 -3.461
v 3.349 29.976 -2.408
v 3.552 30.017 -1.118
v 3.666 30.110 0.116
v 3.603 30.112 1.172
v 3.525 30.101 2.235
v 3.031 30.068 2.905
v 3.047 30.034 4.101
v 3.159 30.028 5.408
v 3.023 30.041 6.483
v 2.567 29.945 7.250
v 4.032 30.186 -4.673
v 4.170 30.142 -3.500
v 4.236 30.067 -2.368
v 4.432 30.061 -1.083
v 4.627 30.117 0.219
v 4.349 30.151 1.066
v 4.271 30.155 2.128
v 3.980 30.122 3.006
v 3.943 30.061 4.151
v 3.999 30.021 5.409
v 3.841 29.958 6.463
v 3.827 29.830 7.681
v 4.824 30.322 -4.727
v 4.914 30.214 -3.598
v 4.946 30.144 -2.501
v 5.255 30.091 -1.116
v 5.319 30.113 0.050
v 5.192 30.210 1.042
v 5.075 30.235 2.070
v 5.024 30.202 3.190
v 5.261 30.103 4.623
v 4.976 30.024 5.552
v 4.927 29.857 6.723
v 4.842 29.678 7.866
v 5.806 30.519 -4.610
v 5.790 30.363 -3.570
v 5.782 30.242 -2.510
v 6.058 30.192 -1.159
v 6.001 30.219 -0.118
v 6.066 30.259 1.062
v 6.050 30.267 2.187
v 5.734 30.216 3.040
v 5.681 30.081 4.175
v 5.417 29.968 5.116
v 5.758 29.721 6.691
v 5.686 29.491 7.860
v 6.588 30.594 -4.666
v 6.624 30.424 -3.585
v 6.802 30.279 -2.351
v 6.947 30.243 -1.114
v 6.706 30.281 -0.256
v 6.580 30.283 0.733
v 6.534 30.279 1.823
v 6.544 30.222 2.991
v 6.481 30.067 4.111
v 6.115 29.938 4.951
v 6.268 29.648 6.344
v 6.164 29.398 7.481
v 7.351 30.584 -4.740
v 7.351 30.410 -3.696
v 7.466 30.160 -2.523
v 7.657 30.167 -1.254
v 7.571 30.248 -0.245
v 7.492 30.283 0.799
v 7.371 30.280 1.821
v 7.047 30.195 2.652
v 7.063 30.035 3.852
v 6.995 29.913 4.989
v 7.341 29.741 6.583
v 7.397 29.572 7.892
v 8.326 30.447 -4.634
v 8.171 30.297 -3.730
v 8.331 30.024 -2.515
v 8.530 30.057 -1.241
v 8.575 30.168 -0.086
v 8.482 30.229 0.947
v 8.382 30.230 1.995
v 8.428 30.129 3.194
v 8.471 29.951 4.423
v 8.318 29.833 5.477
v 8.190 29.771 6.586
v 8.255 29.731 7.899
v 9.210 30.229 -4.606
v 9.189 30.125 -3.579
v 9.102 29.934 -2.601
v 9.243 29.915 -1.376
v 9.345 29.981 -0.164
v 9.052 30.070 0.669
v 9.050 30.098 1.809
v 9.425 30.072 3.351
v 9.365 29.869 4.484
v 9.387 29.734 5.712
v 9.380 29.689 6.937
v 9.266 29.739 8.058
v 10.065 29.998 -4.605
v 9.984 29.927 -3.631
v 9.841 29.805 -2.706
v 9.929 29.803 -1.540
v 10.177 29.877 -0.198
v 9.921 29.941 0.667
v 9.993 29.963 1.874
v 9.780 29.949 2.837
v 9.967 29.782 4.222
v 10.114 29.684 5.577
v 10.324 29.672 7.043
v 9.915 29.743 7.857
v 10.903 29.680 -4.614
v 10.788 29.670 -3.676
v 10.707 29.710 -2.697
v 10.629 29.777 -1.689
v 11.443 29.863 -0.571
v 11.224 29.748 0.143
v 11.198 29.705 1.051
v 11.501 29.653 2.307
v 10.390 29.650 3.784
v 10.783 29.690 5.390
v 10.945 29.755 6.812
v 10.375 29.787 7.471
v 11.868 29.510 -4.516
v 11.668 29.564 -3.648
v 11.529 29.664 -2.723
v 12.166 29.680 -1.635
v 12.065 29.674 -0.804
v 12.013 29.536 0.065
v 12.122 29.517 1.103
v 12.508 29.595 2.436
v 12.846 29.687 3.738
v 11.603 29.759 5.346
v 12.107 29.765 7.118
v 11.552 29.695 7.784
v 12.556 29.451 -4.656
v 12.704 29.556 -3.477
v 12.428 29.685 -2.678
v 12.877 29.577 -1.769
v 12.695 29.440 -1.032
v 12.896 29.384 0.084
v 12.854 29.435 0.967
v 12.940 29.692 2.002
v 13.645 29.787 3.663
v 14.372 29.809 5.366
v 12.899 29.731 7.055
v 12.330 29.581 7.705
v 13.437 29.520 -4.629
v 13.607 29.602 -3.431
v 13.385 29.694 -2.576
v 13.913 29.622 -1.596
v 13.701 29.519 -0.878
v 13.732 29.443 0.078
v 13.850 29.471 1.121
v 13.935 29.668 2.147
v 14.575 29.746 3.755
v 15.330 29.757 5.490
v 15.794 29.750 6.936
v 13.252 29.647 7.781
v 14.402 29.638 -4.528
v 14.498 29.670 -3.392
v 14.443 29.701 -2.376
v 14.954 29.701 -1.410
v 14.809 29.674 -0.619
v 14.788 29.578 0.293
v 14.954 29.570 1.393
v 15.223 29.669 2.607
v 15.594 29.722 3.948
v 15.910 29.723 5.229
v 16.339 29.840 6.622
v 16.389 29.834 7.600
v 15.385 29.566 -4.402
v 15.501 29.577 -3.246
v 15.366 29.626 -2.309
v 15.983 29.678 -1.232
v 16.003 29.718 -0.269
v 15.906 29.759 0.574
v 16.018 29.782 1.621
v 16.354 29.862 2.900
v 16.385 29.912 3.889
v 16.739 29.921 5.207
v 17.225 29.979 6.650
v 17.263 29.989 7.616
v 16.167 29.493 -4.460
v 16.472 29.513 -3.131
v 16.277 29.595 -2.250
v 16.946 29.694 -1.118
v 16.972 29.783 -0.149
v 16.933 29.931 0.745
v 17.048 29.978 1.801
v 17.228 30.049 2.934
v 17.318 30.107 3.978
v 17.625 30.132 5.236
v 17.896 30.137 6.462
v 18.319 30.144 7.822
v 17.104 29.652 -4.379
v 17.270 29.700 -3.176
v 17.152 29.764 -2.221
v 17.914 29.888 -1.000
v 18.134 30.008 0.160
v 18.130 30.112 1.099
v 18.296 30.106 2.207
v 18.380 30.029 3.249
v 18.230 30.083 4.041
v 18.238 30.151 4.994
v 18.622 30.318 6.334
v 18.983 30.404 7.629
v 17.990 29.775 -4.349
v 18.179 29.834 -3.121
v 17.952 29.887 -2.266
v 18.619 30.037 -1.139
v 18.832 30.200 0.013
v 18.960 30.319 1.079
v 18.962 30.286 2.026
v 19.180 30.088 3.188
v 19.106 30.074 4.060
v 19.054 30.138 4.959
v 19.291 30.395 6.149
v 17.170 30.556 7.432
v 18.868 29.844 -4.325
v 19.025 29.864 -3.125
v 18.718 29.869 -2.351
v 18.778 30.001 -1.209
v 19.525 30.177 -0.149
v 19.608 30.442 0.876
v 19.658 30.451 1.865
v 19.973 30.247 3.132
v 18.278 30.131 4.011
v 18.076 30.131 5.016
v 17.999 30.302 6.171
v 17.926 30.484 7.339
v 19.730 29.838 -4.312
v 19.679 29.853 -3.305
v 19.424 29.843 -2.486
v 19.610 29.975 -1.230
v 20.327 30.151 -0.201
v 20.292 30.428 0.709
v 20.277 30.455 1.634
v 19.336 30.302 3.031
v 19.045 30.171 3.926
v 18.777 30.149 4.869
v 19.024 30.287 6.355
v 19.012 30.461 7.579
f 1 3 2
f 1 4 3
f 2 6 5
f 2 3 6
f 5 8 7
f 5 6 8
f 7 10 9
f 7 8 10
f 9 12 11
f 9 10 12
f 11 14 13
f 11 12 14
f 13 16 15
f 13 14 16
f 15 18 17
f 15 16 18
f 17 20 19
f 17 18 20
f 19 22 21
f 19 20 22
f 21 24 23
f 21 22 24
f 23 26 25
f 23 24 26
f 25 28 27
f 25 26 28
f 27 30 29
f 27 28 30
f 29 32 31
f 29 30 32
f 31 34 33
f 31 32 34
f 33 36 35
f 33 34 36
f 35 38 37
f 35 36 38
f 37 40 39
f 37 38 40
f 39 42 41
f 39 40 42
f 41 44 43
f 41 42 44
f 43 46 45
f 43 44 46
f 45 48 47
f 45 46 48
f 47 50 49
f 47 48 50
f 49 52 51
f 49 50 52
f 51 54 53
f 51 52 54
f 53 56 55
f 53 54 56
f 55 58 57
f 55 56 58
f 57 60 59
f 57 58 60
f 59 62 61
f 59 60 62
f 61 64 63
f 61 62 64
f 63 66 65
f 63 64 66
f 65 68 67
f 65 66 68
f 67 70 69
f 67 68 70
f 69 72 71
f 69 70 72
f 71 74 73
f 71 72 74
f 73 76 75
f 73 74 76
f 75 78 77
f 75 76 78
f 77 80 79
f 77 78 80
f 79 82 81
f 79 80 82
f 81 84 83
f 81 82 84
f 83 86 85
f 83 84 86
f 85 88 87
f 85 86 88
f 87 90 89
f 87 88 90
f 89 92 91
f 89 90 92
f 91 94 93
f 91 92 94
f 93 96 95
f 93 94 96
f 4 97 3
f 4 98 97
f 3 99 6
f 3 97 99
f 6 100 8
f 6 99 100
f 8 101 10
f 8 100 101
f 10 102 12
f 10 101 102
f 12 103 14
f 12 102 103
f 14 104 16
f 14 103 104
f 16 105 18
f 16 104 105
f 18 106 20
f 18 105 106
f 20 107 22
f 20 106 107
f 22 108 24
f 22 107 108
f 24 109 26
f 24 108 109
f 26 110 28
f 26 109 110
f 28 111 30
f 28 110 111
f 30 112 32
f 30 111 112
f 32 113 34
f 32 112 113
f 34 114 36
f 34 113 114
f 36 115 38
f 36 114 115
f 38 116 40
f 38 115 116
f 40 117 42
f 40 116 117
f 42 118 44
f 42 117 118
f 44 119 46
f 44 118 119
f 46 120 48
f 46 119 120
f 48 121 50
f 48 120 121
f 50 122 52
f 50 121 122
f 52 123 54
f 52 122 123
f 54 124 56
f 54 123 124
f 56 125 58
f 56 124 125
f 58 126 60
f 58 125 126
f 60 127 62
f 60 126 127
f 62 128 64
f 62 127 128
f 64 129 66
f 64 128 129
f 66 130 68
f 66 129 130
f 68 131 70
f 68 130 131
f 70 132 72
f 70 131 132
f 72 133 74
f 72 132 133
f 74 134 76
f 74 133 134
f 76 135 78
f 76 134 135
f 78 136 80
f 78 135 136
f 80 137 82
f 80 136 137
f 82 138 84
f 82 137 138
f 84 139 86
f 84 138 139
f 86 140 88
f 86 139 140
f 88 141 90
f 88 140 141
f 90 142 92
f 90 141 142
f 92 143 94
f 92 142 143
f 94 144 96
f 94 143 144
f 98 145 97
f 98 146 145
f 97 147 99
f 97 145 147
f 99 148 100
f 99 147 148
f 100 149 101
f 100 148 149
f 101 150 102
f 101 149 150
f 102 151 103
f 102 150 151
f 103 152 104
f 103 151 152
f 104 153 105
f 104 152 153
f 105 154 106
f 105 153 154
f 106 155 107
f 106 154 155
f 107 156 108
f 107 155 156
f 108 157 109
f 108 156 157
f 109 158 110
f 109 157 158
f 110 159 111
f 110 158 159
f 111 160 112
f 111 159 160
f 112 161 113
f 112 160 161
f 113 162 114
f 113 161 162
f 114 163 115
f 114 162 163
f 115 164 116
f 115 163 164
f 116 165 117
f 116 164 165
f 117 166 118
f 117 165 166
f 118 167 119
f 118 166 167
f 119 168 120
f 119 167 168
f 120 169 121
f 120 168 169
f 121 170 122
f 121 169 170
f 122 171 123
f 122 170 171
f 123 172 124
f 123 171 172
f 124 173 125
f 124 172 173
f 125 174 126
f 125 173 174
f 126 175 127
f 126 174 175
f 127 176 128
f 127 175 176
f 128 177 129
f 128 176 177
f 129 178 130
f 129 177 178
f 130 179 131
f 130 178 179
f 131 180 132
f 131 179 180
f 132 181 133
f 132 180 181
f 133 182 134
f 133 181 182
f 134 183 135
f 134 182 183
f 135 184 136
f 135 183 184
f 136 185 137
f 136 184 185
f 137 186 138
f 137 185 186
f 138 187 139
f 138 186 187
f 139 188 140
f 139 187 188
f 140 189 141
f 140 188 189
f 141 190 142
f 141 189 190
f 142 191 143
f 142 190 191
f 143 192 144
f 143 191 192
f 146 193 145
f 146 194 193
f 145 195 147
f 145 193 195
f 147 196 148
f 147 195 196
f 148 197 149
f 148 196 197
f 149 198 150
f 149 197 198
f 150 199 151
f 150 198 199
f 151 200 152
f 151 199 200
f 152 201 153
f 152 200 201
f 153 202 154
f 153 201 202
f 154 203 155
f 154 202 203
f 155 204 156
f 155 203 204
f 156 205 157
f 156 204 205
f 157 206 158
f 157 205 206
f 158 207 159
f 158 206 207
f 159 208 160
f 159 207 208
f 160 209 161
f 160 208 209
f 161 210 162
f 161 209 210
f 162 211 163
f 162 210 211
f 163 212 164
f 163 211 212
f 164 213 165
f 164 212 213
f 165 214 166
f 165 213 214
f 166 215 167
f 166 214 215
f 167 216 168
f 167 215 216
f 168 217 169
f 168 216 217
f 169 218 170
f 169 217 218
f 170 219 171
f 170 218 219
f 171 220 172
f 171 219 220
f 172 221 173
f 172 220 221
f 173 222 174
f 173 221 222
f 174 223 175
f 174 222 223
f 175 224 176
f 175 223 224
f 176 225 177
f 176 224 225
f 177 226 178
f 177 225 226
f 178 227 179
f 178 226 227
f 179 228 180
f 179 227 228
f 180 229 181
f 180 228 229
f 181 230 182
f 181 229 230
f 182 231 183
f 182 230 231
f 183 232 184
f 183 231 232
f 184 233 185
f 184 232 233
f 185 234 186
f 185 233 234
f 186 235 187
f 186 234 235
f 187 236 188
f 187 235 236
f 188 237 189
f 188 236 237
f 189 238 190
f 189 237 238
f 190 239 191
f 190 238 239
f 191 240 192
f 191 239 240
f 194 241 193
f 194 242 241
f 193 243 195
f 193 241 243
f 195 244 196
f 195 243 244
f 196 245 197
f 196 244 245
f 197 246 198
f 197 245 246
f 198 247 199
f 198 246 247
f 199 248 200
f 199 247 248
f 200 249 201
f 200 248 249
f 201 250 202
f 201 249 250
f 202 251 203
f 202 250 251
f 203 252 204
f 203 251 252
f 204 253 205
f 204 252 253
f 205 254 206
f 205 253 254
f 206 255 207
f 206 254 255
f 207 256 208
f 207 255 256
f 208 257 209
f 208 256 257
f 209 258 210
f 209 257 258
f 210 259 211
f 210 258 259
f 211 260 212
f 211 259 260
f 212 261 213
f 212 260 261
f 213 262 214
f 213 261 262
f 214 263 215
f 214 262 263
f 215 264 216
f 215 263 264
f 216 265 217
f 216 264 265
f 217 266 218
f 217 265 266
f 218 267 219
f 218 266 267
f 219 268 220
f 219 267 268
f 220 269 221
f 220 268 269
f 221 270 222
f 221 269 270
f 222 271 223
f 222 270 271
f 223 272 224
f 223 271 272
f 224 273 225
f 224 272 273
f 225 274 226
f 225 273 274
f 226 275 227
f 226 274 275
f 227 276 228
f 227 275 276
f 228 277 229
f 228 276 277
f 229 278 230
f 229 277 278
f 230 279 231
f 230 278 279
f 231 280 232
f 231 279 280
f 232 281 233
f 232 280 281
f 233 282 234
f 233 281 282
f 234 283 235
f 234 282 283
f 235 284 236
f 235 283 284
f 236 285 237
f 236 284 285
f 237 286 238
f 237 285 286
f 238 287 239
f 238 286 287
f 239 288 240
f 239 287 288
f 242 289 241
f 242 290 289
f 241 291 243
f 241 289 291
f 243 292 244
f 243 291 292
f 244 293 245
f 244 292 293
f 245 294 246
f 245 293 294
f 246 295 247
f 246 294 295
f 247 296 248
f 247 295 296
f 248 297 249
f 248 296 297
f 249 298 250
f 249 297 298
f 250 299 251
f 250 298 299
f 251 300 252
f 251 299 300
f 252 301 253
f 252 300 301
f 253 302 254
f 253 301 302
f 254 303 255
f 254 302 303
f 255 304 256
f 255 303 304
f 256 305 257
f 256 304 305
f 257 306 258
f 257 305 306
f 258 307 259
f 258 306 307
f 259 308 260
f 259 307 308
f 260 309 261
f 260 308 309
f 261 310 262
f 261 309 310
f 262 311 263
f 262 310 311
f 263 312 264
f 263 311 312
f 264 313 265
f 264 312 313
f 265 314 266
f 265 313 314
f 266 315 267
f 266 314 315
f 267 316 268
f 267 315 316
f 268 317 269
f 268 316 317
f 269 318 270
f 269 317 318
f 270 319 271
f 270 318 319
f 271 320 272
f 271 319 320
f 272 321 273
f 272 320 321
f 273 322 274
f 273 321 322
f 274 323 275
f 274 322 323
f 275 324 276
f 275 323 324
f 276 325 277
f 276 324 325
f 277 326 278
f 277 325 326
f 278 327 279
f 278 326 327
f 279 328 280
f 279 327 328
f 280 329 281
f 280 328 329
f 281 330 282
f 281 329 330
f 282 331 283
f 282 330 331
f 283 332 284
f 283 331 332
f 284 333 285
f 284 332 333
f 285 334 286
f 285 333 334
f 286 335 287
f 286 334 335
f 287 336 288
f 287 335 336
f 290 337 289
f 290 338 337
f 289 339 291
f 289 337 339
f 291 340 292
f 291 339 340
f 292 341 293
f 292 340 341
f 293 342 294
f 293 341 342
f 294 343 295
f 294 342 343
f 295 344 296
f 295 343 344
f 296 345 297
f 296 344 345
f 297 346 298
f 297 345 346
f 298 347 299
f 298 346 347
f 299 348 300
f 299 347 348
f 300 349 301
f 300 348 349
f 301 350 302
f 301 349 350
f 302 351 303
f 302 350 351
f 303 352 304
f 303 351 352
f 304 353 305
f 304 352 353
f 305 354 306
f 305 353 354
f 306 355 307
f 306 354 355
f 307 356 308
f 307 355 356
f 308 357 309
f 308 356 357
f 309 358 310
f 309 357 358
f 310 359 311
f 310 358 359
f 311 360 312
f 311 359 360
f 312 361 313
f 312 360 361
f 313 362 314
f 313 361 362
f 314 363 315
f 314 362 363
f 315 364 316
f 315 363 364
f 316 365 317
f 316 364 365
f 317 366 318
f 317 365 366
f 318 367 319
f 318 366 367
f 319 368 320
f 319 367 368
f 320 369 321
f 320 368 369
f 321 370 322
f 321 369 370
f 322 371 323
f 322 370 371
f 323 372 324
f 323 371 372
f 324 373 325
f 324 372 373
f 325 374 326
f 325 373 374
f 326 375 327
f 326 374 375
f 327 376 328
f 327 375 376
f 328 377 329
f 328 376 377
f 329 378 330
f 329 377 378
f 330 379 331
f 330 378 379
f 331 380 332
f 331 379 380
f 332 381 333
f 332 380 381
f 333 382 334
f 333 381 382
f 334 383 335
f 334 382 383
f 335 384 336
f 335 383 384
f 338 385 337
f 338 386 385
f 337 387 339
f 337 385 387
f 339 388 340
f 339 387 388
f 340 389 341
f 340 388 389
f 341 390 342
f 341 389 390
f 342 391 343
f 342 390 391
f 343 392 344
f 343 391 392
f 344 393 345
f 344 392 393
f 345 394 346
f 345 393 394
f 346 395 347
f 346 394 395
f 347 396 348
f 347 395 396
f 348 397 349
f 348 396 397
f 349 398 350
f 349 397 398
f 350 399 351
f 350 398 399
f 351 400 352
f 351 399 400
f 352 401 353
f 352 400 401
f 353 402 354
f 353 401 402
f 354 403 355
f 354 402 403
f 355 404 356
f 355 403 404
f 356 405 357
f 356 404 405
f 357 406 358
f 357 405 406
f 358 407 359
f 358 406 407
f 359 408 360
f 359 407 408
f 360 409 361
f 360 408 409
f 361 410 362
f 361 409 410
f 362 411 363
f 362 410 411
f 363 412 364
f 363 411 412
f 364 413 365
f 364 412 413
f 365 414 366
f 365 413 414
f 366 415 367
f 366 414 415
f 367 416 368
f 367 415 416
f 368 417 369
f 368 416 417
f 369 418 370
f 369 417 418
f 370 419 371
f 370 418 419
f 371 420 372
f 371 419 420
f 372 421 373
f 372 420 421
f 373 422 374
f 373 421 422
f 374 423 375
f 374 422 423
f 375 424 376
f 375 423 424
f 376 425 377
f 376 424 425
f 377 426 378
f 377 425 426
f 378 427 379
f 378 426 427
f 379 428 380
f 379 427 428
f 380 429 381
f 380 428 429
f 381 430 382
f 381 429 430
f 382 431 383
f 382 430 431
f 383 432 384
f 383 431 432
f 386 433 385
f 386 434 433
f 385 435 387
f 385 433 435
f 387 436 388
f 387 435 436
f 388 437 389
f 388 436 437
f 389 438 390
f 389 437 438
f 390 439 391
f 390 438 439
f 391 440 392
f 391 439 440
f 392 441 393
f 392 440 441
f 393 442 394
f 393 441 442
f 394 443 395
f 394 442 443
f 395 444 396
f 395 443 444
f 396 445 397
f 396 444 445
f 397 446 398
f 397 445 446
f 398 447 399
f 398 446 447
f 399 448 400
f 399 447 448
f 400 449 401
f 400 448 449
f 401 450 402
f 401 449 450
f 402 451 403
f 402 450 451
f 403 452 404
f 403 451 452
f 404 453 405
f 404 452 453
f 405 454 406
f 405 453 454
f 406 455 407
f 406 454 455
f 407 456 408
f 407 455 456
f 408 457 409
f 408 456 457
f 409 458 410
f 409 457 458
f 410 459 411
f 410 458 459
f 411 460 412
f 411 459 460
f 412 461 413
f 412 460 461
f 413 462 414
f 413 461 462
f 414 463 415
f 414 462 463
f 415 464 416
f 415 463 464
f 416 465 417
f 416 464 465
f 417 466 418
f 417 465 466
f 418 467 419
f 418 466 467
f 419 468 420
f 419 467 468
f 420 469 421
f 420 468 469
f 421 470 422
f 421 469 470
f 422 471 423
f 422 470 471
f 423 472 424
f 423 471 472
f 424 473 425
f 424 472 473
f 425 474 426
f 425 473 474
f 426 475 427
f 426 474 475
f 427 476 428
f 427 475 476
f 428 477 429
f 428 476 477
f 429 478 430
f 429 477 478
f 430 479 431
f 430 478 479
f 431 480 432
f 431 479 480
f 434 481 433
f 434 482 481
f 433 483 435
f 433 481 483
f 435 484 436
f 435 483 484
f 436 485 437
f 436 484 485
f 437 486 438
f 437 485 486
f 438 487 439
f 438 486 487
f 439 488 440
f 439 487 488
f 440 489 441
f 440 488 489
f 441 490 442
f 441 489 490
f 442 491 443
f 442 490 491
f 443 492 444
f 443 491 492
f 444 493 445
f 444 492 493
f 445 494 446
f 445 493 494
f 446 495 447
f 446 494 495
f 447 496 448
f 447 495 496
f 448 497 449
f 448 496 497
f 449 498 450
f 449 497 498
f 450 499 451
f 450 498 499
f 451 500 452
f 451 499 500
f 452 501 453
f 452 500 501
f 453 502 454
f 453 501 502
f 454 503 455
f 454 502 503
f 455 504 456
f 455 503 504
f 456 505 457
f 456 504 505
f 457 506 458
f 457 505 506
f 458 507 459
f 458 506 507
f 459 508 460
f 459 507 508
f 460 509 461
f 460 508 509
f 461 510 462
f 461 509 510
f 462 511 463
f 462 510 511
f 463 512 464
f 463 511 512
f 464 513 465
f 464 512 513
f 465 514 466
f 465 513 514
f 466 515 467
f 466 514 515
f 467 516 468
f 467 515 516
f 468 517 469
f 468 516 517
f 469 518 470
f 469 517 518
f 470 519 471
f 470 518 519
f 471 520 472
f 471 519 520
f 472 521 473
f 472 520 521
f 473 522 474
f 473 521 522
f 474 523 475
f 474 522 523
f 475 524 476
f 475 523 524
f 476 525 477
f 476 524 525
f 477 526 478
f 477 525 526
f 478 527 479
f 478 526 527
f 479 528 480
f 479 527 528
f 482 529 481
f 482 530 529
f 481 531 483
f 481 529 531
f 483 532 484
f 483 531 532
f 484 533 485
f 484 532 533
f 485 534 486
f 485 533 534
f 486 535 487
f 486 534 535
f 487 536 488
f 487 535 536
f 488 537 489
f 488 536 537
f 489 538 490
f 489 537 538
f 490 539 491
f 490 538 539
f 491 540 492
f 491 539 540
f 492 541 493
f 492 540 541
f 493 542 494
f 493 541 542
f 494 543 495
f 494 542 543
f 495 544 496
f 495 543 544
f 496 545 497
f 496 544 545
f 497 546 498
f 497 545 546
f 498 547 499
f 498 546 547
f 499 548 500
f 499 547 548
f 500 549 501
f 500 548 549
f 501 550 502
f 501 549 550
f 502 551 503
f 502 550 551
f 503 552 504
f 503 551 552
f 504 553 505
f 504 552 553
f 505 554 506
f 505 553 554
f 506 555 507
f 506 554 555
f 507 556 508
f 507 555 556
f 508 557 509
f 508 556 557
f 509 558 510
f 509 557 558
f 510 559 511
f 510 558 559
f 511 560 512
f 511 559 560
f 512 561 513
f 512 560 561
f 513 562 514
f 513 561 562
f 514 563 515
f 514 562 563
f 515 564 516
f 515 563 564
f 516 565 517
f 516 564 565
f 517 566 518
f 517 565 566
f 518 567 519
f 518 566 567
f 519 568 520
f 519 567 568
f 520 569 521
f 520 568 569
f 521 570 522
f 521 569 570
f 522 571 523
f 522 570 571
f 523 572 524
f 523 571 572
f 524 573 525
f 524 572 573
f 525 574 526
f 525 573 574
f 526 575 527
f 526 574 575
f 527 576 528
f 527 575 576
f 530 577 529
f 530 578 577
f 529 579 531
f 529 577 579
f 531 580 532
f 531 579 580
f 532 581 533
f 532 580 581
f 533 582 534
f 533 581 582
f 534 583 535
f 534 582 583
f 535 584 536
f 535 583 584
f 536 585 537
f 536 584 585
f 537 586 538
f 537 585 586
f 538 587 539
f 538 586 587
f 539 588 540
f 539 587 588
f 540 589 541
f 540 588 589
f 541 590 542
f 541 589 590
f 542 591 543
f 542 590 591
f 543 592 544
f 543 591 592
f 544 593 545
f 544 592 593
f 545 594 546
f 545 593 594
f 546 595 547
f 546 594 595
f 547 596 548
f 547 595 596
f 548 597 549
f 548 596 597
f 549 598 550
f 549 597 598
f 550 599 551
f 550 598 599
f 551 600 552
f 551 599 600
f 552 601 553
f 552 600 601
f 553 602 554
f 553 601 602
f 554 603 555
f 554 602 603
f 555 604 556
f 555 603 604
f 556 605 557
f 556 604 605
f 557 606 558
f 557 605 606
f 558 607 559
f 558 606 607
f 559 608 560
f 559 607 608
f 560 609 561
f 560 608 609
f 561 610 562
f 561 609 610
f 562 611 563
f 562 610 611
f 563 612 564
f 563 611 612
f 564 613 565
f 564 612 613
f 565 614 566
f 565 613 614
f 566 615 567
f 566 614 615
f 567 616 568
f 567 615 616
f 568 617 569
f 568 616 617
f 569 618 570
f 569 617 618
f 570 619 571
f 570 618 619
f 571 620 572
f 571 619 620
f 572 621 573
f 572 620 621
f 573 622 574
f 573 621 622
f 574 623 575
f 574 622 623
f 575 624 576
f 575 623 624
f 578 625 577
f 578 626 625
f 577 627 579
f 577 625 627
f 579 628 580
f 579 627 628
f 580 629 581
f 580 628 629
f 581 630 582
f 581 629 630
f 582 631 583
f 582 630 631
f 583 632 584
f 583 631 632
f 584 633 585
f 584 632 633
f 585 634 586
f 585 633 634
f 586 635 587
f 586 634 635
f 587 636 588
f 587 635 636
f 588 637 589
f 588 636 637
f 589 638 590
f 589 637 638
f 590 639 591
f 590 638 639
f 591 640 592
f 591 639 640
f 592 641 593
f 592 640 641
f 593 642 594
f 593 641 642
f 594 643 595
f 594 642 643
f 595 644 596
f 595 643 644
f 596 645 597
f 596 644 645
f 597 646 598
f 597 645 646
f 598 647 599
f 598 646 647
f 599 648 600
f 599 647 648
f 600 649 601
f 600 648 649
f 601 650 602
f 601 649 650
f 602 651 603
f 602 650 651
f 603 652 604
f 603 651 652
f 604 653 605
f 604 652 653
f 605 654 606
f 605 653 654
f 606 655 607
f 606 654 655
f 607 656 608
f 607 655 656
f 608 657 609
f 608 656 657
f 609 658 610
f 609 657 658
f 610 659 611
f 610 658 659
f 611 660 612
f 611 659 660
f 612 661 613
f 612 660 661
f 613 662 614
f 613 661 662
f 614 663 615
f 614 662 663
f 615 664 616
f 615 663 664
f 616 665 617
f 616 664 665
f 617 666 618
f 617 665 666
f 618 667 619
f 618 666 667
f 619 668 620
f 619 667 668
f 620 669 621
f 620 668 669
f 621 670 622
f 621 669 670
f 622 671 623
f 622 670 671
f 623 672 624
f 623 671 672
f 626 673 625
f 626 674 673
f 625 675 627
f 625 673 675
f 627 676 628
f 627 675 676
f 628 677 629
f 628 676 677
f 629 678 630
f 629 677 678
f 630 679 631
f 630 678 679
f 631 680 632
f 631 679 680
f 632 681 633
f 632 680 681
f 633 682 634
f 633 681 682
f 634 683 635
f 634 682 683
f 635 684 636
f 635 683 684
f 636 685 637
f 636 684 685
f 637 686 638
f 637 685 686
f 638 687 639
f 638 686 687
f 639 688 640
f 639 687 688
f 640 689 641
f 640 688 689
f 641 690 642
f 641 689 690
f 642 691 643
f 642 690 691
f 643 692 644
f 643 691 692
f 644 693 645
f 644 692 693
f 645 694 646
f 645 693 694
f 646 695 647
f 646 694 695
f 647 696 648
f 647 695 696
f 648 697 649
f 648 696 697
f 649 698 650
f 649 697 698
f 650 699 651
f 650 698 699
f 651 700 652
f 651 699 700
f 652 701 653
f 652 700 701
f 653 702 654
f 653 701 702
f 654 703 655
f 654 702 703
f 655 704 656
f 655 703 704
f 656 705 657
f 656 704 705
f 657 706 658
f 657 705 706
f 658 707 659
f 658 706 707
f 659 708 660
f 659 707 708
f 660 709 661
f 660 708 709
f 661 710 662
f 661 709 710
f 662 711 663
f 662 710 711
f 663 712 664
f 663 711 712
f 664 713 665
f 664 712 713
f 665 714 666
f 665 713 714
f 666 715 667
f 666 714 715
f 667 716 668
f 667 715 716
f 668 717 669
f 668 716 717
f 669 718 670
f 669 717 718
f 670 719 671
f 670 718 719
f 671 720 672
f 671 719 720
f 674 721 673
f 674 722 721
f 673 723 675
f 673 721 723
f 675 724 676
f 675 723 724
f 676 725 677
f 676 724 725
f 677 726 678
f 677 725 726
f 678 727 679
f 678 726 727
f 679 728 680
f 679 727 728
f 680 729 681
f 680 728 729
f 681 730 682
f 681 729 730
f 682 731 683
f 682 730 731
f 683 732 684
f 683 731 732
f 684 733 685
f 684 732 733
f 685 734 686
f 685 733 734
f 686 735 687
f 686 734 735
f 687 736 688
f 687 735 736
f 688 737 689
f 688 736 737
f 689 738 690
f 689 737 738
f 690 739 691
f 690 738 739
f 691 740 692
f 691 739 740
f 692 741 693
f 692 740 741
f 693 742 694
f 693 741 742
f 694 743 695
f 694 742 743
f 695 744 696
f 695 743 744
f 696 745 697
f 696 744 745
f 697 746 698
f 697 745 746
f 698 747 699
f 698 746 747
f 699 748 700
f 699 747 748
f 700 749 701
f 700 748 749
f 701 750 702
f 701 749 750
f 702 751 703
f 702 750 751
f 703 752 704
f 703 751 752
f 704 753 705
f 704 752 753
f 705 754 706
f 705 753 754
f 706 755 707
f 706 754 755
f 707 756 708
f 707 755 756
f 708 757 709
f 708 756 757
f 709 758 710
f 709 757 758
f 710 759 711
f 710 758 759
f 711 760 712
f 711 759 760
f 712 761 713
f 712 760 761
f 713 762 714
f 713 761 762
f 714 763 715
f 714 762 763
f 715 764 716
f 715 763 764
f 716 765 717
f 716 764 765
f 717 766 718
f 717 765 766
f 718 767 719
f 718 766 767
f 719 768 720
f 719 767 768
f 722 769 721
f 722 770 769
f 721 771 723
f 721 769 771
f 723 772 724
f 723 771 772
f 724 773 725
f 724 772 773
f 725 774 726
f 725 773 774
f 726 775 727
f 726 774 775
f 727 776 728
f 727 775 776
f 728 777 729
f 728 776 777
f 729 778 730
f 729 777 778
f 730 779 731
f 730 778 779
f 731 780 732
f 731 779 780
f 732 781 733
f 732 780 781
f 733 782 734
f 733 781 782
f 734 783 735
f 734 782 783
f 735 784 736
f 735 783 784
f 736 785 737
f 736 784 785
f 737 786 738
f 737 785 786
f 738 787 739
f 738 786 787
f 739 788 740
f 739 787 788
f 740 789 741
f 740 788 789
f 741 790 742
f 741 789 790
f 742 791 743
f 742 790 791
f 743 792 744
f 743 791 792
f 744 793 745
f 744 792 793
f 745 794 746
f 745 793 794
f 746 795 747
f 746 794 795
f 747 796 748
f 747 795 796
f 748 797 749
f 748 796 797
f 749 798 750
f 749 797 798
f 750 799 751
f 750 798 799
f 751 800 752
f 751 799 800
f 752 801 753
f 752 800 801
f 753 802 754
f 753 801 802
f 754 803 755
f 754 802 803
f 755 804 756
f 755 803 804
f 756 805 757
f 756 804 805
f 757 806 758
f 757 805 806
f 758 807 759
f 758 806 807
f 759 808 760
f 759 807 808
f 760 809 761
f 760 808 809
f 761 810 762
f 761 809 810
f 762 811 763
f 762 810 811
f 763 812 764
f 763 811 812
f 764 813 765
f 764 812 813
f 765 814 766
f 765 813 814
f 766 815 767
f 766 814 815
f 767 816 768
f 767 815 816
f 770 817 769
f 770 818 817
f 769 819 771
f 769 817 819
f 771 820 772
f 771 819 820
f 772 821 773
f 772 820 821
f 773 822 774
f 773 821 822
f 774 823 775
f 774 822 823
f 775 824 776
f 775 823 824
f 776 825 777
f 776 824 825
f 777 826 778
f 777 825 826
f 778 827 779
f 778 826 827
f 779 828 780
f 779 827 828
f 780 829 781
f 780 828 829
f 781 830 782
f 781 829 830
f 782 831 783
f 782 830 831
f 783 832 784
f 783 831 832
f 784 833 785
f 784 832 833
f 785 834 786
f 785 833 834
f 786 835 787
f 786 834 835
f 787 836 788
f 787 835 836
f 788 837 789
f 788 836 837
f 789 838 790
f 789 837 838
f 790 839 791
f 790 838 839
f 791 840 792
f 791 839 840
f 792 841 793
f 792 840 841
f 793 842 794
f 793 841 842
f 794 843 795
f 794 842 843
f 795 844 796
f 795 843 844
f 796 845 797
f 796 844 845
f 797 846 798
f 797 845 846
f 798 847 799
f 798 846 847
f 799 848 800
f 799 847 848
f 800 849 801
f 800 848 849
f 801 850 802
f 801 849 850
f 802 851 803
f 802 850 851
f 803 852 804
f 803 851 852
f 804 853 805
f 804 852 853
f 805 854 806
f 805 853 854
f 806 855 807
f 806 854 855
f 807 856 808
f 807 855 856
f 808 857 809
f 808 856 857
f 809 858 810
f 809 857 858
f 810 859 811
f 810 858 859
f 811 860 812
f 811 859 860
f 812 861 813
f 812 860 861
f 813 862 814
f 813 861 862
f 814 863 815
f 814 862 863
f 815 864 816
f 815 863 864
f 818 865 817
f 818 866 865
f 817 867 819
f 817 865 867
f 819 868 820
f 819 867 868
f 820 869 821
f 820 868 869
f 821 870 822
f 821 869 870
f 822 871 823
f 822 870 871
f 823 872 824
f 823 871 872
f 824 873 825
f 824 872 873
f 825 874 826
f 825 873 874
f 826 875 827
f 826 874 875
f 827 876 828
f 827 875 876
f 828 877 829
f 828 876 877
f 829 878 830
f 829 877 878
f 830 879 831
f 830 878 879
f 831 880 832
f 831 879 880
f 832 881 833
f 832 880 881
f 833 882 834
f 833 881 882
f 834 883 835
f 834 882 883
f 835 884 836
f 835 883 884
f 836 885 837
f 836 884 885
f 837 886 838
f 837 885 886
f 838 887 839
f 838 886 887
f 839 888 840
f 839 887 888
f 840 889 841
f 840 888 889
f 841 890 842
f 841 889 890
f 842 891 843
f 842 890 891
f 843 892 844
f 843 891 892
f 844 893 845
f 844 892 893
f 845 894 846
f 845 893 894
f 846 895 847
f 846 894 895
f 847 896 848
f 847 895 896
f 848 897 849
f 848 896 897
f 849 898 850
f 849 897 898
f 850 899 851
f 850 898 899
f 851 900 852
f 851 899 900
f 852 901 853
f 852 900 901
f 853 902 854
f 853 901 902
f 854 903 855
f 854 902 903
f 855 904 856
f 855 903 904
f 856 905 857
f 856 904 905
f 857 906 858
f 857 905 906
f 858 907 859
f 858 906 907
f 859 908 860
f 859 907 908
f 860 909 861
f 860 908 909
f 861 910 862
f 861 909 910
f 862 911 863
f 862 910 911
f 863 912 864
f 863 911 912
f 866 913 865
f 866 914 913
f 865 915 867
f 865 913 915
f 867 916 868
f 867 915 916
f 868 917 869
f 868 916 917
f 869 918 870
f 869 917 918
f 870 919 871
f 870 918 919
f 871 920 872
f 871 919 920
f 872 921 873
f 872 920 921
f 873 922 874
f 873 921 922
f 874 923 875
f 874 922 923
f 875 924 876
f 875 923 924
f 876 925 877
f 876 924 925
f 877 926 878
f 877 925 926
f 878 927 879
f 878 926 927
f 879 928 880
f 879 927 928
f 880 929 881
f 880 928 929
f 881 930 882
f 881 929 930
f 882 931 883
f 882 930 931
f 883 932 884
f 883 931 932
f 884 933 885
f 884 932 933
f 885 934 886
f 885 933 934
f 886 935 887
f 886 934 935
f 887 936 888
f 887 935 936
f 888 937 889
f 888 936 937
f 889 938 890
f 889 937 938
f 890 939 891
f 890 938 939
f 891 940 892
f 891 939 940
f 892 941 893
f 892 940 941
f 893 942 894
f 893 941 942
f 894 943 895
f 894 942 943
f 895 944 896
f 895 943 944
f 896 945 897
f 896 944 945
f 897 946 898
f 897 945 946
f 898 947 899
f 898 946 947
f 899 948 900
f 899 947 948
f 900 949 901
f 900 948 949
f 901 950 902
f 901 949 950
f 902 951 903
f 902 950 951
f 903 952 904
f 903 951 952
f 904 953 905
f 904 952 953
f 905 954 906
f 905 953 954
f 906 955 907
f 906 954 955
f 907 956 908
f 907 955 956
f 908 957 909
f 908 956 957
f 909 958 910
f 909 957 958
f 910 959 911
f 910 958 959
f 911 960 912
f 911 959 960
f 914 961 913
f 914 962 961
f 913 963 915
f 913 961 963
f 915 964 916
f 915 963 964
f 916 965 917
f 916 964 965
f 917 966 918
f 917 965 966
f 918 967 919
f 918 966 967
f 919 968 920
f 919 967 968
f 920 969 921
f 920 968 969
f 921 970 922
f 921 969 970
f 922 971 923
f 922 970 971
f 923 972 924
f 923 971 972
f 924 973 925
f 924 972 973
f 925 974 926
f 925 973 974
f 926 975 927
f 926 974 975
f 927 976 928
f 927 975 976
f 928 977 929
f 928 976 977
f 929 978 930
f 929 977 978
f 930 979 931
f 930 978 979
f 931 980 932
f 931 979 980
f 932 981 933
f 932 980 981
f 933 982 934
f 933 981 982
f 934 983 935
f 934 982 983
f 935 984 936
f 935 983 984
f 936 985 937
f 936 984 985
f 937 986 938
f 937 985 986
f 938 987 939
f 938 986 987
f 939 988 940
f 939 987 988
f 940 989 941
f 940 988 989
f 941 990 942
f 941 989 990
f 942 991 943
f 942 990 991
f 943 992 944
f 943 991 992
f 944 993 945
f 944 992 993
f 945 994 946
f 945 993 994
f 946 995 947
f 946 994 995
f 947 996 948
f 947 995 996
f 948 997 949
f 948 996 997
f 949 998 950
f 949 997 998
f 950 999 951
f 950 998 999
f 951 1000 952
f 951 999 1000
f 952 1001 953
f 952 1000 1001
f 953 1002 954
f 953 1001 1002
f 954 1003 955
f 954 1002 1003
f 955 1004 956
f 955 1003 1004
f 956 1005 957
f 956 1004 1005
f 957 1006 958
f 957 1005 1006
f 958 1007 959
f 958 1006 1007
f 959 1008 960
f 959 1007 1008
f 962 1009 961
f 962 1010 1009
f 961 1011 963
f 961 1009 1011
f 963 1012 964
f 963 1011 1012
f 964 1013 965
f 964 1012 1013
f 965 1014 966
f 965 1013 1014
f 966 1015 967
f 966 1014 1015
f 967 1016 968
f 967 1015 1016
f 968 1017 969
f 968 1016 1017
f 969 1018 970
f 969 1017 1018
f 970 1019 971
f 970 1018 1019
f 971 1020 972
f 971 1019 1020
f 972 1021 973
f 972 1020 1021
f 973 1022 974
f 973 1021 1022
f 974 1023 975
f 974 1022 1023
f 975 1024 976
f 975 1023 1024
f 976 1025 977
f 976 1024 1025
f 977 1026 978
f 977 1025 1026
f 978 1027 979
f 978 1026 1027
f 979 1028 980
f 979 1027 1028
f 980 1029 981
f 980 1028 1029
f 981 1030 982
f 981 1029 1030
f 982 1031 983
f 982 1030 1031
f 983 1032 984
f 983 1031 1032
f 984 1033 985
f 984 1032 1033
f 985 1034 986
f 985 1033 1034
f 986 1035 987
f 986 1034 1035
f 987 1036 988
f 987 1035 1036
f 988 1037 989
f 988 1036 1037
f 989 1038 990
f 989 1037 1038
f 990 1039 991
f 990 1038 1039
f 991 1040 992
f 991 1039 1040
f 992 1041 993
f 992 1040 1041
f 993 1042 994
f 993 1041 1042
f 994 1043 995
f 994 1042 1043
f 995 1044 996
f 995 1043 1044
f 996 1045 997
f 996 1044 1045
f 997 1046 998
f 997 1045 1046
f 998 1047 999
f 998 1046 1047
f 999 1048 1000
f 999 1047 1048
f 1000 1049 1001
f 1000 1048 1049
f 1001 1050 1002
f 1001 1049 1050
f 1002 1051 1003
f 1002 1050 1051
f 1003 1052 1004
f 1003 1051 1052
f 1004 1053 1005
f 1004 1052 1053
f 1005 1054 1006
f 1005 1053 1054
f 1006 1055 1007
f 1006 1054 1055
f 1007 1056 1008
f 1007 1055 1056
f 1010 1057 1009
f 1010 1058 1057
f 1009 1059 1011
f 1009 1057 1059
f 1011 1060 1012
f 1011 1059 1060
f 1012 1061 1013
f 1012 1060 1061
f 1013 1062 1014
f 1013 1061 1062
f 1014 1063 1015
f 1014 1062 1063
f 1015 1064 1016
f 1015 1063 1064
f 1016 1065 1017
f 1016 1064 1065
f 1017 1066 1018
f 1017 1065 1066
f 1018 1067 1019
f 1018 1066 1067
f 1019 1068 1020
f 1019 1067 1068
f 1020 1069 1021
f 1020 1068 1069
f 1021 1070 1022
f 1021 1069 1070
f 1022 1071 1023
f 1022 1070 1071
f 1023 1072 1024
f 1023 1071 1072
f 1024 1073 1025
f 1024 1072 1073
f 1025 1074 1026
f 1025 1073 1074
f 1026 1075 1027
f 1026 1074 1075
f 1027 1076 1028
f 1027 1075 1076
f 1028 1077 1029
f 1028 1076 1077
f 1029 1078 1030
f 1029 1077 1078
f 1030 1079 1031
f 1030 1078 1079
f 1031 1080 1032
f 1031 1079 1080
f 1032 1081 1033
f 1032 1080 1081
f 1033 1082 1034
f 1033 1081 1082
f 1034 1083 1035
f 1034 1082 1083
f 1035 1084 1036
f 1035 1083 1084
f 1036 1085 1037
f 1036 1084 1085
f 1037 1086 1038
f 1037 1085 1086
f 1038 1087 1039
f 1038 1086 1087
f 1039 1088 1040
f 1039 1087 1088
f 1040 1089 1041
f 1040 1088 1089
f 1041 1090 1042
f 1041 1089 1090
f 1042 1091 1043
f 1042 1090 1091
f 1043 1092 1044
f 1043 1091 1092
f 1044 1093 1045
f 1044 1092 1093
f 1045 1094 1046
f 1045 1093 1094
f 1046 1095 1047
f 1046 1094 1095
f 1047 1096 1048
f 1047 1095 1096
f 1048 1097 1049
f 1048 1096 1097
f 1049 1098 1050
f 1049 1097 1098
f 1050 1099 1051
f 1050 1098 1099
f 1051 1100 1052
f 1051 1099 1100
f 1052 1101 1053
f 1052 1100 1101
f 1053 1102 1054
f 1053 1101 1102
f 1054 1103 1055
f 1054 1102 1103
f 1055 1104 1056
f 1055 1103 1104
f 1058 1105 1057
f 1058 1106 1105
f 1057 1107 1059
f 1057 1105 1107
f 1059 1108 1060
f 1059 1107 1108
f 1060 1109 1061
f 1060 1108 1109
f 1061 1110 1062
f 1061 1109 1110
f 1062 1111 1063
f 1062 1110 1111
f 1063 1112 1064
f 1063 1111 1112
f 1064 1113 1065
f 1064 1112 1113
f 1065 1114 1066
f 1065 1113 1114
f 1066 1115 1067
f 1066 1114 1115
f 1067 1116 1068
f 1067 1115 1116
f 1068 1117 1069
f 1068 1116 1117
f 1069 1118 1070
f 1069 1117 1118
f 1070 1119 1071
f 1070 1118 1119
f 1071 1120 1072
f 1071 1119 1120
f 1072 1121 1073
f 1072 1120 1121
f 1073 1122 1074
f 1073 1121 1122
f 1074 1123 1075
f 1074 1122 1123
f 1075 1124 1076
f 1075 1123 1124
f 1076 1125 1077
f 1076 1124 1125
f 1077 1126 1078
f 1077 1125 1126
f 1078 1127 1079
f 1078 1126 1127
f 1079 1128 1080
f 1079 1127 1128
f 1080 1129 1081
f 1080 1128 1129
f 1081 1130 1082
f 1081 1129 1130
f 1082 1131 1083
f 1082 1130 1131
f 1083 1132 1084
f 1083 1131 1132
f 1084 1133 1085
f 1084 1132 1133
f 1085 1134 1086
f 1085 1133 1134
f 1086 1135 1087
f 1086 1134 1135
f 1087 1136 1088
f 1087 1135 1136
f 1088 1137 1089
f 1088 1136 1137
f 1089 1138 1090
f 1089 1137 1138
f 1090 1139 1091
f 1090 1138 1139
f 1091 1140 1092
f 1091 1139 1140
f 1092 1141 1093
f 1092 1140 1141
f 1093 1142 1094
f 1093 1141 1142
f 1094 1143 1095
f 1094 1142 1143
f 1095 1144 1096
f 1095 1143 1144
f 1096 1145 1097
f 1096 1144 1145
f 1097 1146 1098
f 1097 1145 1146
f 1098 1147 1099
f 1098 1146 1147
f 1099 1148 1100
f 1099 1147 1148
f 1100 1149 1101
f 1100 1148 1149
f 1101 1150 1102
f 1101 1149 1150
f 1102 1151 1103
f 1102 1150 1151
f 1103 1152 1104
f 1103 1151 1152
f 1106 1153 1105
f 1106 1154 1153
f 1105 1155 1107
f 1105 1153 1155
f 1107 1156 1108
f 1107 1155 1156
f 1108 1157 1109
f 1108 1156 1157
f 1109 1158 1110
f 1109 1157 1158
f 1110 1159 1111
f 1110 1158 1159
f 1111 1160 1112
f 1111 1159 1160
f 1112 1161 1113
f 1112 1160 1161
f 1113 1162 1114
f 1113 1161 1162
f 1114 1163 1115
f 1114 1162 1163
f 1115 1164 1116
f 1115 1163 1164
f 1116 1165 1117
f 1116 1164 1165
f 1117 1166 1118
f 1117 1165 1166
f 1118 1167 1119
f 1118 1166 1167
f 1119 1168 1120
f 1119 1167 1168
f 1120 1169 1121
f 1120 1168 1169
f 1121 1170 1122
f 1121 1169 1170
f 1122 1171 1123
f 1122 1170 1171
f 1123 1172 1124
f 1123 1171 1172
f 1124 1173 1125
f 1124 1172 1173
f 1125 1174 1126
f 1125 1173 1174
f 1126 1175 1127
f 1126 1174 1175
f 1127 1176 1128
f 1127 1175 1176
f 1128 1177 1129
f 1128 1176 1177
f 1129 1178 1130
f 1129 1177 1178
f 1130 1179 1131
f 1130 1178 1179
f 1131 1180 1132
f 1131 1179 1180
f 1132 1181 1133
f 1132 1180 1181
f 1133 1182 1134
f 1133 1181 1182
f 1134 1183 1135
f 1134 1182 1183
f 1135 1184 1136
f 1135 1183 1184
f 1136 1185 1137
f 1136 1184 1185
f 1137 1186 1138
f 1137 1185 1186
f 1138 1187 1139
f 1138 1186 1187
f 1139 1188 1140
f 1139 1187 1188
f 1140 1189 1141
f 1140 1188 1189
f 1141 1190 1142
f 1141 1189 1190
f 1142 1191 1143
f 1142 1190 1191
f 1143 1192 1144
f 1143 1191 1192
f 1144 1193 1145
f 1144 1192 1193
f 1145 1194 1146
f 1145 1193 1194
f 1146 1195 1147
f 1146 1194 1195
f 1147 1196 1148
f 1147 1195 1196
f 1148 1197 1149
f 1148 1196 1197
f 1149 1198 1150
f 1149 1197 1198
f 1150 1199 1151
f 1150 1198 1199
f 1151 1200 1152
f 1151 1199 1200
f 1154 1201 1153
f 1154 1202 1201
f 1153 1203 1155
f 1153 1201 1203
f 1155 1204 1156
f 1155 1203 1204
f 1156 1205 1157
f 1156 1204 1205
f 1157 1206 1158
f 1157 1205 1206
f 1158 1207 1159
f 1158 1206 1207
f 1159 1208 1160
f 1159 1207 1208
f 1160 1209 1161
f 1160 1208 1209
f 1161 1210 1162
f 1161 1209 1210
f 1162 1211 1163
f 1162 1210 1211
f 1163 1212 1164
f 1163 1211 1212
f 1164 1213 1165
f 1164 1212 1213
f 1165 1214 1166
f 1165 1213 1214
f 1166 1215 1167
f 1166 1214 1215
f 1167 1216 1168
f 1167 1215 1216
f 1168 1217 1169
f 1168 1216 1217
f 1169 1218 1170
f 1169 1217 1218
f 1170 1219 1171
f 1170 1218 1219
f 1171 1220 1172
f 1171 1219 1220
f 1172 1221 1173
f 1172 1220 1221
f 1173 1222 1174
f 1173 1221 1222
f 1174 1223 1175
f 1174 1222 1223
f 1175 1224 1176
f 1175 1223 1224
f 1176 1225 1177
f 1176 1224 1225
f 1177 1226 1178
f 1177 1225 1226
f 1178 1227 1179
f 1178 1226 1227
f 1179 1228 1180
f 1179 1227 1228
f 1180 1229 1181
f 1180 1228 1229
f 1181 1230 1182
f 1181 1229 1230
f 1182 1231 1183
f 1182 1230 1231
f 1183 1232 1184
f 1183 1231 1232
f 1184 1233 1185
f 1184 1232 1233
f 1185 1234 1186
f 1185 1233 1234
f 1186 1235 1187
f 1186 1234 1235
f 1187 1236 1188
f 1187 1235 1236
f 1188 1237 1189
f 1188 1236 1237
f 1189 1238 1190
f 1189 1237 1238
f 1190 1239 1191
f 1190 1238 1239
f 1191 1240 1192
f 1191 1239 1240
f 1192 1241 1193
f 1192 1240 1241
f 1193 1242 1194
f 1193 1241 1242
f 1194 1243 1195
f 1194 1242 1243
f 1195 1244 1196
f 1195 1243 1244
f 1196 1245 1197
f 1196 1244 1245
f 1197 1246 1198
f 1197 1245 1246
f 1198 1247 1199
f 1198 1246 1247
f 1199 1248 1200
f 1199 1247 1248
f 1202 1249 1201
f 1202 1250 1249
f 1201 1251 1203
f 1201 1249 1251
f 1203 1252 1204
f 1203 1251 1252
f 1204 1253 1205
f 1204 1252 1253
f 1205 1254 1206
f 1205 1253 1254
f 1206 1255 1207
f 1206 1254 1255
f 1207 1256 1208
f 1207 1255 1256
f 1208 1257 1209
f 1208 1256 1257
f 1209 1258 1210
f 1209 1257 1258
f 1210 1259 1211
f 1210 1258 1259
f 1211 1260 1212
f 1211 1259 1260
f 1212 1261 1213
f 1212 1260 1261
f 1213 1262 1214
f 1213 1261 1262
f 1214 1263 1215
f 1214 1262 1263
f 1215 1264 1216
f 1215 1263 1264
f 1216 1265 1217
f 1216 1264 1265
f 1217 1266 1218
f 1217 1265 1266
f 1218 1267 1219
f 1218 1266 1267
f 1219 1268 1220
f 1219 1267 1268
f 1220 1269 1221
f 1220 1268 1269
f 1221 1270 1222
f 1221 1269 1270
f 1222 1271 1223
f 1222 1270 1271
f 1223 1272 1224
f 1223 1271 1272
f 1224 1273 1225
f 1224 1272 1273
f 1225 1274 1226
f 1225 1273 1274
f 1226 1275 1227
f 1226 1274 1275
f 1227 1276 1228
f 1227 1275 1276
f 1228 1277 1229
f 1228 1276 1277
f 1229 1278 1230
f 1229 1277 1278
f 1230 1279 1231
f 1230 1278 1279
f 1231 1280 1232
f 1231 1279 1280
f 1232 1281 1233
f 1232 1280 1281
f 1233 1282 1234
f 1233 1281 1282
f 1234 1283 1235
f 1234 1282 1283
f 1235 1284 1236
f 1235 1283 1284
f 1236 1285 1237
f 1236 1284 1285
f 1237 1286 1238
f 1237 1285 1286
f 1238 1287 1239
f 1238 1286 1287
f 1239 1288 1240
f 1239 1287 1288
f 1240 1289 1241
f 1240 1288 1289
f 1241 1290 1242
f 1241 1289 1290
f 1242 1291 1243
f 1242 1290 1291
f 1243 1292 1244
f 1243 1291 1292
f 1244 1293 1245
f 1244 1292 1293
f 1245 1294 1246
f 1245 1293 1294
f 1246 1295 1247
f 1246 1294 1295
f 1247 1296 1248
f 1247 1295 1296
f 1250 1297 1249
f 1250 1298 1297
f 1249 1299 1251
f 1249 1297 1299
f 1251 1300 1252
f 1251 1299 1300
f 1252 1301 1253
f 1252 1300 1301
f 1253 1302 1254
f 1253 1301 1302
f 1254 1303 1255
f 1254 1302 1303
f 1255 1304 1256
f 1255 1303 1304
f 1256 1305 1257
f 1256 1304 1305
f 1257 1306 1258
f 1257 1305 1306
f 1258 1307 1259
f 1258 1306 1307
f 1259 1308 1260
f 1259 1307 1308
f 1260 1309 1261
f 1260 1308 1309
f 1261 1310 1262
f 1261 1309 1310
f 1262 1311 1263
f 1262 1310 1311
f 1263 1312 1264
f 1263 1311 1312
f 1264 1313 1265
f 1264 1312 1313
f 1265 1314 1266
f 1265 1313 1314
f 1266 1315 1267
f 1266 1314 1315
f 1267 1316 1268
f 1267 1315 1316
f 1268 1317 1269
f 1268 1316 1317
f 1269 1318 1270
f 1269 1317 1318
f 1270 1319 1271
f 1270 1318 1319
f 1271 1320 1272
f 1271 1319 1320
f 1272 1321 1273
f 1272 1320 1321
f 1273 1322 1274
f 1273 1321 1322
f 1274 1323 1275
f 1274 1322 1323
f 1275 1324 1276
f 1275 1323 1324
f 1276 1325 1277
f 1276 1324 1325
f 1277 1326 1278
f 1277 1325 1326
f 1278 1327 1279
f 1278 1326 1327
f 1279 1328 1280
f 1279 1327 1328
f 1280 1329 1281
f 1280 1328 1329
f 1281 1330 1282
f 1281 1329 1330
f 1282 1331 1283
f 1282 1330 1331
f 1283 1332 1284
f 1283 1331 1332
f 1284 1333 1285
f 1284 1332 1333
f 1285 1334 1286
f 1285 1333 1334
f 1286 1335 1287
f 1286 1334 1335
f 1287 1336 1288
f 1287 1335 1336
f 1288 1337 1289
f 1288 1336 1337
f 1289 1338 1290
f 1289 1337 1338
f 1290 1339 1291
f 1290 1338 1339
f 1291 1340 1292
f 1291 1339 1340
f 1292 1341 1293
f 1292 1340 1341
f 1293 1342 1294
f 1293 1341 1342
f 1294 1343 1295
f 1294 1342 1343
f 1295 1344 1296
f 1295 1343 1344
f 1345 1346 1347
f 1345 1347 1348
f 1346 1349 1350
f 1346 1350 1347
f 1349 1351 1352
f 1349 1352 1350
f 1351 1353 1354
f 1351 1354 1352
f 1353 1355 1356
f 1353 1356 1354
f 1355 1357 1358
f 1355 1358 1356
f 1357 1359 1360
f 1357 1360 1358
f 1359 1361 1362
f 1359 1362 1360
f 1361 1363 1364
f 1361 1364 1362
f 1363 1365 1366
f 1363 1366 1364
f 1365 1367 1368
f 1365 1368 1366
f 1367 1369 1370
f 1367 1370 1368
f 1369 1371 1372
f 1369 1372 1370
f 1371 1373 1374
f 1371 1374 1372
f 1373 1375 1376
f 1373 1376 1374
f 1375 1377 1378
f 1375 1378 1376
f 1377 1379 1380
f 1377 1380 1378
f 1379 1381 1382
f 1379 1382 1380
f 1381 1383 1384
f 1381 1384 1382
f 1383 1385 1386
f 1383 1386 1384
f 1385 1387 1388
f 1385 1388 1386
f 1387 1389 1390
f 1387 1390 1388
f 1389 1391 1392
f 1389 1392 1390
f 1391 1393 1394
f 1391 1394 1392
f 1393 1395 1396
f 1393 1396 1394
f 1395 1397 1398
f 1395 1398 1396
f 1397 1399 1400
f 1397 1400 1398
f 1399 1401 1402
f 1399 1402 1400
f 1401 1403 1404
f 1401 1404 1402
f 1403 1405 1406
f 1403 1406 1404
f 1405 1407 1408
f 1405 1408 1406
f 1407 1409 1410
f 1407 1410 1408
f 1409 1411 1412
f 1409 1412 1410
f 1411 1413 1414
f 1411 1414 1412
f 1413 1415 1416
f 1413 1416 1414
f 1415 1417 1418
f 1415 1418 1416
f 1417 1419 1420
f 1417 1420 1418
f 1419 1421 1422
f 1419 1422 1420
f 1421 1423 1424
f 1421 1424 1422
f 1423 1425 1426
f 1423 1426 1424
f 1425 1427 1428
f 1425 1428 1426
f 1427 1429 1430
f 1427 1430 1428
f 1429 1431 1432
f 1429 1432 1430
f 1431 1433 1434
f 1431 1434 1432
f 1433 1435 1436
f 1433 1436 1434
f 1435 1437 1438
f 1435 1438 1436
f 1437 1439 1440
f 1437 1440 1438
f 1348 1347 1441
f 1348 1441 1442
f 1347 1350 1443
f 1347 1443 1441
f 1350 1352 1444
f 1350 1444 1443
f 1352 1354 1445
f 1352 1445 1444
f 1354 1356 1446
f 1354 1446 1445
f 1356 1358 1447
f 1356 1447 1446
f 1358 1360 1448
f 1358 1448 1447
f 1360 1362 1449
f 1360 1449 1448
f 1362 1364 1450
f 1362 1450 1449
f 1364 1366 1451
f 1364 1451 1450
f 1366 1368 1452
f 1366 1452 1451
f 1368 1370 1453
f 1368 1453 1452
f 1370 1372 1454
f 1370 1454 1453
f 1372 1374 1455
f 1372 1455 1454
f 1374 1376 1456
f 1374 1456 1455
f 1376 1378 1457
f 1376 1457 1456
f 1378 1380 1458
f 1378 1458 1457
f 1380 1382 1459
f 1380 1459 1458
f 1382 1384 1460
f 1382 1460 1459
f 1384 1386 1461
f 1384 1461 1460
f 1386 1388 1462
f 1386 1462 1461
f 1388 1390 1463
f 1388 1463 1462
f 1390 1392 1464
f 1390 1464 1463
f 1392 1394 1465
f 1392 1465 1464
f 1394 1396 1466
f 1394 1466 1465
f 1396 1398 1467
f 1396 1467 1466
f 1398 1400 1468
f 1398 1468 1467
f 1400 1402 1469
f 1400 1469 1468
f 1402 1404 1470
f 1402 1470 1469
f 1404 1406 1471
f 1404 1471 1470
f 1406 1408 1472
f 1406 1472 1471
f 1408 1410 1473
f 1408 1473 1472
f 1410 1412 1474
f 1410 1474 1473
f 1412 1414 1475
f 1412 1475 1474
f 1414 1416 1476
f 1414 1476 1475
f 1416 1418 1477
f 1416 1477 1476
f 1418 1420 1478
f 1418 1478 1477
f 1420 1422 1479
f 1420 1479 1478
f 1422 1424 1480
f 1422 1480 1479
f 1424 1426 1481
f 1424 1481 1480
f 1426 1428 1482
f 1426 1482 1481
f 1428 1430 1483
f 1428 1483 1482
f 1430 1432 1484
f 1430 1484 1483
f 1432 1434 1485
f 1432 1485 1484
f 1434 1436 1486
f 1434 1486 1485
f 1436 1438 1487
f 1436 1487 1486
f 1438 1440 1488
f 1438 1488 1487
f 1442 1441 1489
f 1442 1489 1490
f 1441 1443 1491
f 1441 1491 1489
f 1443 1444 1492
f 1443 1492 1491
f 1444 1445 1493
f 1444 1493 1492
f 1445 1446 1494
f 1445 1494 1493
f 1446 1447 1495
f 1446 1495 1494
f 1447 1448 1496
f 1447 1496 1495
f 1448 1449 1497
f 1448 1497 1496
f 1449 1450 1498
f 1449 1498 1497
f 1450 1451 1499
f 1450 1499 1498
f 1451 1452 1500
f 1451 1500 1499
f 1452 1453 1501
f 1452 1501 1500
f 1453 1454 1502
f 1453 1502 1501
f 1454 1455 1503
f 1454 1503 1502
f 1455 1456 1504
f 1455 1504 1503
f 1456 1457 1505
f 1456 1505 1504
f 1457 1458 1506
f 1457 1506 1505
f 1458 1459 1507
f 1458 1507 1506
f 1459 1460 1508
f 1459 1508 1507
f 1460 1461 1509
f 1460 1509 1508
f 1461 1462 1510
f 1461 1510 1509
f 1462 1463 1511
f 1462 1511 1510
f 1463 1464 1512
f 1463 1512 1511
f 1464 1465 1513
f 1464 1513 1512
f 1465 1466 1514
f 1465 1514 1513
f 1466 1467 1515
f 1466 1515 1514
f 1467 1468 1516
f 1467 1516 1515
f 1468 1469 1517
f 1468 1517 1516
f 1469 1470 1518
f 1469 1518 1517
f 1470 1471 1519
f 1470 1519 1518
f 1471 1472 1520
f 1471 1520 1519
f 1472 1473 1521
f 1472 1521 1520
f 1473 1474 1522
f 1473 1522 1521
f 1474 1475 1523
f 1474 1523 1522
f 1475 1476 1524
f 1475 1524 1523
f 1476 1477 1525
f 1476 1525 1524
f 1477 1478 1526
f 1477 1526 1525
f 1478 1479 1527
f 1478 1527 1526
f 1479 1480 1528
f 1479 1528 1527
f 1480 1481 1529
f 1480 1529 1528
f 1481 1482 1530
f 1481 1530 1529
f 1482 1483 1531
f 1482 1531 1530
f 1483 1484 1532
f 1483 1532 1531
f 1484 1485 1533
f 1484 1533 1532
f 1485 1486 1534
f 1485 1534 1533
f 1486 1487 1535
f 1486 1535 1534
f 1487 1488 1536
f 1487 1536 1535
f 1490 1489 1537
f 1490 1537 1538
f 1489 1491 1539
f 1489 1539 1537
f 1491 1492 1540
f 1491 1540 1539
f 1492 1493 1541
f 1492 1541 1540
f 1493 1494 1542
f 1493 1542 1541
f 1494 1495 1543
f 1494 1543 1542
f 1495 1496 1544
f 1495 1544 1543
f 1496 1497 1545
f 1496 1545 1544
f 1497 1498 1546
f 1497 1546 1545
f 1498 1499 1547
f 1498 1547 1546
f 1499 1500 1548
f 1499 1548 1547
f 1500 1501 1549
f 1500 1549 1548
f 1501 1502 1550
f 1501 1550 1549
f 1502 1503 1551
f 1502 1551 1550
f 1503 1504 1552
f 1503 1552 1551
f 1504 1505 1553
f 1504 1553 1552
f 1505 1506 1554
f 1505 1554 1553
f 1506 1507 1555
f 1506 1555 1554
f 1507 1508 1556
f 1507 1556 1555
f 1508 1509 1557
f 1508 1557 1556
f 1509 1510 1558
f 1509 1558 1557
f 1510 1511 1559
f 1510 1559 1558
f 1511 1512 1560
f 1511 1560 1559
f 1512 1513 1561
f 1512 1561 1560
f 1513 1514 1562
f 1513 1562 1561
f 1514 1515 1563
f 1514 1563 1562
f 1515 1516 1564
f 1515 1564 1563
f 1516 1517 1565
f 1516 1565 1564
f 1517 1518 1566
f 1517 1566 1565
f 1518 1519 1567
f 1518 1567 1566
f 1519 1520 1568
f 1519 1568 1567
f 1520 1521 1569
f 1520 1569 1568
f 1521 1522 1570
f 1521 1570 1569
f 1522 1523 1571
f 1522 1571 1570
f 1523 1524 1572
f 1523 1572 1571
f 1524 1525 1573
f 1524 1573 1572
f 1525 1526 1574
f 1525 1574 1573
f 1526 1527 1575
f 1526 1575 1574
f 1527 1528 1576
f 1527 1576 1575
f 1528 1529 1577
f 1528 1577 1576
f 1529 1530 1578
f 1529 1578 1577
f 1530 1531 1579
f 1530 1579 1578
f 1531 1532 1580
f 1531 1580 1579
f 1532 1533 1581
f 1532 1581 1580
f 1533 1534 1582
f 1533 1582 1581
f 1534 1535 1583
f 1534 1583 1582
f 1535 1536 1584
f 1535 1584 1583
f 1538 1537 1585
f 1538 1585 1586
f 1537 1539 1587
f 1537 1587 1585
f 1539 1540 1588
f 1539 1588 1587
f 1540 1541 1589
f 1540 1589 1588
f 1541 1542 1590
f 1541 1590 1589
f 1542 1543 1591
f 1542 1591 1590
f 1543 1544 1592
f 1543 1592 1591
f 1544 1545 1593
f 1544 1593 1592
f 1545 1546 1594
f 1545 1594 1593
f 1546 1547 1595
f 1546 1595 1594
f 1547 1548 1596
f 1547 1596 1595
f 1548 1549 1597
f 1548 1597 1596
f 1549 1550 1598
f 1549 1598 1597
f 1550 1551 1599
f 1550 1599 1598
f 1551 1552 1600
f 1551 1600 1599
f 1552 1553 1601
f 1552 1601 1600
f 1553 1554 1602
f 1553 1602 1601
f 1554 1555 1603
f 1554 1603 1602
f 1555 1556 1604
f 1555 1604 1603
f 1556 1557 1605
f 1556 1605 1604
f 1557 1558 1606
f 1557 1606 1605
f 1558 1559 1607
f 1558 1607 1606
f 1559 1560 1608
f 1559 1608 1607
f 1560 1561 1609
f 1560 1609 1608
f 1561 1562 1610
f 1561 1610 1609
f 1562 1563 1611
f 1562 1611 1610
f 1563 1564 1612
f 1563 1612 1611
f 1564 1565 1613
f 1564 1613 1612
f 1565 1566 1614
f 1565 1614 1613
f 1566 1567 1615
f 1566 1615 1614
f 1567 1568 1616
f 1567 1616 1615
f 1568 1569 1617
f 1568 1617 1616
f 1569 1570 1618
f 1569 1618 1617
f 1570 1571 1619
f 1570 1619 1618
f 1571 1572 1620
f 1571 1620 1619
f 1572 1573 1621
f 1572 1621 1620
f 1573 1574 1622
f 1573 1622 1621
f 1574 1575 1623
f 1574 1623 1622
f 1575 1576 1624
f 1575 1624 1623
f 1576 1577 1625
f 1576 1625 1624
f 1577 1578 1626
f 1577 1626 1625
f 1578 1579 1627
f 1578 1627 1626
f 1579 1580 1628
f 1579 1628 1627
f 1580 1581 1629
f 1580 1629 1628
f 1581 1582 1630
f 1581 1630 1629
f 1582 1583 1631
f 1582 1631 1630
f 1583 1584 1632
f 1583 1632 1631
f 1586 1585 1633
f 1586 1633 1634
f 1585 1587 1635
f 1585 1635 1633
f 1587 1588 1636
f 1587 1636 1635
f 1588 1589 1637
f 1588 1637 1636
f 1589 1590 1638
f 1589 1638 1637
f 1590 1591 1639
f 1590 1639 1638
f 1591 1592 1640
f 1591 1640 1639
f 1592 1593 1641
f 1592 1641 1640
f 1593 1594 1642
f 1593 1642 1641
f 1594 1595 1643
f 1594 1643 1642
f 1595 1596 1644
f 1595 1644 1643
f 1596 1597 1645
f 1596 1645 1644
f 1597 1598 1646
f 1597 1646 1645
f 1598 1599 1647
f 1598 1647 1646
f 1599 1600 1648
f 1599 1648 1647
f 1600 1601 1649
f 1600 1649 1648
f 1601 1602 1650
f 1601 1650 1649
f 1602 1603 1651
f 1602 1651 1650
f 1603 1604 1652
f 1603 1652 1651
f 1604 1605 1653
f 1604 1653 1652
f 1605 1606 1654
f 1605 1654 1653
f 1606 1607 1655
f 1606 1655 1654
f 1607 1608 1656
f 1607 1656 1655
f 1608 1609 1657
f 1608 1657 1656
f 1609 1610 1658
f 1609 1658 1657
f 1610 1611 1659
f 1610 1659 1658
f 1611 1612 1660
f 1611 1660 1659
f 1612 1613 1661
f 1612 1661 1660
f 1613 1614 1662
f 1613 1662 1661
f 1614 1615 1663
f 1614 1663 1662
f 1615 1616 1664
f 1615 1664 1663
f 1616 1617 1665
f 1616 1665 1664
f 1617 1618 1666
f 1617 1666 1665
f 1618 1619 1667
f 1618 1667 1666
f 1619 1620 1668
f 1619 1668 1667
f 1620 1621 1669
f 1620 1669 1668
f 1621 1622 1670
f 1621 1670 1669
f 1622 1623 1671
f 1622 1671 1670
f 1623 1624 1672
f 1623 1672 1671
f 1624 1625 1673
f 1624 1673 1672
f 1625 1626 1674
f 1625 1674 1673
f 1626 1627 1675
f 1626 1675 1674
f 1627 1628 1676
f 1627 1676 1675
f 1628 1629 1677
f 1628 1677 1676
f 1629 1630 1678
f 1629 1678 1677
f 1630 1631 1679
f 1630 1679 1678
f 1631 1632 1680
f 1631 1680 1679
f 1634 1633 1681
f 1634 1681 1682
f 1633 1635 1683
f 1633 1683 1681
f 1635 1636 1684
f 1635 1684 1683
f 1636 1637 1685
f 1636 1685 1684
f 1637 1638 1686
f 1637 1686 1685
f 1638 1639 1687
f 1638 1687 1686
f 1639 1640 1688
f 1639 1688 1687
f 1640 1641 1689
f 1640 1689 1688
f 1641 1642 1690
f 1641 1690 1689
f 1642 1643 1691
f 1642 1691 1690
f 1643 1644 1692
f 1643 1692 1691
f 1644 1645 1693
f 1644 1693 1692
f 1645 1646 1694
f 1645 1694 1693
f 1646 1647 1695
f 1646 1695 1694
f 1647 1648 1696
f 1647 1696 1695
f 1648 1649 1697
f 1648 1697 1696
f 1649 1650 1698
f 1649 1698 1697
f 1650 1651 1699
f 1650 1699 1698
f 1651 1652 1700
f 1651 1700 1699
f 1652 1653 1701
f 1652 1701 1700
f 1653 1654 1702
f 1653 1702 1701
f 1654 1655 1703
f 1654 1703 1702
f 1655 1656 1704
f 1655 1704 1703
f 1656 1657 1705
f 1656 1705 1704
f 1657 1658 1706
f 1657 1706 1705
f 1658 1659 1707
f 1658 1707 1706
f 1659 1660 1708
f 1659 1708 1707
f 1660 1661 1709
f 1660 1709 1708
f 1661 1662 1710
f 1661 1710 1709
f 1662 1663 1711
f 1662 1711 1710
f 1663 1664 1712
f 1663 1712 1711
f 1664 1665 1713
f 1664 1713 1712
f 1665 1666 1714
f 1665 1714 1713
f 1666 1667 1715
f 1666 1715 1714
f 1667 1668 1716
f 1667 1716 1715
f 1668 1669 1717
f 1668 1717 1716
f 1669 1670 1718
f 1669 1718 1717
f 1670 1671 1719
f 1670 1719 1718
f 1671 1672 1720
f 1671 1720 1719
f 1672 1673 1721
f 1672 1721 1720
f 1673 1674 1722
f 1673 1722 1721
f 1674 1675 1723
f 1674 1723 1722
f 1675 1676 1724
f 1675 1724 1723
f 1676 1677 1725
f 1676 1725 1724
f 1677 1678 1726
f 1677 1726 1725
f 1678 1679 1727
f 1678 1727 1726
f 1679 1680 1728
f 1679 1728 1727
f 1682 1681 1729
f 1682 1729 1730
f 1681 1683 1731
f 1681 1731 1729
f 1683 1684 1732
f 1683 1732 1731
f 1684 1685 1733
f 1684 1733 1732
f 1685 1686 1734
f 1685 1734 1733
f 1686 1687 1735
f 1686 1735 1734
f 1687 1688 1736
f 1687 1736 1735
f 1688 1689 1737
f 1688 1737 1736
f 1689 1690 1738
f 1689 1738 1737
f 1690 1691 1739
f 1690 1739 1738
f 1691 1692 1740
f 1691 1740 1739
f 1692 1693 1741
f 1692 1741 1740
f 1693 1694 1742
f 1693 1742 1741
f 1694 1695 1743
f 1694 1743 1742
f 1695 1696 1744
f 1695 1744 1743
f 1696 1697 1745
f 1696 1745 1744
f 1697 1698 1746
f 1697 1746 1745
f 1698 1699 1747
f 1698 1747 1746
f 1699 1700 1748
f 1699 1748 1747
f 1700 1701 1749
f 1700 1749 1748
f 1701 1702 1750
f 1701 1750 1749
f 1702 1703 1751
f 1702 1751 1750
f 1703 1704 1752
f 1703 1752 1751
f 1704 1705 1753
f 1704 1753 1752
f 1705 1706 1754
f 1705 1754 1753
f 1706 1707 1755
f 1706 1755 1754
f 1707 1708 1756
f 1707 1756 1755
f 1708 1709 1757
f 1708 1757 1756
f 1709 1710 1758
f 1709 1758 1757
f 1710 1711 1759
f 1710 1759 1758
f 1711 1712 1760
f 1711 1760 1759
f 1712 1713 1761
f 1712 1761 1760
f 1713 1714 1762
f 1713 1762 1761
f 1714 1715 1763
f 1714 1763 1762
f 1715 1716 1764
f 1715 1764 1763
f 1716 1717 1765
f 1716 1765 1764
f 1717 1718 1766
f 1717 1766 1765
f 1718 1719 1767
f 1718 1767 1766
f 1719 1720 1768
f 1719 1768 1767
f 1720 1721 1769
f 1720 1769 1768
f 1721 1722 1770
f 1721 1770 1769
f 1722 1723 1771
f 1722 1771 1770
f 1723 1724 1772
f 1723 1772 1771
f 1724 1725 1773
f 1724 1773 1772
f 1725 1726 1774
f 1725 1774 1773
f 1726 1727 1775
f 1726 1775 1774
f 1727 1728 1776
f 1727 1776 1775
f 1730 1729 1777
f 1730 1777 1778
f 1729 1731 1779
f 1729 1779 1777
f 1731 1732 1780
f 1731 1780 1779
f 1732 1733 1781
f 1732 1781 1780
f 1733 1734 1782
f 1733 1782 1781
f 1734 1735 1783
f 1734 1783 1782
f 1735 1736 1784
f 1735 1784 1783
f 1736 1737 1785
f 1736 1785 1784
f 1737 1738 1786
f 1737 1786 1785
f 1738 1739 1787
f 1738 1787 1786
f 1739 1740 1788
f 1739 1788 1787
f 1740 1741 1789
f 1740 1789 1788
f 1741 1742 1790
f 1741 1790 1789
f 1742 1743 1791
f 1742 1791 1790
f 1743 1744 1792
f 1743 1792 1791
f 1744 1745 1793
f 1744 1793 1792
f 1745 1746 1794
f 1745 1794 1793
f 1746 1747 1795
f 1746 1795 1794
f 1747 1748 1796
f 1747 1796 1795
f 1748 1749 1797
f 1748 1797 1796
f 1749 1750 1798
f 1749 1798 1797
f 1750 1751 1799
f 1750 1799 1798
f 1751 1752 1800
f 1751 1800 1799
f 1752 1753 1801
f 1752 1801 1800
f 1753 1754 1802
f 1753 1802 1801
f 1754 1755 1803
f 1754 1803 1802
f 1755 1756 1804
f 1755 1804 1803
f 1756 1757 1805
f 1756 1805 1804
f 1757 1758 1806
f 1757 1806 1805
f 1758 1759 1807
f 1758 1807 1806
f 1759 1760 1808
f 1759 1808 1807
f 1760 1761 1809
f 1760 1809 1808
f 1761 1762 1810
f 1761 1810 1809
f 1762 1763 1811
f 1762 1811 1810
f 1763 1764 1812
f 1763 1812 1811
f 1764 1765 1813
f 1764 1813 1812
f 1765 1766 1814
f 1765 1814 1813
f 1766 1767 1815
f 1766 1815 1814
f 1767 1768 1816
f 1767 1816 1815
f 1768 1769 1817
f 1768 1817 1816
f 1769 1770 1818
f 1769 1818 1817
f 1770 1771 1819
f 1770 1819 1818
f 1771 1772 1820
f 1771 1820 1819
f 1772 1773 1821
f 1772 1821 1820
f 1773 1774 1822
f 1773 1822 1821
f 1774 1775 1823
f 1774 1823 1822
f 1775 1776 1824
f 1775 1824 1823
f 1778 1777 1825
f 1778 1825 1826
f 1777 1779 1827
f 1777 1827 1825
f 1779 1780 1828
f 1779 1828 1827
f 1780 1781 1829
f 1780 1829 1828
f 1781 1782 1830
f 1781 1830 1829
f 1782 1783 1831
f 1782 1831 1830
f 1783 1784 1832
f 1783 1832 1831
f 1784 1785 1833
f 1784 1833 1832
f 1785 1786 1834
f 1785 1834 1833
f 1786 1787 1835
f 1786 1835 1834
f 1787 1788 1836
f 1787 1836 1835
f 1788 1789 1837
f 1788 1837 1836
f 1789 1790 1838
f 1789 1838 1837
f 1790 1791 1839
f 1790 1839 1838
f 1791 1792 1840
f 1791 1840 1839
f 1792 1793 1841
f 1792 1841 1840
f 1793 1794 1842
f 1793 1842 1841
f 1794 1795 1843
f 1794 1843 1842
f 1795 1796 1844
f 1795 1844 1843
f 1796 1797 1845
f 1796 1845 1844
f 1797 1798 1846
f 1797 1846 1845
f 1798 1799 1847
f 1798 1847 1846
f 1799 1800 1848
f 1799 1848 1847
f 1800 1801 1849
f 1800 1849 1848
f 1801 1802 1850
f 1801 1850 1849
f 1802 1803 1851
f 1802 1851 1850
f 1803 1804 1852
f 1803 1852 1851
f 1804 1805 1853
f 1804 1853 1852
f 1805 1806 1854
f 1805 1854 1853
f 1806 1807 1855
f 1806 1855 1854
f 1807 1808 1856
f 1807 1856 1855
f 1808 1809 1857
f 1808 1857 1856
f 1809 1810 1858
f 1809 1858 1857
f 1810 1811 1859
f 1810 1859 1858
f 1811 1812 1860
f 1811 1860 1859
f 1812 1813 1861
f 1812 1861 1860
f 1813 1814 1862
f 1813 1862 1861
f 1814 1815 1863
f 1814 1863 1862
f 1815 1816 1864
f 1815 1864 1863
f 1816 1817 1865
f 1816 1865 1864
f 1817 1818 1866
f 1817 1866 1865
f 1818 1819 1867
f 1818 1867 1866
f 1819 1820 1868
f 1819 1868 1867
f 1820 1821 1869
f 1820 1869 1868
f 1821 1822 1870
f 1821 1870 1869
f 1822 1823 1871
f 1822 1871 1870
f 1823 1824 1872
f 1823 1872 1871
f 1826 1825 1873
f 1826 1873 1874
f 1825 1827 1875
f 1825 1875 1873
f 1827 1828 1876
f 1827 1876 1875
f 1828 1829 1877
f 1828 1877 1876
f 1829 1830 1878
f 1829 1878 1877
f 1830 1831 1879
f 1830 1879 1878
f 1831 1832 1880
f 1831 1880 1879
f 1832 1833 1881
f 1832 1881 1880
f 1833 1834 1882
f 1833 1882 1881
f 1834 1835 1883
f 1834 1883 1882
f 1835 1836 1884
f 1835 1884 1883
f 1836 1837 1885
f 1836 1885 1884
f 1837 1838 1886
f 1837 1886 1885
f 1838 1839 1887
f 1838 1887 1886
f 1839 1840 1888
f 1839 1888 1887
f 1840 1841 1889
f 1840 1889 1888
f 1841 1842 1890
f 1841 1890 1889
f 1842 1843 1891
f 1842 1891 1890
f 1843 1844 1892
f 1843 1892 1891
f 1844 1845 1893
f 1844 1893 1892
f 1845 1846 1894
f 1845 1894 1893
f 1846 1847 1895
f 1846 1895 1894
f 1847 1848 1896
f 1847 1896 1895
f 1848 1849 1897
f 1848 1897 1896
f 1849 1850 1898
f 1849 1898 1897
f 1850 1851 1899
f 1850 1899 1898
f 1851 1852 1900
f 1851 1900 1899
f 1852 1853 1901
f 1852 1901 1900
f 1853 1854 1902
f 1853 1902 1901
f 1854 1855 1903
f 1854 1903 1902
f 1855 1856 1904
f 1855 1904 1903
f 1856 1857 1905
f 1856 1905 1904
f 1857 1858 1906
f 1857 1906 1905
f 1858 1859 1907
f 1858 1907 1906
f 1859 1860 1908
f 1859 1908 1907
f 1860 1861 1909
f 1860 1909 1908
f 1861 1862 1910
f 1861 1910 1909
f 1862 1863 1911
f 1862 1911 1910
f 1863 1864 1912
f 1863 1912 1911
f 1864 1865 1913
f 1864 1913 1912
f 1865 1866 1914
f 1865 1914 1913
f 1866 1867 1915
f 1866 1915 1914
f 1867 1868 1916
f 1867 1916 1915
f 1868 1869 1917
f 1868 1917 1916
f 1869 1870 1918
f 1869 1918 1917
f 1870 1871 1919
f 1870 1919 1918
f 1871 1872 1920
f 1871 1920 1919
f 1874 1873 1921
f 1874 1921 1922
f 1873 1875 1923
f 1873 1923 1921
f 1875 1876 1924
f 1875 1924 1923
f 1876 1877 1925
f 1876 1925 1924
f 1877 1878 1926
f 1877 1926 1925
f 1878 1879 1927
f 1878 1927 1926
f 1879 1880 1928
f 1879 1928 1927
f 1880 1881 1929
f 1880 1929 1928
f 1881 1882 1930
f 1881 1930 1929
f 1882 1883 1931
f 1882 1931 1930
f 1883 1884 1932
f 1883 1932 1931
f 1884 1885 1933
f 1884 1933 1932
f 1885 1886 1934
f 1885 1934 1933
f 1886 1887 1935
f 1886 1935 1934
f 1887 1888 1936
f 1887 1936 1935
f 1888 1889 1937
f 1888 1937 1936
f 1889 1890 1938
f 1889 1938 1937
f 1890 1891 1939
f 1890 1939 1938
f 1891 1892 1940
f 1891 1940 1939
f 1892 1893 1941
f 1892 1941 1940
f 1893 1894 1942
f 1893 1942 1941
f 1894 1895 1943
f 1894 1943 1942
f 1895 1896 1944
f 1895 1944 1943
f 1896 1897 1945
f 1896 1945 1944
f 1897 1898 1946
f 1897 1946 1945
f 1898 1899 1947
f 1898 1947 1946
f 1899 1900 1948
f 1899 1948 1947
f 1900 1901 1949
f 1900 1949 1948
f 1901 1902 1950
f 1901 1950 1949
f 1902 1903 1951
f 1902 1951 1950
f 1903 1904 1952
f 1903 1952 1951
f 1904 1905 1953
f 1904 1953 1952
f 1905 1906 1954
f 1905 1954 1953
f 1906 1907 1955
f 1906 1955 1954
f 1907 1908 1956
f 1907 1956 1955
f 1908 1909 1957
f 1908 1957 1956
f 1909 1910 1958
f 1909 1958 1957
f 1910 1911 1959
f 1910 1959 1958
f 1911 1912 1960
f 1911 1960 1959
f 1912 1913 1961
f 1912 1961 1960
f 1913 1914 1962
f 1913 1962 1961
f 1914 1915 1963
f 1914 1963 1962
f 1915 1916 1964
f 1915 1964 1963
f 1916 1917 1965
f 1916 1965 1964
f 1917 1918 1966
f 1917 1966 1965
f 1918 1919 1967
f 1918 1967 1966
f 1919 1920 1968
f 1919 1968 1967
f 1922 1921 1969
f 1922 1969 1970
f 1921 1923 1971
f 1921 1971 1969
f 1923 1924 1972
f 1923 1972 1971
f 1924 1925 1973
f 1924 1973 1972
f 1925 1926 1974
f 1925 1974 1973
f 1926 1927 1975
f 1926 1975 1974
f 1927 1928 1976
f 1927 1976 1975
f 1928 1929 1977
f 1928 1977 1976
f 1929 1930 1978
f 1929 1978 1977
f 1930 1931 1979
f 1930 1979 1978
f 1931 1932 1980
f 1931 1980 1979
f 1932 1933 1981
f 1932 1981 1980
f 1933 1934 1982
f 1933 1982 1981
f 1934 1935 1983
f 1934 1983 1982
f 1935 1936 1984
f 1935 1984 1983
f 1936 1937 1985
f 1936 1985 1984
f 1937 1938 1986
f 1937 1986 1985
f 1938 1939 1987
f 1938 1987 1986
f 1939 1940 1988
f 1939 1988 1987
f 1940 1941 1989
f 1940 1989 1988
f 1941 1942 1990
f 1941 1990 1989
f 1942 1943 1991
f 1942 1991 1990
f 1943 1944 1992
f 1943 1992 1991
f 1944 1945 1993
f 1944 1993 1992
f 1945 1946 1994
f 1945 1994 1993
f 1946 1947 1995
f 1946 1995 1994
f 1947 1948 1996
f 1947 1996 1995
f 1948 1949 1997
f 1948 1997 1996
f 1949 1950 1998
f 1949 1998 1997
f 1950 1951 1999
f 1950 1999 1998
f 1951 1952 2000
f 1951 2000 1999
f 1952 1953 2001
f 1952 2001 2000
f 1953 1954 2002
f 1953 2002 2001
f 1954 1955 2003
f 1954 2003 2002
f 1955 1956 2004
f 1955 2004 2003
f 1956 1957 2005
f 1956 2005 2004
f 1957 1958 2006
f 1957 2006 2005
f 1958 1959 2007
f 1958 2007 2006
f 1959 1960 2008
f 1959 2008 2007
f 1960 1961 2009
f 1960 2009 2008
f 1961 1962 2010
f 1961 2010 2009
f 1962 1963 2011
f 1962 2011 2010
f 1963 1964 2012
f 1963 2012 2011
f 1964 1965 2013
f 1964 2013 2012
f 1965 1966 2014
f 1965 2014 2013
f 1966 1967 2015
f 1966 2015 2014
f 1967 1968 2016
f 1967 2016 2015
f 1970 1969 2017
f 1970 2017 2018
f 1969 1971 2019
f 1969 2019 2017
f 1971 1972 2020
f 1971 2020 2019
f 1972 1973 2021
f 1972 2021 2020
f 1973 1974 2022
f 1973 2022 2021
f 1974 1975 2023
f 1974 2023 2022
f 1975 1976 2024
f 1975 2024 2023
f 1976 1977 2025
f 1976 2025 2024
f 1977 1978 2026
f 1977 2026 2025
f 1978 1979 2027
f 1978 2027 2026
f 1979 1980 2028
f 1979 2028 2027
f 1980 1981 2029
f 1980 2029 2028
f 1981 1982 2030
f 1981 2030 2029
f 1982 1983 2031
f 1982 2031 2030
f 1983 1984 2032
f 1983 2032 2031
f 1984 1985 2033
f 1984 2033 2032
f 1985 1986 2034
f 1985 2034 2033
f 1986 1987 2035
f 1986 2035 2034
f 1987 1988 2036
f 1987 2036 2035
f 1988 1989 2037
f 1988 2037 2036
f 1989 1990 2038
f 1989 2038 2037
f 1990 1991 2039
f 1990 2039 2038
f 1991 1992 2040
f 1991 2040 2039
f 1992 1993 2041
f 1992 2041 2040
f 1993 1994 2042
f 1993 2042 2041
f 1994 1995 2043
f 1994 2043 2042
f 1995 1996 2044
f 1995 2044 2043
f 1996 1997 2045
f 1996 2045 2044
f 1997 1998 2046
f 1997 2046 2045
f 1998 1999 2047
f 1998 2047 2046
f 1999 2000 2048
f 1999 2048 2047
f 2000 2001 2049
f 2000 2049 2048
f 2001 2002 2050
f 2001 2050 2049
f 2002 2003 2051
f 2002 2051 2050
f 2003 2004 2052
f 2003 2052 2051
f 2004 2005 2053
f 2004 2053 2052
f 2005 2006 2054
f 2005 2054 2053
f 2006 2007 2055
f 2006 2055 2054
f 2007 2008 2056
f 2007 2056 2055
f 2008 2009 2057
f 2008 2057 2056
f 2009 2010 2058
f 2009 2058 2057
f 2010 2011 2059
f 2010 2059 2058
f 2011 2012 2060
f 2011 2060 2059
f 2012 2013 2061
f 2012 2061 2060
f 2013 2014 2062
f 2013 2062 2061
f 2014 2015 2063
f 2014 2063 2062
f 2015 2016 2064
f 2015 2064 2063
f 2018 2017 2065
f 2018 2065 2066
f 2017 2019 2067
f 2017 2067 2065
f 2019 2020 2068
f 2019 2068 2067
f 2020 2021 2069
f 2020 2069 2068
f 2021 2022 2070
f 2021 2070 2069
f 2022 2023 2071
f 2022 2071 2070
f 2023 2024 2072
f 2023 2072 2071
f 2024 2025 2073
f 2024 2073 2072
f 2025 2026 2074
f 2025 2074 2073
f 2026 2027 2075
f 2026 2075 2074
f 2027 2028 2076
f 2027 2076 2075
f 2028 2029 2077
f 2028 2077 2076
f 2029 2030 2078
f 2029 2078 2077
f 2030 2031 2079
f 2030 2079 2078
f 2031 2032 2080
f 2031 2080 2079
f 2032 2033 2081
f 2032 2081 2080
f 2033 2034 2082
f 2033 2082 2081
f 2034 2035 2083
f 2034 2083 2082
f 2035 2036 2084
f 2035 2084 2083
f 2036 2037 2085
f 2036 2085 2084
f 2037 2038 2086
f 2037 2086 2085
f 2038 2039 2087
f 2038 2087 2086
f 2039 2040 2088
f 2039 2088 2087
f 2040 2041 2089
f 2040 2089 2088
f 2041 2042 2090
f 2041 2090 2089
f 2042 2043 2091
f 2042 2091 2090
f 2043 2044 2092
f 2043 2092 2091
f 2044 2045 2093
f 2044 2093 2092
f 2045 2046 2094
f 2045 2094 2093
f 2046 2047 2095
f 2046 2095 2094
f 2047 2048 2096
f 2047 2096 2095
f 2048 2049 2097
f 2048 2097 2096
f 2049 2050 2098
f 2049 2098 2097
f 2050 2051 2099
f 2050 2099 2098
f 2051 2052 2100
f 2051 2100 2099
f 2052 2053 2101
f 2052 2101 2100
f 2053 2054 2102
f 2053 2102 2101
f 2054 2055 2103
f 2054 2103 2102
f 2055 2056 2104
f 2055 2104 2103
f 2056 2057 2105
f 2056 2105 2104
f 2057 2058 2106
f 2057 2106 2105
f 2058 2059 2107
f 2058 2107 2106
f 2059 2060 2108
f 2059 2108 2107
f 2060 2061 2109
f 2060 2109 2108
f 2061 2062 2110
f 2061 2110 2109
f 2062 2063 2111
f 2062 2111 2110
f 2063 2064 2112
f 2063 2112 2111
f 2066 2065 2113
f 2066 2113 2114
f 2065 2067 2115
f 2065 2115 2113
f 2067 2068 2116
f 2067 2116 2115
f 2068 2069 2117
f 2068 2117 2116
f 2069 2070 2118
f 2069 2118 2117
f 2070 2071 2119
f 2070 2119 2118
f 2071 2072 2120
f 2071 2120 2119
f 2072 2073 2121
f 2072 2121 2120
f 2073 2074 2122
f 2073 2122 2121
f 2074 2075 2123
f 2074 2123 2122
f 2075 2076 2124
f 2075 2124 2123
f 2076 2077 2125
f 2076 2125 2124
f 2077 2078 2126
f 2077 2126 2125
f 2078 2079 2127
f 2078 2127 2126
f 2079 2080 2128
f 2079 2128 2127
f 2080 2081 2129
f 2080 2129 2128
f 2081 2082 2130
f 2081 2130 2129
f 2082 2083 2131
f 2082 2131 2130
f 2083 2084 2132
f 2083 2132 2131
f 2084 2085 2133
f 2084 2133 2132
f 2085 2086 2134
f 2085 2134 2133
f 2086 2087 2135
f 2086 2135 2134
f 2087 2088 2136
f 2087 2136 2135
f 2088 2089 2137
f 2088 2137 2136
f 2089 2090 2138
f 2089 2138 2137
f 2090 2091 2139
f 2090 2139 2138
f 2091 2092 2140
f 2091 2140 2139
f 2092 2093 2141
f 2092 2141 2140
f 2093 2094 2142
f 2093 2142 2141
f 2094 2095 2143
f 2094 2143 2142
f 2095 2096 2144
f 2095 2144 2143
f 2096 2097 2145
f 2096 2145 2144
f 2097 2098 2146
f 2097 2146 2145
f 2098 2099 2147
f 2098 2147 2146
f 2099 2100 2148
f 2099 2148 2147
f 2100 2101 2149
f 2100 2149 2148
f 2101 2102 2150
f 2101 2150 2149
f 2102 2103 2151
f 2102 2151 2150
f 2103 2104 2152
f 2103 2152 2151
f 2104 2105 2153
f 2104 2153 2152
f 2105 2106 2154
f 2105 2154 2153
f 2106 2107 2155
f 2106 2155 2154
f 2107 2108 2156
f 2107 2156 2155
f 2108 2109 2157
f 2108 2157 2156
f 2109 2110 2158
f 2109 2158 2157
f 2110 2111 2159
f 2110 2159 2158
f 2111 2112 2160
f 2111 2160 2159
f 2114 2113 2161
f 2114 2161 2162
f 2113 2115 2163
f 2113 2163 2161
f 2115 2116 2164
f 2115 2164 2163
f 2116 2117 2165
f 2116 2165 2164
f 2117 2118 2166
f 2117 2166 2165
f 2118 2119 2167
f 2118 2167 2166
f 2119 2120 2168
f 2119 2168 2167
f 2120 2121 2169
f 2120 2169 2168
f 2121 2122 2170
f 2121 2170 2169
f 2122 2123 2171
f 2122 2171 2170
f 2123 2124 2172
f 2123 2172 2171
f 2124 2125 2173
f 2124 2173 2172
f 2125 2126 2174
f 2125 2174 2173
f 2126 2127 2175
f 2126 2175 2174
f 2127 2128 2176
f 2127 2176 2175
f 2128 2129 2177
f 2128 2177 2176
f 2129 2130 2178
f 2129 2178 2177
f 2130 2131 2179
f 2130 2179 2178
f 2131 2132 2180
f 2131 2180 2179
f 2132 2133 2181
f 2132 2181 2180
f 2133 2134 2182
f 2133 2182 2181
f 2134 2135 2183
f 2134 2183 2182
f 2135 2136 2184
f 2135 2184 2183
f 2136 2137 2185
f 2136 2185 2184
f 2137 2138 2186
f 2137 2186 2185
f 2138 2139 2187
f 2138 2187 2186
f 2139 2140 2188
f 2139 2188 2187
f 2140 2141 2189
f 2140 2189 2188
f 2141 2142 2190
f 2141 2190 2189
f 2142 2143 2191
f 2142 2191 2190
f 2143 2144 2192
f 2143 2192 2191
f 2144 2145 2193
f 2144 2193 2192
f 2145 2146 2194
f 2145 2194 2193
f 2146 2147 2195
f 2146 2195 2194
f 2147 2148 2196
f 2147 2196 2195
f 2148 2149 2197
f 2148 2197 2196
f 2149 2150 2198
f 2149 2198 2197
f 2150 2151 2199
f 2150 2199 2198
f 2151 2152 2200
f 2151 2200 2199
f 2152 2153 2201
f 2152 2201 2200
f 2153 2154 2202
f 2153 2202 2201
f 2154 2155 2203
f 2154 2203 2202
f 2155 2156 2204
f 2155 2204 2203
f 2156 2157 2205
f 2156 2205 2204
f 2157 2158 2206
f 2157 2206 2205
f 2158 2159 2207
f 2158 2207 2206
f 2159 2160 2208
f 2159 2208 2207
f 2162 2161 2209
f 2162 2209 2210
f 2161 2163 2211
f 2161 2211 2209
f 2163 2164 2212
f 2163 2212 2211
f 2164 2165 2213
f 2164 2213 2212
f 2165 2166 2214
f 2165 2214 2213
f 2166 2167 2215
f 2166 2215 2214
f 2167 2168 2216
f 2167 2216 2215
f 2168 2169 2217
f 2168 2217 2216
f 2169 2170 2218
f 2169 2218 2217
f 2170 2171 2219
f 2170 2219 2218
f 2171 2172 2220
f 2171 2220 2219
f 2172 2173 2221
f 2172 2221 2220
f 2173 2174 2222
f 2173 2222 2221
f 2174 2175 2223
f 2174 2223 2222
f 2175 2176 2224
f 2175 2224 2223
f 2176 2177 2225
f 2176 2225 2224
f 2177 2178 2226
f 2177 2226 2225
f 2178 2179 2227
f 2178 2227 2226
f 2179 2180 2228
f 2179 2228 2227
f 2180 2181 2229
f 2180 2229 2228
f 2181 2182 2230
f 2181 2230 2229
f 2182 2183 2231
f 2182 2231 2230
f 2183 2184 2232
f 2183 2232 2231
f 2184 2185 2233
f 2184 2233 2232
f 2185 2186 2234
f 2185 2234 2233
f 2186 2187 2235
f 2186 2235 2234
f 2187 2188 2236
f 2187 2236 2235
f 2188 2189 2237
f 2188 2237 2236
f 2189 2190 2238
f 2189 2238 2237
f 2190 2191 2239
f 2190 2239 2238
f 2191 2192 2240
f 2191 2240 2239
f 2192 2193 2241
f 2192 2241 2240
f 2193 2194 2242
f 2193 2242 2241
f 2194 2195 2243
f 2194 2243 2242
f 2195 2196 2244
f 2195 2244 2243
f 2196 2197 2245
f 2196 2245 2244
f 2197 2198 2246
f 2197 2246 2245
f 2198 2199 2247
f 2198 2247 2246
f 2199 2200 2248
f 2199 2248 2247
f 2200 2201 2249
f 2200 2249 2248
f 2201 2202 2250
f 2201 2250 2249
f 2202 2203 2251
f 2202 2251 2250
f 2203 2204 2252
f 2203 2252 2251
f 2204 2205 2253
f 2204 2253 2252
f 2205 2206 2254
f 2205 2254 2253
f 2206 2207 2255
f 2206 2255 2254
f 2207 2208 2256
f 2207 2256 2255
f 2210 2209 2257
f 2210 2257 2258
f 2209 2211 2259
f 2209 2259 2257
f 2211 2212 2260
f 2211 2260 2259
f 2212 2213 2261
f 2212 2261 2260
f 2213 2214 2262
f 2213 2262 2261
f 2214 2215 2263
f 2214 2263 2262
f 2215 2216 2264
f 2215 2264 2263
f 2216 2217 2265
f 2216 2265 2264
f 2217 2218 2266
f 2217 2266 2265
f 2218 2219 2267
f 2218 2267 2266
f 2219 2220 2268
f 2219 2268 2267
f 2220 2221 2269
f 2220 2269 2268
f 2221 2222 2270
f 2221 2270 2269
f 2222 2223 2271
f 2222 2271 2270
f 2223 2224 2272
f 2223 2272 2271
f 2224 2225 2273
f 2224 2273 2272
f 2225 2226 2274
f 2225 2274 2273
f 2226 2227 2275
f 2226 2275 2274
f 2227 2228 2276
f 2227 2276 2275
f 2228 2229 2277
f 2228 2277 2276
f 2229 2230 2278
f 2229 2278 2277
f 2230 2231 2279
f 2230 2279 2278
f 2231 2232 2280
f 2231 2280 2279
f 2232 2233 2281
f 2232 2281 2280
f 2233 2234 2282
f 2233 2282 2281
f 2234 2235 2283
f 2234 2283 2282
f 2235 2236 2284
f 2235 2284 2283
f 2236 2237 2285
f 2236 2285 2284
f 2237 2238 2286
f 2237 2286 2285
f 2238 2239 2287
f 2238 2287 2286
f 2239 2240 2288
f 2239 2288 2287
f 2240 2241 2289
f 2240 2289 2288
f 2241 2242 2290
f 2241 2290 2289
f 2242 2243 2291
f 2242 2291 2290
f 2243 2244 2292
f 2243 2292 2291
f 2244 2245 2293
f 2244 2293 2292
f 2245 2246 2294
f 2245 2294 2293
f 2246 2247 2295
f 2246 2295 2294
f 2247 2248 2296
f 2247 2296 2295
f 2248 2249 2297
f 2248 2297 2296
f 2249 2250 2298
f 2249 2298 2297
f 2250 2251 2299
f 2250 2299 2298
f 2251 2252 2300
f 2251 2300 2299
f 2252 2253 2301
f 2252 2301 2300
f 2253 2254 2302
f 2253 2302 2301
f 2254 2255 2303
f 2254 2303 2302
f 2255 2256 2304
f 2255 2304 2303
f 2258 2257 2305
f 2258 2305 2306
f 2257 2259 2307
f 2257 2307 2305
f 2259 2260 2308
f 2259 2308 2307
f 2260 2261 2309
f 2260 2309 2308
f 2261 2262 2310
f 2261 2310 2309
f 2262 2263 2311
f 2262 2311 2310
f 2263 2264 2312
f 2263 2312 2311
f 2264 2265 2313
f 2264 2313 2312
f 2265 2266 2314
f 2265 2314 2313
f 2266 2267 2315
f 2266 2315 2314
f 2267 2268 2316
f 2267 2316 2315
f 2268 2269 2317
f 2268 2317 2316
f 2269 2270 2318
f 2269 2318 2317
f 2270 2271 2319
f 2270 2319 2318
f 2271 2272 2320
f 2271 2320 2319
f 2272 2273 2321
f 2272 2321 2320
f 2273 2274 2322
f 2273 2322 2321
f 2274 2275 2323
f 2274 2323 2322
f 2275 2276 2324
f 2275 2324 2323
f 2276 2277 2325
f 2276 2325 2324
f 2277 2278 2326
f 2277 2326 2325
f 2278 2279 2327
f 2278 2327 2326
f 2279 2280 2328
f 2279 2328 2327
f 2280 2281 2329
f 2280 2329 2328
f 2281 2282 2330
f 2281 2330 2329
f 2282 2283 2331
f 2282 2331 2330
f 2283 2284 2332
f 2283 2332 2331
f 2284 2285 2333
f 2284 2333 2332
f 2285 2286 2334
f 2285 2334 2333
f 2286 2287 2335
f 2286 2335 2334
f 2287 2288 2336
f 2287 2336 2335
f 2288 2289 2337
f 2288 2337 2336
f 2289 2290 2338
f 2289 2338 2337
f 2290 2291 2339
f 2290 2339 2338
f 2291 2292 2340
f 2291 2340 2339
f 2292 2293 2341
f 2292 2341 2340
f 2293 2294 2342
f 2293 2342 2341
f 2294 2295 2343
f 2294 2343 2342
f 2295 2296 2344
f 2295 2344 2343
f 2296 2297 2345
f 2296 2345 2344
f 2297 2298 2346
f 2297 2346 2345
f 2298 2299 2347
f 2298 2347 2346
f 2299 2300 2348
f 2299 2348 2347
f 2300 2301 2349
f 2300 2349 2348
f 2301 2302 2350
f 2301 2350 2349
f 2302 2303 2351
f 2302 2351 2350
f 2303 2304 2352
f 2303 2352 2351
f 2306 2305 2353
f 2306 2353 2354
f 2305 2307 2355
f 2305 2355 2353
f 2307 2308 2356
f 2307 2356 2355
f 2308 2309 2357
f 2308 2357 2356
f 2309 2310 2358
f 2309 2358 2357
f 2310 2311 2359
f 2310 2359 2358
f 2311 2312 2360
f 2311 2360 2359
f 2312 2313 2361
f 2312 2361 2360
f 2313 2314 2362
f 2313 2362 2361
f 2314 2315 2363
f 2314 2363 2362
f 2315 2316 2364
f 2315 2364 2363
f 2316 2317 2365
f 2316 2365 2364
f 2317 2318 2366
f 2317 2366 2365
f 2318 2319 2367
f 2318 2367 2366
f 2319 2320 2368
f 2319 2368 2367
f 2320 2321 2369
f 2320 2369 2368
f 2321 2322 2370
f 2321 2370 2369
f 2322 2323 2371
f 2322 2371 2370
f 2323 2324 2372
f 2323 2372 2371
f 2324 2325 2373
f 2324 2373 2372
f 2325 2326 2374
f 2325 2374 2373
f 2326 2327 2375
f 2326 2375 2374
f 2327 2328 2376
f 2327 2376 2375
f 2328 2329 2377
f 2328 2377 2376
f 2329 2330 2378
f 2329 2378 2377
f 2330 2331 2379
f 2330 2379 2378
f 2331 2332 2380
f 2331 2380 2379
f 2332 2333 2381
f 2332 2381 2380
f 2333 2334 2382
f 2333 2382 2381
f 2334 2335 2383
f 2334 2383 2382
f 2335 2336 2384
f 2335 2384 2383
f 2336 2337 2385
f 2336 2385 2384
f 2337 2338 2386
f 2337 2386 2385
f 2338 2339 2387
f 2338 2387 2386
f 2339 2340 2388
f 2339 2388 2387
f 2340 2341 2389
f 2340 2389 2388
f 2341 2342 2390
f 2341 2390 2389
f 2342 2343 2391
f 2342 2391 2390
f 2343 2344 2392
f 2343 2392 2391
f 2344 2345 2393
f 2344 2393 2392
f 2345 2346 2394
f 2345 2394 2393
f 2346 2347 2395
f 2346 2395 2394
f 2347 2348 2396
f 2347 2396 2395
f 2348 2349 2397
f 2348 2397 2396
f 2349 2350 2398
f 2349 2398 2397
f 2350 2351 2399
f 2350 2399 2398
f 2351 2352 2400
f 2351 2400 2399
f 2354 2353 2401
f 2354 2401 2402
f 2353 2355 2403
f 2353 2403 2401
f 2355 2356 2404
f 2355 2404 2403
f 2356 2357 2405
f 2356 2405 2404
f 2357 2358 2406
f 2357 2406 2405
f 2358 2359 2407
f 2358 2407 2406
f 2359 2360 2408
f 2359 2408 2407
f 2360 2361 2409
f 2360 2409 2408
f 2361 2362 2410
f 2361 2410 2409
f 2362 2363 2411
f 2362 2411 2410
f 2363 2364 2412
f 2363 2412 2411
f 2364 2365 2413
f 2364 2413 2412
f 2365 2366 2414
f 2365 2414 2413
f 2366 2367 2415
f 2366 2415 2414
f 2367 2368 2416
f 2367 2416 2415
f 2368 2369 2417
f 2368 2417 2416
f 2369 2370 2418
f 2369 2418 2417
f 2370 2371 2419
f 2370 2419 2418
f 2371 2372 2420
f 2371 2420 2419
f 2372 2373 2421
f 2372 2421 2420
f 2373 2374 2422
f 2373 2422 2421
f 2374 2375 2423
f 2374 2423 2422
f 2375 2376 2424
f 2375 2424 2423
f 2376 2377 2425
f 2376 2425 2424
f 2377 2378 2426
f 2377 2426 2425
f 2378 2379 2427
f 2378 2427 2426
f 2379 2380 2428
f 2379 2428 2427
f 2380 2381 2429
f 2380 2429 2428
f 2381 2382 2430
f 2381 2430 2429
f 2382 2383 2431
f 2382 2431 2430
f 2383 2384 2432
f 2383 2432 2431
f 2384 2385 2433
f 2384 2433 2432
f 2385 2386 2434
f 2385 2434 2433
f 2386 2387 2435
f 2386 2435 2434
f 2387 2388 2436
f 2387 2436 2435
f 2388 2389 2437
f 2388 2437 2436
f 2389 2390 2438
f 2389 2438 2437
f 2390 2391 2439
f 2390 2439 2438
f 2391 2392 2440
f 2391 2440 2439
f 2392 2393 2441
f 2392 2441 2440
f 2393 2394 2442
f 2393 2442 2441
f 2394 2395 2443
f 2394 2443 2442
f 2395 2396 2444
f 2395 2444 2443
f 2396 2397 2445
f 2396 2445 2444
f 2397 2398 2446
f 2397 2446 2445
f 2398 2399 2447
f 2398 2447 2446
f 2399 2400 2448
f 2399 2448 2447
f 2402 2401 2449
f 2402 2449 2450
f 2401 2403 2451
f 2401 2451 2449
f 2403 2404 2452
f 2403 2452 2451
f 2404 2405 2453
f 2404 2453 2452
f 2405 2406 2454
f 2405 2454 2453
f 2406 2407 2455
f 2406 2455 2454
f 2407 2408 2456
f 2407 2456 2455
f 2408 2409 2457
f 2408 2457 2456
f 2409 2410 2458
f 2409 2458 2457
f 2410 2411 2459
f 2410 2459 2458
f 2411 2412 2460
f 2411 2460 2459
f 2412 2413 2461
f 2412 2461 2460
f 2413 2414 2462
f 2413 2462 2461
f 2414 2415 2463
f 2414 2463 2462
f 2415 2416 2464
f 2415 2464 2463
f 2416 2417 2465
f 2416 2465 2464
f 2417 2418 2466
f 2417 2466 2465
f 2418 2419 2467
f 2418 2467 2466
f 2419 2420 2468
f 2419 2468 2467
f 2420 2421 2469
f 2420 2469 2468
f 2421 2422 2470
f 2421 2470 2469
f 2422 2423 2471
f 2422 2471 2470
f 2423 2424 2472
f 2423 2472 2471
f 2424 2425 2473
f 2424 2473 2472
f 2425 2426 2474
f 2425 2474 2473
f 2426 2427 2475
f 2426 2475 2474
f 2427 2428 2476
f 2427 2476 2475
f 2428 2429 2477
f 2428 2477 2476
f 2429 2430 2478
f 2429 2478 2477
f 2430 2431 2479
f 2430 2479 2478
f 2431 2432 2480
f 2431 2480 2479
f 2432 2433 2481
f 2432 2481 2480
f 2433 2434 2482
f 2433 2482 2481
f 2434 2435 2483
f 2434 2483 2482
f 2435 2436 2484
f 2435 2484 2483
f 2436 2437 2485
f 2436 2485 2484
f 2437 2438 2486
f 2437 2486 2485
f 2438 2439 2487
f 2438 2487 2486
f 2439 2440 2488
f 2439 2488 2487
f 2440 2441 2489
f 2440 2489 2488
f 2441 2442 2490
f 2441 2490 2489
f 2442 2443 2491
f 2442 2491 2490
f 2443 2444 2492
f 2443 2492 2491
f 2444 2445 2493
f 2444 2493 2492
f 2445 2446 2494
f 2445 2494 2493
f 2446 2447 2495
f 2446 2495 2494
f 2447 2448 2496
f 2447 2496 2495
f 2450 2449 2497
f 2450 2497 2498
f 2449 2451 2499
f 2449 2499 2497
f 2451 2452 2500
f 2451 2500 2499
f 2452 2453 2501
f 2452 2501 2500
f 2453 2454 2502
f 2453 2502 2501
f 2454 2455 2503
f 2454 2503 2502
f 2455 2456 2504
f 2455 2504 2503
f 2456 2457 2505
f 2456 2505 2504
f 2457 2458 2506
f 2457 2506 2505
f 2458 2459 2507
f 2458 2507 2506
f 2459 2460 2508
f 2459 2508 2507
f 2460 2461 2509
f 2460 2509 2508
f 2461 2462 2510
f 2461 2510 2509
f 2462 2463 2511
f 2462 2511 2510
f 2463 2464 2512
f 2463 2512 2511
f 2464 2465 2513
f 2464 2513 2512
f 2465 2466 2514
f 2465 2514 2513
f 2466 2467 2515
f 2466 2515 2514
f 2467 2468 2516
f 2467 2516 2515
f 2468 2469 2517
f 2468 2517 2516
f 2469 2470 2518
f 2469 2518 2517
f 2470 2471 2519
f 2470 2519 2518
f 2471 2472 2520
f 2471 2520 2519
f 2472 2473 2521
f 2472 2521 2520
f 2473 2474 2522
f 2473 2522 2521
f 2474 2475 2523
f 2474 2523 2522
f 2475 2476 2524
f 2475 2524 2523
f 2476 2477 2525
f 2476 2525 2524
f 2477 2478 2526
f 2477 2526 2525
f 2478 2479 2527
f 2478 2527 2526
f 2479 2480 2528
f 2479 2528 2527
f 2480 2481 2529
f 2480 2529 2528
f 2481 2482 2530
f 2481 2530 2529
f 2482 2483 2531
f 2482 2531 2530
f 2483 2484 2532
f 2483 2532 2531
f 2484 2485 2533
f 2484 2533 2532
f 2485 2486 2534
f 2485 2534 2533
f 2486 2487 2535
f 2486 2535 2534
f 2487 2488 2536
f 2487 2536 2535
f 2488 2489 2537
f 2488 2537 2536
f 2489 2490 2538
f 2489 2538 2537
f 2490 2491 2539
f 2490 2539 2538
f 2491 2492 2540
f 2491 2540 2539
f 2492 2493 2541
f 2492 2541 2540
f 2493 2494 2542
f 2493 2542 2541
f 2494 2495 2543
f 2494 2543 2542
f 2495 2496 2544
f 2495 2544 2543
f 2498 2497 2545
f 2498 2545 2546
f 2497 2499 2547
f 2497 2547 2545
f 2499 2500 2548
f 2499 2548 2547
f 2500 2501 2549
f 2500 2549 2548
f 2501 2502 2550
f 2501 2550 2549
f 2502 2503 2551
f 2502 2551 2550
f 2503 2504 2552
f 2503 2552 2551
f 2504 2505 2553
f 2504 2553 2552
f 2505 2506 2554
f 2505 2554 2553
f 2506 2507 2555
f 2506 2555 2554
f 2507 2508 2556
f 2507 2556 2555
f 2508 2509 2557
f 2508 2557 2556
f 2509 2510 2558
f 2509 2558 2557
f 2510 2511 2559
f 2510 2559 2558
f 2511 2512 2560
f 2511 2560 2559
f 2512 2513 2561
f 2512 2561 2560
f 2513 2514 2562
f 2513 2562 2561
f 2514 2515 2563
f 2514 2563 2562
f 2515 2516 2564
f 2515 2564 2563
f 2516 2517 2565
f 2516 2565 2564
f 2517 2518 2566
f 2517 2566 2565
f 2518 2519 2567
f 2518 2567 2566
f 2519 2520 2568
f 2519 2568 2567
f 2520 2521 2569
f 2520 2569 2568
f 2521 2522 2570
f 2521 2570 2569
f 2522 2523 2571
f 2522 2571 2570
f 2523 2524 2572
f 2523 2572 2571
f 2524 2525 2573
f 2524 2573 2572
f 2525 2526 2574
f 2525 2574 2573
f 2526 2527 2575
f 2526 2575 2574
f 2527 2528 2576
f 2527 2576 2575
f 2528 2529 2577
f 2528 2577 2576
f 2529 2530 2578
f 2529 2578 2577
f 2530 2531 2579
f 2530 2579 2578
f 2531 2532 2580
f 2531 2580 2579
f 2532 2533 2581
f 2532 2581 2580
f 2533 2534 2582
f 2533 2582 2581
f 2534 2535 2583
f 2534 2583 2582
f 2535 2536 2584
f 2535 2584 2583
f 2536 2537 2585
f 2536 2585 2584
f 2537 2538 2586
f 2537 2586 2585
f 2538 2539 2587
f 2538 2587 2586
f 2539 2540 2588
f 2539 2588 2587
f 2540 2541 2589
f 2540 2589 2588
f 2541 2542 2590
f 2541 2590 2589
f 2542 2543 2591
f 2542 2591 2590
f 2543 2544 2592
f 2543 2592 2591
f 2546 2545 2593
f 2546 2593 2594
f 2545 2547 2595
f 2545 2595 2593
f 2547 2548 2596
f 2547 2596 2595
f 2548 2549 2597
f 2548 2597 2596
f 2549 2550 2598
f 2549 2598 2597
f 2550 2551 2599
f 2550 2599 2598
f 2551 2552 2600
f 2551 2600 2599
f 2552 2553 2601
f 2552 2601 2600
f 2553 2554 2602
f 2553 2602 2601
f 2554 2555 2603
f 2554 2603 2602
f 2555 2556 2604
f 2555 2604 2603
f 2556 2557 2605
f 2556 2605 2604
f 2557 2558 2606
f 2557 2606 2605
f 2558 2559 2607
f 2558 2607 2606
f 2559 2560 2608
f 2559 2608 2607
f 2560 2561 2609
f 2560 2609 2608
f 2561 2562 2610
f 2561 2610 2609
f 2562 2563 2611
f 2562 2611 2610
f 2563 2564 2612
f 2563 2612 2611
f 2564 2565 2613
f 2564 2613 2612
f 2565 2566 2614
f 2565 2614 2613
f 2566 2567 2615
f 2566 2615 2614
f 2567 2568 2616
f 2567 2616 2615
f 2568 2569 2617
f 2568 2617 2616
f 2569 2570 2618
f 2569 2618 2617
f 2570 2571 2619
f 2570 2619 2618
f 2571 2572 2620
f 2571 2620 2619
f 2572 2573 2621
f 2572 2621 2620
f 2573 2574 2622
f 2573 2622 2621
f 2574 2575 2623
f 2574 2623 2622
f 2575 2576 2624
f 2575 2624 2623
f 2576 2577 2625
f 2576 2625 2624
f 2577 2578 2626
f 2577 2626 2625
f 2578 2579 2627
f 2578 2627 2626
f 2579 2580 2628
f 2579 2628 2627
f 2580 2581 2629
f 2580 2629 2628
f 2581 2582 2630
f 2581 2630 2629
f 2582 2583 2631
f 2582 2631 2630
f 2583 2584 2632
f 2583 2632 2631
f 2584 2585 2633
f 2584 2633 2632
f 2585 2586 2634
f 2585 2634 2633
f 2586 2587 2635
f 2586 2635 2634
f 2587 2588 2636
f 2587 2636 2635
f 2588 2589 2637
f 2588 2637 2636
f 2589 2590 2638
f 2589 2638 2637
f 2590 2591 2639
f 2590 2639 2638
f 2591 2592 2640
f 2591 2640 2639
f 2594 2593 2641
f 2594 2641 2642
f 2593 2595 2643
f 2593 2643 2641
f 2595 2596 2644
f 2595 2644 2643
f 2596 2597 2645
f 2596 2645 2644
f 2597 2598 2646
f 2597 2646 2645
f 2598 2599 2647
f 2598 2647 2646
f 2599 2600 2648
f 2599 2648 2647
f 2600 2601 2649
f 2600 2649 2648
f 2601 2602 2650
f 2601 2650 2649
f 2602 2603 2651
f 2602 2651 2650
f 2603 2604 2652
f 2603 2652 2651
f 2604 2605 2653
f 2604 2653 2652
f 2605 2606 2654
f 2605 2654 2653
f 2606 2607 2655
f 2606 2655 2654
f 2607 2608 2656
f 2607 2656 2655
f 2608 2609 2657
f 2608 2657 2656
f 2609 2610 2658
f 2609 2658 2657
f 2610 2611 2659
f 2610 2659 2658
f 2611 2612 2660
f 2611 2660 2659
f 2612 2613 2661
f 2612 2661 2660
f 2613 2614 2662
f 2613 2662 2661
f 2614 2615 2663
f 2614 2663 2662
f 2615 2616 2664
f 2615 2664 2663
f 2616 2617 2665
f 2616 2665 2664
f 2617 2618 2666
f 2617 2666 2665
f 2618 2619 2667
f 2618 2667 2666
f 2619 2620 2668
f 2619 2668 2667
f 2620 2621 2669
f 2620 2669 2668
f 2621 2622 2670
f 2621 2670 2669
f 2622 2623 2671
f 2622 2671 2670
f 2623 2624 2672
f 2623 2672 2671
f 2624 2625 2673
f 2624 2673 2672
f 2625 2626 2674
f 2625 2674 2673
f 2626 2627 2675
f 2626 2675 2674
f 2627 2628 2676
f 2627 2676 2675
f 2628 2629 2677
f 2628 2677 2676
f 2629 2630 2678
f 2629 2678 2677
f 2630 2631 2679
f 2630 2679 2678
f 2631 2632 2680
f 2631 2680 2679
f 2632 2633 2681
f 2632 2681 2680
f 2633 2634 2682
f 2633 2682 2681
f 2634 2635 2683
f 2634 2683 2682
f 2635 2636 2684
f 2635 2684 2683
f 2636 2637 2685
f 2636 2685 2684
f 2637 2638 2686
f 2637 2686 2685
f 2638 2639 2687
f 2638 2687 2686
f 2639 2640 2688
f 2639 2688 2687
f 1 2689 2690
f 1 2690 4
f 4 2690 2691
f 4 2691 98
f 98 2691 2692
f 98 2692 146
f 146 2692 2693
f 146 2693 194
f 194 2693 2694
f 194 2694 242
f 242 2694 2695
f 242 2695 290
f 290 2695 2696
f 290 2696 338
f 338 2696 2697
f 338 2697 386
f 386 2697 2698
f 386 2698 434
f 434 2698 2699
f 434 2699 482
f 482 2699 2700
f 482 2700 530
f 530 2700 2701
f 530 2701 578
f 578 2701 2702
f 578 2702 626
f 626 2702 2703
f 626 2703 674
f 674 2703 2704
f 674 2704 722
f 722 2704 2705
f 722 2705 770
f 770 2705 2706
f 770 2706 818
f 818 2706 2707
f 818 2707 866
f 866 2707 2708
f 866 2708 914
f 914 2708 2709
f 914 2709 962
f 962 2709 2710
f 962 2710 1010
f 1010 2710 2711
f 1010 2711 1058
f 1058 2711 2712
f 1058 2712 1106
f 1106 2712 2713
f 1106 2713 1154
f 1154 2713 2714
f 1154 2714 1202
f 1202 2714 2715
f 1202 2715 1250
f 1250 2715 2716
f 1250 2716 1298
f 2689 2717 2718
f 2689 2718 2690
f 2690 2718 2719
f 2690 2719 2691
f 2691 2719 2720
f 2691 2720 2692
f 2692 2720 2721
f 2692 2721 2693
f 2693 2721 2722
f 2693 2722 2694
f 2694 2722 2723
f 2694 2723 2695
f 2695 2723 2724
f 2695 2724 2696
f 2696 2724 2725
f 2696 2725 2697
f 2697 2725 2726
f 2697 2726 2698
f 2698 2726 2727
f 2698 2727 2699
f 2699 2727 2728
f 2699 2728 2700
f 2700 2728 2729
f 2700 2729 2701
f 2701 2729 2730
f 2701 2730 2702
f 2702 2730 2731
f 2702 2731 2703
f 2703 2731 2732
f 2703 2732 2704
f 2704 2732 2733
f 2704 2733 2705
f 2705 2733 2734
f 2705 2734 2706
f 2706 2734 2735
f 2706 2735 2707
f 2707 2735 2736
f 2707 2736 2708
f 2708 2736 2737
f 2708 2737 2709
f 2709 2737 2738
f 2709 2738 2710
f 2710 2738 2739
f 2710 2739 2711
f 2711 2739 2740
f 2711 2740 2712
f 2712 2740 2741
f 2712 2741 2713
f 2713 2741 2742
f 2713 2742 2714
f 2714 2742 2743
f 2714 2743 2715
f 2715 2743 2744
f 2715 2744 2716
f 2717 2745 2746
f 2717 2746 2718
f 2718 2746 2747
f 2718 2747 2719
f 2719 2747 2748
f 2719 2748 2720
f 2720 2748 2749
f 2720 2749 2721
f 2721 2749 2750
f 2721 2750 2722
f 2722 2750 2751
f 2722 2751 2723
f 2723 2751 2752
f 2723 2752 2724
f 2724 2752 2753
f 2724 2753 2725
f 2725 2753 2754
f 2725 2754 2726
f 2726 2754 2755
f 2726 2755 2727
f 2727 2755 2756
f 2727 2756 2728
f 2728 2756 2757
f 2728 2757 2729
f 2729 2757 2758
f 2729 2758 2730
f 2730 2758 2759
f 2730 2759 2731
f 2731 2759 2760
f 2731 2760 2732
f 2732 2760 2761
f 2732 2761 2733
f 2733 2761 2762
f 2733 2762 2734
f 2734 2762 2763
f 2734 2763 2735
f 2735 2763 2764
f 2735 2764 2736
f 2736 2764 2765
f 2736 2765 2737
f 2737 2765 2766
f 2737 2766 2738
f 2738 2766 2767
f 2738 2767 2739
f 2739 2767 2768
f 2739 2768 2740
f 2740 2768 2769
f 2740 2769 2741
f 2741 2769 2770
f 2741 2770 2742
f 2742 2770 2771
f 2742 2771 2743
f 2743 2771 2772
f 2743 2772 2744
f 2745 2773 2774
f 2745 2774 2746
f 2746 2774 2775
f 2746 2775 2747
f 2747 2775 2776
f 2747 2776 2748
f 2748 2776 2777
f 2748 2777 2749
f 2749 2777 2778
f 2749 2778 2750
f 2750 2778 2779
f 2750 2779 2751
f 2751 2779 2780
f 2751 2780 2752
f 2752 2780 2781
f 2752 2781 2753
f 2753 2781 2782
f 2753 2782 2754
f 2754 2782 2783
f 2754 2783 2755
f 2755 2783 2784
f 2755 2784 2756
f 2756 2784 2785
f 2756 2785 2757
f 2757 2785 2786
f 2757 2786 2758
f 2758 2786 2787
f 2758 2787 2759
f 2759 2787 2788
f 2759 2788 2760
f 2760 2788 2789
f 2760 2789 2761
f 2761 2789 2790
f 2761 2790 2762
f 2762 2790 2791
f 2762 2791 2763
f 2763 2791 2792
f 2763 2792 2764
f 2764 2792 2793
f 2764 2793 2765
f 2765 2793 2794
f 2765 2794 2766
f 2766 2794 2795
f 2766 2795 2767
f 2767 2795 2796
f 2767 2796 2768
f 2768 2796 2797
f 2768 2797 2769
f 2769 2797 2798
f 2769 2798 2770
f 2770 2798 2799
f 2770 2799 2771
f 2771 2799 2800
f 2771 2800 2772
f 2773 2801 2802
f 2773 2802 2774
f 2774 2802 2803
f 2774 2803 2775
f 2775 2803 2804
f 2775 2804 2776
f 2776 2804 2805
f 2776 2805 2777
f 2777 2805 2806
f 2777 2806 2778
f 2778 2806 2807
f 2778 2807 2779
f 2779 2807 2808
f 2779 2808 2780
f 2780 2808 2809
f 2780 2809 2781
f 2781 2809 2810
f 2781 2810 2782
f 2782 2810 2811
f 2782 2811 2783
f 2783 2811 2812
f 2783 2812 2784
f 2784 2812 2813
f 2784 2813 2785
f 2785 2813 2814
f 2785 2814 2786
f 2786 2814 2815
f 2786 2815 2787
f 2787 2815 2816
f 2787 2816 2788
f 2788 2816 2817
f 2788 2817 2789
f 2789 2817 2818
f 2789 2818 2790
f 2790 2818 2819
f 2790 2819 2791
f 2791 2819 2820
f 2791 2820 2792
f 2792 2820 2821
f 2792 2821 2793
f 2793 2821 2822
f 2793 2822 2794
f 2794 2822 2823
f 2794 2823 2795
f 2795 2823 2824
f 2795 2824 2796
f 2796 2824 2825
f 2796 2825 2797
f 2797 2825 2826
f 2797 2826 2798
f 2798 2826 2827
f 2798 2827 2799
f 2799 2827 2828
f 2799 2828 2800
f 2801 2829 2830
f 2801 2830 2802
f 2802 2830 2831
f 2802 2831 2803
f 2803 2831 2832
f 2803 2832 2804
f 2804 2832 2833
f 2804 2833 2805
f 2805 2833 2834
f 2805 2834 2806
f 2806 2834 2835
f 2806 2835 2807
f 2807 2835 2836
f 2807 2836 2808
f 2808 2836 2837
f 2808 2837 2809
f 2809 2837 2838
f 2809 2838 2810
f 2810 2838 2839
f 2810 2839 2811
f 2811 2839 2840
f 2811 2840 2812
f 2812 2840 2841
f 2812 2841 2813
f 2813 2841 2842
f 2813 2842 2814
f 2814 2842 2843
f 2814 2843 2815
f 2815 2843 2844
f 2815 2844 2816
f 2816 2844 2845
f 2816 2845 2817
f 2817 2845 2846
f 2817 2846 2818
f 2818 2846 2847
f 2818 2847 2819
f 2819 2847 2848
f 2819 2848 2820
f 2820 2848 2849
f 2820 2849 2821
f 2821 2849 2850
f 2821 2850 2822
f 2822 2850 2851
f 2822 2851 2823
f 2823 2851 2852
f 2823 2852 2824
f 2824 2852 2853
f 2824 2853 2825
f 2825 2853 2854
f 2825 2854 2826
f 2826 2854 2855
f 2826 2855 2827
f 2827 2855 2856
f 2827 2856 2828
f 2829 2857 2858
f 2829 2858 2830
f 2830 2858 2859
f 2830 2859 2831
f 2831 2859 2860
f 2831 2860 2832
f 2832 2860 2861
f 2832 2861 2833
f 2833 2861 2862
f 2833 2862 2834
f 2834 2862 2863
f 2834 2863 2835
f 2835 2863 2864
f 2835 2864 2836
f 2836 2864 2865
f 2836 2865 2837
f 2837 2865 2866
f 2837 2866 2838
f 2838 2866 2867
f 2838 2867 2839
f 2839 2867 2868
f 2839 2868 2840
f 2840 2868 2869
f 2840 2869 2841
f 2841 2869 2870
f 2841 2870 2842
f 2842 2870 2871
f 2842 2871 2843
f 2843 2871 2872
f 2843 2872 2844
f 2844 2872 2873
f 2844 2873 2845
f 2845 2873 2874
f 2845 2874 2846
f 2846 2874 2875
f 2846 2875 2847
f 2847 2875 2876
f 2847 2876 2848
f 2848 2876 2877
f 2848 2877 2849
f 2849 2877 2878
f 2849 2878 2850
f 2850 2878 2879
f 2850 2879 2851
f 2851 2879 2880
f 2851 2880 2852
f 2852 2880 2881
f 2852 2881 2853
f 2853 2881 2882
f 2853 2882 2854
f 2854 2882 2883
f 2854 2883 2855
f 2855 2883 2884
f 2855 2884 2856
f 2857 2885 2886
f 2857 2886 2858
f 2858 2886 2887
f 2858 2887 2859
f 2859 2887 2888
f 2859 2888 2860
f 2860 2888 2889
f 2860 2889 2861
f 2861 2889 2890
f 2861 2890 2862
f 2862 2890 2891
f 2862 2891 2863
f 2863 2891 2892
f 2863 2892 2864
f 2864 2892 2893
f 2864 2893 2865
f 2865 2893 2894
f 2865 2894 2866
f 2866 2894 2895
f 2866 2895 2867
f 2867 2895 2896
f 2867 2896 2868
f 2868 2896 2897
f 2868 2897 2869
f 2869 2897 2898
f 2869 2898 2870
f 2870 2898 2899
f 2870 2899 2871
f 2871 2899 2900
f 2871 2900 2872
f 2872 2900 2901
f 2872 2901 2873
f 2873 2901 2902
f 2873 2902 2874
f 2874 2902 2903
f 2874 2903 2875
f 2875 2903 2904
f 2875 2904 2876
f 2876 2904 2905
f 2876 2905 2877
f 2877 2905 2906
f 2877 2906 2878
f 2878 2906 2907
f 2878 2907 2879
f 2879 2907 2908
f 2879 2908 2880
f 2880 2908 2909
f 2880 2909 2881
f 2881 2909 2910
f 2881 2910 2882
f 2882 2910 2911
f 2882 2911 2883
f 2883 2911 2912
f 2883 2912 2884
f 2885 2913 2914
f 2885 2914 2886
f 2886 2914 2915
f 2886 2915 2887
f 2887 2915 2916
f 2887 2916 2888
f 2888 2916 2917
f 2888 2917 2889
f 2889 2917 2918
f 2889 2918 2890
f 2890 2918 2919
f 2890 2919 2891
f 2891 2919 2920
f 2891 2920 2892
f 2892 2920 2921
f 2892 2921 2893
f 2893 2921 2922
f 2893 2922 2894
f 2894 2922 2923
f 2894 2923 2895
f 2895 2923 2924
f 2895 2924 2896
f 2896 2924 2925
f 2896 2925 2897
f 2897 2925 2926
f 2897 2926 2898
f 2898 2926 2927
f 2898 2927 2899
f 2899 2927 2928
f 2899 2928 2900
f 2900 2928 2929
f 2900 2929 2901
f 2901 2929 2930
f 2901 2930 2902
f 2902 2930 2931
f 2902 2931 2903
f 2903 2931 2932
f 2903 2932 2904
f 2904 2932 2933
f 2904 2933 2905
f 2905 2933 2934
f 2905 2934 2906
f 2906 2934 2935
f 2906 2935 2907
f 2907 2935 2936
f 2907 2936 2908
f 2908 2936 2937
f 2908 2937 2909
f 2909 2937 2938
f 2909 2938 2910
f 2910 2938 2939
f 2910 2939 2911
f 2911 2939 2940
f 2911 2940 2912
f 2913 2941 2942
f 2913 2942 2914
f 2914 2942 2943
f 2914 2943 2915
f 2915 2943 2944
f 2915 2944 2916
f 2916 2944 2945
f 2916 2945 2917
f 2917 2945 2946
f 2917 2946 2918
f 2918 2946 2947
f 2918 2947 2919
f 2919 2947 2948
f 2919 2948 2920
f 2920 2948 2949
f 2920 2949 2921
f 2921 2949 2950
f 2921 2950 2922
f 2922 2950 2951
f 2922 2951 2923
f 2923 2951 2952
f 2923 2952 2924
f 2924 2952 2953
f 2924 2953 2925
f 2925 2953 2954
f 2925 2954 2926
f 2926 2954 2955
f 2926 2955 2927
f 2927 2955 2956
f 2927 2956 2928
f 2928 2956 2957
f 2928 2957 2929
f 2929 2957 2958
f 2929 2958 2930
f 2930 2958 2959
f 2930 2959 2931
f 2931 2959 2960
f 2931 2960 2932
f 2932 2960 2961
f 2932 2961 2933
f 2933 2961 2962
f 2933 2962 2934
f 2934 2962 2963
f 2934 2963 2935
f 2935 2963 2964
f 2935 2964 2936
f 2936 2964 2965
f 2936 2965 2937
f 2937 2965 2966
f 2937 2966 2938
f 2938 2966 2967
f 2938 2967 2939
f 2939 2967 2968
f 2939 2968 2940
f 2941 2969 2970
f 2941 2970 2942
f 2942 2970 2971
f 2942 2971 2943
f 2943 2971 2972
f 2943 2972 2944
f 2944 2972 2973
f 2944 2973 2945
f 2945 2973 2974
f 2945 2974 2946
f 2946 2974 2975
f 2946 2975 2947
f 2947 2975 2976
f 2947 2976 2948
f 2948 2976 2977
f 2948 2977 2949
f 2949 2977 2978
f 2949 2978 2950
f 2950 2978 2979
f 2950 2979 2951
f 2951 2979 2980
f 2951 2980 2952
f 2952 2980 2981
f 2952 2981 2953
f 2953 2981 2982
f 2953 2982 2954
f 2954 2982 2983
f 2954 2983 2955
f 2955 2983 2984
f 2955 2984 2956
f 2956 2984 2985
f 2956 2985 2957
f 2957 2985 2986
f 2957 2986 2958
f 2958 2986 2987
f 2958 2987 2959
f 2959 2987 2988
f 2959 2988 2960
f 2960 2988 2989
f 2960 2989 2961
f 2961 2989 2990
f 2961 2990 2962
f 2962 2990 2991
f 2962 2991 2963
f 2963 2991 2992
f 2963 2992 2964
f 2964 2992 2993
f 2964 2993 2965
f 2965 2993 2994
f 2965 2994 2966
f 2966 2994 2995
f 2966 2995 2967
f 2967 2995 2996
f 2967 2996 2968
f 2969 2997 2998
f 2969 2998 2970
f 2970 2998 2999
f 2970 2999 2971
f 2971 2999 3000
f 2971 3000 2972
f 2972 3000 3001
f 2972 3001 2973
f 2973 3001 3002
f 2973 3002 2974
f 2974 3002 3003
f 2974 3003 2975
f 2975 3003 3004
f 2975 3004 2976
f 2976 3004 3005
f 2976 3005 2977
f 2977 3005 3006
f 2977 3006 2978
f 2978 3006 3007
f 2978 3007 2979
f 2979 3007 3008
f 2979 3008 2980
f 2980 3008 3009
f 2980 3009 2981
f 2981 3009 3010
f 2981 3010 2982
f 2982 3010 3011
f 2982 3011 2983
f 2983 3011 3012
f 2983 3012 2984
f 2984 3012 3013
f 2984 3013 2985
f 2985 3013 3014
f 2985 3014 2986
f 2986 3014 3015
f 2986 3015 2987
f 2987 3015 3016
f 2987 3016 2988
f 2988 3016 3017
f 2988 3017 2989
f 2989 3017 3018
f 2989 3018 2990
f 2990 3018 3019
f 2990 3019 2991
f 2991 3019 3020
f 2991 3020 2992
f 2992 3020 3021
f 2992 3021 2993
f 2993 3021 3022
f 2993 3022 2994
f 2994 3022 3023
f 2994 3023 2995
f 2995 3023 3024
f 2995 3024 2996
f 2997 1345 1348
f 2997 1348 2998
f 2998 1348 1442
f 2998 1442 2999
f 2999 1442 1490
f 2999 1490 3000
f 3000 1490 1538
f 3000 1538 3001
f 3001 1538 1586
f 3001 1586 3002
f 3002 1586 1634
f 3002 1634 3003
f 3003 1634 1682
f 3003 1682 3004
f 3004 1682 1730
f 3004 1730 3005
f 3005 1730 1778
f 3005 1778 3006
f 3006 1778 1826
f 3006 1826 3007
f 3007 1826 1874
f 3007 1874 3008
f 3008 1874 1922
f 3008 1922 3009
f 3009 1922 1970
f 3009 1970 3010
f 3010 1970 2018
f 3010 2018 3011
f 3011 2018 2066
f 3011 2066 3012
f 3012 2066 2114
f 3012 2114 3013
f 3013 2114 2162
f 3013 2162 3014
f 3014 2162 2210
f 3014 2210 3015
f 3015 2210 2258
f 3015 2258 3016
f 3016 2258 2306
f 3016 2306 3017
f 3017 2306 2354
f 3017 2354 3018
f 3018 2354 2402
f 3018 2402 3019
f 3019 2402 2450
f 3019 2450 3020
f 3020 2450 2498
f 3020 2498 3021
f 3021 2498 2546
f 3021 2546 3022
f 3022 2546 2594
f 3022 2594 3023
f 3023 2594 2642
f 3023 2642 3024
f 95 3026 3025
f 95 96 3026
f 96 3027 3026
f 96 144 3027
f 144 3028 3027
f 144 192 3028
f 192 3029 3028
f 192 240 3029
f 240 3030 3029
f 240 288 3030
f 288 3031 3030
f 288 336 3031
f 336 3032 3031
f 336 384 3032
f 384 3033 3032
f 384 432 3033
f 432 3034 3033
f 432 480 3034
f 480 3035 3034
f 480 528 3035
f 528 3036 3035
f 528 576 3036
f 576 3037 3036
f 576 624 3037
f 624 3038 3037
f 624 672 3038
f 672 3039 3038
f 672 720 3039
f 720 3040 3039
f 720 768 3040
f 768 3041 3040
f 768 816 3041
f 816 3042 3041
f 816 864 3042
f 864 3043 3042
f 864 912 3043
f 912 3044 3043
f 912 960 3044
f 960 3045 3044
f 960 1008 3045
f 1008 3046 3045
f 1008 1056 3046
f 1056 3047 3046
f 1056 1104 3047
f 1104 3048 3047
f 1104 1152 3048
f 1152 3049 3048
f 1152 1200 3049
f 1200 3050 3049
f 1200 1248 3050
f 1248 3051 3050
f 1248 1296 3051
f 1296 3052 3051
f 1296 1344 3052
f 3025 3054 3053
f 3025 3026 3054
f 3026 3055 3054
f 3026 3027 3055
f 3027 3056 3055
f 3027 3028 3056
f 3028 3057 3056
f 3028 3029 3057
f 3029 3058 3057
f 3029 3030 3058
f 3030 3059 3058
f 3030 3031 3059
f 3031 3060 3059
f 3031 3032 3060
f 3032 3061 3060
f 3032 3033 3061
f 3033 3062 3061
f 3033 3034 3062
f 3034 3063 3062
f 3034 3035 3063
f 3035 3064 3063
f 3035 3036 3064
f 3036 3065 3064
f 3036 3037 3065
f 3037 3066 3065
f 3037 3038 3066
f 3038 3067 3066
f 3038 3039 3067
f 3039 3068 3067
f 3039 3040 3068
f 3040 3069 3068
f 3040 3041 3069
f 3041 3070 3069
f 3041 3042 3070
f 3042 3071 3070
f 3042 3043 3071
f 3043 3072 3071
f 3043 3044 3072
f 3044 3073 3072
f 3044 3045 3073
f 3045 3074 3073
f 3045 3046 3074
f 3046 3075 3074
f 3046 3047 3075
f 3047 3076 3075
f 3047 3048 3076
f 3048 3077 3076
f 3048 3049 3077
f 3049 3078 3077
f 3049 3050 3078
f 3050 3079 3078
f 3050 3051 3079
f 3051 3080 3079
f 3051 3052 3080
f 3053 3082 3081
f 3053 3054 3082
f 3054 3083 3082
f 3054 3055 3083
f 3055 3084 3083
f 3055 3056 3084
f 3056 3085 3084
f 3056 3057 3085
f 3057 3086 3085
f 3057 3058 3086
f 3058 3087 3086
f 3058 3059 3087
f 3059 3088 3087
f 3059 3060 3088
f 3060 3089 3088
f 3060 3061 3089
f 3061 3090 3089
f 3061 3062 3090
f 3062 3091 3090
f 3062 3063 3091
f 3063 3092 3091
f 3063 3064 3092
f 3064 3093 3092
f 3064 3065 3093
f 3065 3094 3093
f 3065 3066 3094
f 3066 3095 3094
f 3066 3067 3095
f 3067 3096 3095
f 3067 3068 3096
f 3068 3097 3096
f 3068 3069 3097
f 3069 3098 3097
f 3069 3070 3098
f 3070 3099 3098
f 3070 3071 3099
f 3071 3100 3099
f 3071 3072 3100
f 3072 3101 3100
f 3072 3073 3101
f 3073 3102 3101
f 3073 3074 3102
f 3074 3103 3102
f 3074 3075 3103
f 3075 3104 3103
f 3075 3076 3104
f 3076 3105 3104
f 3076 3077 3105
f 3077 3106 3105
f 3077 3078 3106
f 3078 3107 3106
f 3078 3079 3107
f 3079 3108 3107
f 3079 3080 3108
f 3081 3110 3109
f 3081 3082 3110
f 3082 3111 3110
f 3082 3083 3111
f 3083 3112 3111
f 3083 3084 3112
f 3084 3113 3112
f 3084 3085 3113
f 3085 3114 3113
f 3085 3086 3114
f 3086 3115 3114
f 3086 3087 3115
f 3087 3116 3115
f 3087 3088 3116
f 3088 3117 3116
f 3088 3089 3117
f 3089 3118 3117
f 3089 3090 3118
f 3090 3119 3118
f 3090 3091 3119
f 3091 3120 3119
f 3091 3092 3120
f 3092 3121 3120
f 3092 3093 3121
f 3093 3122 3121
f 3093 3094 3122
f 3094 3123 3122
f 3094 3095 3123
f 3095 3124 3123
f 3095 3096 3124
f 3096 3125 3124
f 3096 3097 3125
f 3097 3126 3125
f 3097 3098 3126
f 3098 3127 3126
f 3098 3099 3127
f 3099 3128 3127
f 3099 3100 3128
f 3100 3129 3128
f 3100 3101 3129
f 3101 3130 3129
f 3101 3102 3130
f 3102 3131 3130
f 3102 3103 3131
f 3103 3132 3131
f 3103 3104 3132
f 3104 3133 3132
f 3104 3105 3133
f 3105 3134 3133
f 3105 3106 3134
f 3106 3135 3134
f 3106 3107 3135
f 3107 3136 3135
f 3107 3108 3136
f 3109 3138 3137
f 3109 3110 3138
f 3110 3139 3138
f 3110 3111 3139
f 3111 3140 3139
f 3111 3112 3140
f 3112 3141 3140
f 3112 3113 3141
f 3113 3142 3141
f 3113 3114 3142
f 3114 3143 3142
f 3114 3115 3143
f 3115 3144 3143
f 3115 3116 3144
f 3116 3145 3144
f 3116 3117 3145
f 3117 3146 3145
f 3117 3118 3146
f 3118 3147 3146
f 3118 3119 3147
f 3119 3148 3147
f 3119 3120 3148
f 3120 3149 3148
f 3120 3121 3149
f 3121 3150 3149
f 3121 3122 3150
f 3122 3151 3150
f 3122 3123 3151
f 3123 3152 3151
f 3123 3124 3152
f 3124 3153 3152
f 3124 3125 3153
f 3125 3154 3153
f 3125 3126 3154
f 3126 3155 3154
f 3126 3127 3155
f 3127 3156 3155
f 3127 3128 3156
f 3128 3157 3156
f 3128 3129 3157
f 3129 3158 3157
f 3129 3130 3158
f 3130 3159 3158
f 3130 3131 3159
f 3131 3160 3159
f 3131 3132 3160
f 3132 3161 3160
f 3132 3133 3161
f 3133 3162 3161
f 3133 3134 3162
f 3134 3163 3162
f 3134 3135 3163
f 3135 3164 3163
f 3135 3136 3164
f 3137 3166 3165
f 3137 3138 3166
f 3138 3167 3166
f 3138 3139 3167
f 3139 3168 3167
f 3139 3140 3168
f 3140 3169 3168
f 3140 3141 3169
f 3141 3170 3169
f 3141 3142 3170
f 3142 3171 3170
f 3142 3143 3171
f 3143 3172 3171
f 3143 3144 3172
f 3144 3173 3172
f 3144 3145 3173
f 3145 3174 3173
f 3145 3146 3174
f 3146 3175 3174
f 3146 3147 3175
f 3147 3176 3175
f 3147 3148 3176
f 3148 3177 3176
f 3148 3149 3177
f 3149 3178 3177
f 3149 3150 3178
f 3150 3179 3178
f 3150 3151 3179
f 3151 3180 3179
f 3151 3152 3180
f 3152 3181 3180
f 3152 3153 3181
f 3153 3182 3181
f 3153 3154 3182
f 3154 3183 3182
f 3154 3155 3183
f 3155 3184 3183
f 3155 3156 3184
f 3156 3185 3184
f 3156 3157 3185
f 3157 3186 3185
f 3157 3158 3186
f 3158 3187 3186
f 3158 3159 3187
f 3159 3188 3187
f 3159 3160 3188
f 3160 3189 3188
f 3160 3161 3189
f 3161 3190 3189
f 3161 3162 3190
f 3162 3191 3190
f 3162 3163 3191
f 3163 3192 3191
f 3163 3164 3192
f 3165 3194 3193
f 3165 3166 3194
f 3166 3195 3194
f 3166 3167 3195
f 3167 3196 3195
f 3167 3168 3196
f 3168 3197 3196
f 3168 3169 3197
f 3169 3198 3197
f 3169 3170 3198
f 3170 3199 3198
f 3170 3171 3199
f 3171 3200 3199
f 3171 3172 3200
f 3172 3201 3200
f 3172 3173 3201
f 3173 3202 3201
f 3173 3174 3202
f 3174 3203 3202
f 3174 3175 3203
f 3175 3204 3203
f 3175 3176 3204
f 3176 3205 3204
f 3176 3177 3205
f 3177 3206 3205
f 3177 3178 3206
f 3178 3207 3206
f 3178 3179 3207
f 3179 3208 3207
f 3179 3180 3208
f 3180 3209 3208
f 3180 3181 3209
f 3181 3210 3209
f 3181 3182 3210
f 3182 3211 3210
f 3182 3183 3211
f 3183 3212 3211
f 3183 3184 3212
f 3184 3213 3212
f 3184 3185 3213
f 3185 3214 3213
f 3185 3186 3214
f 3186 3215 3214
f 3186 3187 3215
f 3187 3216 3215
f 3187 3188 3216
f 3188 3217 3216
f 3188 3189 3217
f 3189 3218 3217
f 3189 3190 3218
f 3190 3219 3218
f 3190 3191 3219
f 3191 3220 3219
f 3191 3192 3220
f 3193 3222 3221
f 3193 3194 3222
f 3194 3223 3222
f 3194 3195 3223
f 3195 3224 3223
f 3195 3196 3224
f 3196 3225 3224
f 3196 3197 3225
f 3197 3226 3225
f 3197 3198 3226
f 3198 3227 3226
f 3198 3199 3227
f 3199 3228 3227
f 3199 3200 3228
f 3200 3229 3228
f 3200 3201 3229
f 3201 3230 3229
f 3201 3202 3230
f 3202 3231 3230
f 3202 3203 3231
f 3203 3232 3231
f 3203 3204 3232
f 3204 3233 3232
f 3204 3205 3233
f 3205 3234 3233
f 3205 3206 3234
f 3206 3235 3234
f 3206 3207 3235
f 3207 3236 3235
f 3207 3208 3236
f 3208 3237 3236
f 3208 3209 3237
f 3209 3238 3237
f 3209 3210 3238
f 3210 3239 3238
f 3210 3211 3239
f 3211 3240 3239
f 3211 3212 3240
f 3212 3241 3240
f 3212 3213 3241
f 3213 3242 3241
f 3213 3214 3242
f 3214 3243 3242
f 3214 3215 3243
f 3215 3244 3243
f 3215 3216 3244
f 3216 3245 3244
f 3216 3217 3245
f 3217 3246 3245
f 3217 3218 3246
f 3218 3247 3246
f 3218 3219 3247
f 3219 3248 3247
f 3219 3220 3248
f 3221 3250 3249
f 3221 3222 3250
f 3222 3251 3250
f 3222 3223 3251
f 3223 3252 3251
f 3223 3224 3252
f 3224 3253 3252
f 3224 3225 3253
f 3225 3254 3253
f 3225 3226 3254
f 3226 3255 3254
f 3226 3227 3255
f 3227 3256 3255
f 3227 3228 3256
f 3228 3257 3256
f 3228 3229 3257
f 3229 3258 3257
f 3229 3230 3258
f 3230 3259 3258
f 3230 3231 3259
f 3231 3260 3259
f 3231 3232 3260
f 3232 3261 3260
f 3232 3233 3261
f 3233 3262 3261
f 3233 3234 3262
f 3234 3263 3262
f 3234 3235 3263
f 3235 3264 3263
f 3235 3236 3264
f 3236 3265 3264
f 3236 3237 3265
f 3237 3266 3265
f 3237 3238 3266
f 3238 3267 3266
f 3238 3239 3267
f 3239 3268 3267
f 3239 3240 3268
f 3240 3269 3268
f 3240 3241 3269
f 3241 3270 3269
f 3241 3242 3270
f 3242 3271 3270
f 3242 3243 3271
f 3243 3272 3271
f 3243 3244 3272
f 3244 3273 3272
f 3244 3245 3273
f 3245 3274 3273
f 3245 3246 3274
f 3246 3275 3274
f 3246 3247 3275
f 3247 3276 3275
f 3247 3248 3276
f 3249 3278 3277
f 3249 3250 3278
f 3250 3279 3278
f 3250 3251 3279
f 3251 3280 3279
f 3251 3252 3280
f 3252 3281 3280
f 3252 3253 3281
f 3253 3282 3281
f 3253 3254 3282
f 3254 3283 3282
f 3254 3255 3283
f 3255 3284 3283
f 3255 3256 3284
f 3256 3285 3284
f 3256 3257 3285
f 3257 3286 3285
f 3257 3258 3286
f 3258 3287 3286
f 3258 3259 3287
f 3259 3288 3287
f 3259 3260 3288
f 3260 3289 3288
f 3260 3261 3289
f 3261 3290 3289
f 3261 3262 3290
f 3262 3291 3290
f 3262 3263 3291
f 3263 3292 3291
f 3263 3264 3292
f 3264 3293 3292
f 3264 3265 3293
f 3265 3294 3293
f 3265 3266 3294
f 3266 3295 3294
f 3266 3267 3295
f 3267 3296 3295
f 3267 3268 3296
f 3268 3297 3296
f 3268 3269 3297
f 3269 3298 3297
f 3269 3270 3298
f 3270 3299 3298
f 3270 3271 3299
f 3271 3300 3299
f 3271 3272 3300
f 3272 3301 3300
f 3272 3273 3301
f 3273 3302 3301
f 3273 3274 3302
f 3274 3303 3302
f 3274 3275 3303
f 3275 3304 3303
f 3275 3276 3304
f 3277 3306 3305
f 3277 3278 3306
f 3278 3307 3306
f 3278 3279 3307
f 3279 3308 3307
f 3279 3280 3308
f 3280 3309 3308
f 3280 3281 3309
f 3281 3310 3309
f 3281 3282 3310
f 3282 3311 3310
f 3282 3283 3311
f 3283 3312 3311
f 3283 3284 3312
f 3284 3313 3312
f 3284 3285 3313
f 3285 3314 3313
f 3285 3286 3314
f 3286 3315 3314
f 3286 3287 3315
f 3287 3316 3315
f 3287 3288 3316
f 3288 3317 3316
f 3288 3289 3317
f 3289 3318 3317
f 3289 3290 3318
f 3290 3319 3318
f 3290 3291 3319
f 3291 3320 3319
f 3291 3292 3320
f 3292 3321 3320
f 3292 3293 3321
f 3293 3322 3321
f 3293 3294 3322
f 3294 3323 3322
f 3294 3295 3323
f 3295 3324 3323
f 3295 3296 3324
f 3296 3325 3324
f 3296 3297 3325
f 3297 3326 3325
f 3297 3298 3326
f 3298 3327 3326
f 3298 3299 3327
f 3299 3328 3327
f 3299 3300 3328
f 3300 3329 3328
f 3300 3301 3329
f 3301 3330 3329
f 3301 3302 3330
f 3302 3331 3330
f 3302 3303 3331
f 3303 3332 3331
f 3303 3304 3332
f 3305 3334 3333
f 3305 3306 3334
f 3306 3335 3334
f 3306 3307 3335
f 3307 3336 3335
f 3307 3308 3336
f 3308 3337 3336
f 3308 3309 3337
f 3309 3338 3337
f 3309 3310 3338
f 3310 3339 3338
f 3310 3311 3339
f 3311 3340 3339
f 3311 3312 3340
f 3312 3341 3340
f 3312 3313 3341
f 3313 3342 3341
f 3313 3314 3342
f 3314 3343 3342
f 3314 3315 3343
f 3315 3344 3343
f 3315 3316 3344
f 3316 3345 3344
f 3316 3317 3345
f 3317 3346 3345
f 3317 3318 3346
f 3318 3347 3346
f 3318 3319 3347
f 3319 3348 3347
f 3319 3320 3348
f 3320 3349 3348
f 3320 3321 3349
f 3321 3350 3349
f 3321 3322 3350
f 3322 3351 3350
f 3322 3323 3351
f 3323 3352 3351
f 3323 3324 3352
f 3324 3353 3352
f 3324 3325 3353
f 3325 3354 3353
f 3325 3326 3354
f 3326 3355 3354
f 3326 3327 3355
f 3327 3356 3355
f 3327 3328 3356
f 3328 3357 3356
f 3328 3329 3357
f 3329 3358 3357
f 3329 3330 3358
f 3330 3359 3358
f 3330 3331 3359
f 3331 3360 3359
f 3331 3332 3360
f 3333 1440 1439
f 3333 3334 1440
f 3334 1488 1440
f 3334 3335 1488
f 3335 1536 1488
f 3335 3336 1536
f 3336 1584 1536
f 3336 3337 1584
f 3337 1632 1584
f 3337 3338 1632
f 3338 1680 1632
f 3338 3339 1680
f 3339 1728 1680
f 3339 3340 1728
f 3340 1776 1728
f 3340 3341 1776
f 3341 1824 1776
f 3341 3342 1824
f 3342 1872 1824
f 3342 3343 1872
f 3343 1920 1872
f 3343 3344 1920
f 3344 1968 1920
f 3344 3345 1968
f 3345 2016 1968
f 3345 3346 2016
f 3346 2064 2016
f 3346 3347 2064
f 3347 2112 2064
f 3347 3348 2112
f 3348 2160 2112
f 3348 3349 2160
f 3349 2208 2160
f 3349 3350 2208
f 3350 2256 2208
f 3350 3351 2256
f 3351 2304 2256
f 3351 3352 2304
f 3352 2352 2304
f 3352 3353 2352
f 3353 2400 2352
f 3353 3354 2400
f 3354 2448 2400
f 3354 3355 2448
f 3355 2496 2448
f 3355 3356 2496
f 3356 2544 2496
f 3356 3357 2544
f 3357 2592 2544
f 3357 3358 2592
f 3358 2640 2592
f 3358 3359 2640
f 3359 2688 2640
f 3359 3360 2688
f 1 3361 2689
f 1 2 3361
f 2689 3362 2717
f 2689 3361 3362
f 2717 3363 2745
f 2717 3362 3363
f 2745 3364 2773
f 2745 3363 3364
f 2773 3365 2801
f 2773 3364 3365
f 2801 3366 2829
f 2801 3365 3366
f 2829 3367 2857
f 2829 3366 3367
f 2857 3368 2885
f 2857 3367 3368
f 2885 3369 2913
f 2885 3368 3369
f 2913 3370 2941
f 2913 3369 3370
f 2941 3371 2969
f 2941 3370 3371
f 2969 3372 2997
f 2969 3371 3372
f 2997 1346 1345
f 2997 3372 1346
f 2 3373 3361
f 2 5 3373
f 3361 3374 3362
f 3361 3373 3374
f 3362 3375 3363
f 3362 3374 3375
f 3363 3376 3364
f 3363 3375 3376
f 3364 3377 3365
f 3364 3376 3377
f 3365 3378 3366
f 3365 3377 3378
f 3366 3379 3367
f 3366 3378 3379
f 3367 3380 3368
f 3367 3379 3380
f 3368 3381 3369
f 3368 3380 3381
f 3369 3382 3370
f 3369 3381 3382
f 3370 3383 3371
f 3370 3382 3383
f 3371 3384 3372
f 3371 3383 3384
f 3372 1349 1346
f 3372 3384 1349
f 5 3385 3373
f 5 7 3385
f 3373 3386 3374
f 3373 3385 3386
f 3374 3387 3375
f 3374 3386 3387
f 3375 3388 3376
f 3375 3387 3388
f 3376 3389 3377
f 3376 3388 3389
f 3377 3390 3378
f 3377 3389 3390
f 3378 3391 3379
f 3378 3390 3391
f 3379 3392 3380
f 3379 3391 3392
f 3380 3393 3381
f 3380 3392 3393
f 3381 3394 3382
f 3381 3393 3394
f 3382 3395 3383
f 3382 3394 3395
f 3383 3396 3384
f 3383 3395 3396
f 3384 1351 1349
f 3384 3396 1351
f 7 3397 3385
f 7 9 3397
f 3385 3398 3386
f 3385 3397 3398
f 3386 3399 3387
f 3386 3398 3399
f 3387 3400 3388
f 3387 3399 3400
f 3388 3401 3389
f 3388 3400 3401
f 3389 3402 3390
f 3389 3401 3402
f 3390 3403 3391
f 3390 3402 3403
f 3391 3404 3392
f 3391 3403 3404
f 3392 3405 3393
f 3392 3404 3405
f 3393 3406 3394
f 3393 3405 3406
f 3394 3407 3395
f 3394 3406 3407
f 3395 3408 3396
f 3395 3407 3408
f 3396 1353 1351
f 3396 3408 1353
f 9 3409 3397
f 9 11 3409
f 3397 3410 3398
f 3397 3409 3410
f 3398 3411 3399
f 3398 3410 3411
f 3399 3412 3400
f 3399 3411 3412
f 3400 3413 3401
f 3400 3412 3413
f 3401 3414 3402
f 3401 3413 3414
f 3402 3415 3403
f 3402 3414 3415
f 3403 3416 3404
f 3403 3415 3416
f 3404 3417 3405
f 3404 3416 3417
f 3405 3418 3406
f 3405 3417 3418
f 3406 3419 3407
f 3406 3418 3419
f 3407 3420 3408
f 3407 3419 3420
f 3408 1355 1353
f 3408 3420 1355
f 11 3421 3409
f 11 13 3421
f 3409 3422 3410
f 3409 3421 3422
f 3410 3423 3411
f 3410 3422 3423
f 3411 3424 3412
f 3411 3423 3424
f 3412 3425 3413
f 3412 3424 3425
f 3413 3426 3414
f 3413 3425 3426
f 3414 3427 3415
f 3414 3426 3427
f 3415 3428 3416
f 3415 3427 3428
f 3416 3429 3417
f 3416 3428 3429
f 3417 3430 3418
f 3417 3429 3430
f 3418 3431 3419
f 3418 3430 3431
f 3419 3432 3420
f 3419 3431 3432
f 3420 1357 1355
f 3420 3432 1357
f 13 3433 3421
f 13 15 3433
f 3421 3434 3422
f 3421 3433 3434
f 3422 3435 3423
f 3422 3434 3435
f 3423 3436 3424
f 3423 3435 3436
f 3424 3437 3425
f 3424 3436 3437
f 3425 3438 3426
f 3425 3437 3438
f 3426 3439 3427
f 3426 3438 3439
f 3427 3440 3428
f 3427 3439 3440
f 3428 3441 3429
f 3428 3440 3441
f 3429 3442 3430
f 3429 3441 3442
f 3430 3443 3431
f 3430 3442 3443
f 3431 3444 3432
f 3431 3443 3444
f 3432 1359 1357
f 3432 3444 1359
f 15 3445 3433
f 15 17 3445
f 3433 3446 3434
f 3433 3445 3446
f 3434 3447 3435
f 3434 3446 3447
f 3435 3448 3436
f 3435 3447 3448
f 3436 3449 3437
f 3436 3448 3449
f 3437 3450 3438
f 3437 3449 3450
f 3438 3451 3439
f 3438 3450 3451
f 3439 3452 3440
f 3439 3451 3452
f 3440 3453 3441
f 3440 3452 3453
f 3441 3454 3442
f 3441 3453 3454
f 3442 3455 3443
f 3442 3454 3455
f 3443 3456 3444
f 3443 3455 3456
f 3444 1361 1359
f 3444 3456 1361
f 17 3457 3445
f 17 19 3457
f 3445 3458 3446
f 3445 3457 3458
f 3446 3459 3447
f 3446 3458 3459
f 3447 3460 3448
f 3447 3459 3460
f 3448 3461 3449
f 3448 3460 3461
f 3449 3462 3450
f 3449 3461 3462
f 3450 3463 3451
f 3450 3462 3463
f 3451 3464 3452
f 3451 3463 3464
f 3452 3465 3453
f 3452 3464 3465
f 3453 3466 3454
f 3453 3465 3466
f 3454 3467 3455
f 3454 3466 3467
f 3455 3468 3456
f 3455 3467 3468
f 3456 1363 1361
f 3456 3468 1363
f 19 3469 3457
f 19 21 3469
f 3457 3470 3458
f 3457 3469 3470
f 3458 3471 3459
f 3458 3470 3471
f 3459 3472 3460
f 3459 3471 3472
f 3460 3473 3461
f 3460 3472 3473
f 3461 3474 3462
f 3461 3473 3474
f 3462 3475 3463
f 3462 3474 3475
f 3463 3476 3464
f 3463 3475 3476
f 3464 3477 3465
f 3464 3476 3477
f 3465 3478 3466
f 3465 3477 3478
f 3466 3479 3467
f 3466 3478 3479
f 3467 3480 3468
f 3467 3479 3480
f 3468 1365 1363
f 3468 3480 1365
f 21 3481 3469
f 21 23 3481
f 3469 3482 3470
f 3469 3481 3482
f 3470 3483 3471
f 3470 3482 3483
f 3471 3484 3472
f 3471 3483 3484
f 3472 3485 3473
f 3472 3484 3485
f 3473 3486 3474
f 3473 3485 3486
f 3474 3487 3475
f 3474 3486 3487
f 3475 3488 3476
f 3475 3487 3488
f 3476 3489 3477
f 3476 3488 3489
f 3477 3490 3478
f 3477 3489 3490
f 3478 3491 3479
f 3478 3490 3491
f 3479 3492 3480
f 3479 3491 3492
f 3480 1367 1365
f 3480 3492 1367
f 23 3493 3481
f 23 25 3493
f 3481 3494 3482
f 3481 3493 3494
f 3482 3495 3483
f 3482 3494 3495
f 3483 3496 3484
f 3483 3495 3496
f 3484 3497 3485
f 3484 3496 3497
f 3485 3498 3486
f 3485 3497 3498
f 3486 3499 3487
f 3486 3498 3499
f 3487 3500 3488
f 3487 3499 3500
f 3488 3501 3489
f 3488 3500 3501
f 3489 3502 3490
f 3489 3501 3502
f 3490 3503 3491
f 3490 3502 3503
f 3491 3504 3492
f 3491 3503 3504
f 3492 1369 1367
f 3492 3504 1369
f 25 3505 3493
f 25 27 3505
f 3493 3506 3494
f 3493 3505 3506
f 3494 3507 3495
f 3494 3506 3507
f 3495 3508 3496
f 3495 3507 3508
f 3496 3509 3497
f 3496 3508 3509
f 3497 3510 3498
f 3497 3509 3510
f 3498 3511 3499
f 3498 3510 3511
f 3499 3512 3500
f 3499 3511 3512
f 3500 3513 3501
f 3500 3512 3513
f 3501 3514 3502
f 3501 3513 3514
f 3502 3515 3503
f 3502 3514 3515
f 3503 3516 3504
f 3503 3515 3516
f 3504 1371 1369
f 3504 3516 1371
f 27 3517 3505
f 27 29 3517
f 3505 3518 3506
f 3505 3517 3518
f 3506 3519 3507
f 3506 3518 3519
f 3507 3520 3508
f 3507 3519 3520
f 3508 3521 3509
f 3508 3520 3521
f 3509 3522 3510
f 3509 3521 3522
f 3510 3523 3511
f 3510 3522 3523
f 3511 3524 3512
f 3511 3523 3524
f 3512 3525 3513
f 3512 3524 3525
f 3513 3526 3514
f 3513 3525 3526
f 3514 3527 3515
f 3514 3526 3527
f 3515 3528 3516
f 3515 3527 3528
f 3516 1373 1371
f 3516 3528 1373
f 29 3529 3517
f 29 31 3529
f 3517 3530 3518
f 3517 3529 3530
f 3518 3531 3519
f 3518 3530 3531
f 3519 3532 3520
f 3519 3531 3532
f 3520 3533 3521
f 3520 3532 3533
f 3521 3534 3522
f 3521 3533 3534
f 3522 3535 3523
f 3522 3534 3535
f 3523 3536 3524
f 3523 3535 3536
f 3524 3537 3525
f 3524 3536 3537
f 3525 3538 3526
f 3525 3537 3538
f 3526 3539 3527
f 3526 3538 3539
f 3527 3540 3528
f 3527 3539 3540
f 3528 1375 1373
f 3528 3540 1375
f 31 3541 3529
f 31 33 3541
f 3529 3542 3530
f 3529 3541 3542
f 3530 3543 3531
f 3530 3542 3543
f 3531 3544 3532
f 3531 3543 3544
f 3532 3545 3533
f 3532 3544 3545
f 3533 3546 3534
f 3533 3545 3546
f 3534 3547 3535
f 3534 3546 3547
f 3535 3548 3536
f 3535 3547 3548
f 3536 3549 3537
f 3536 3548 3549
f 3537 3550 3538
f 3537 3549 3550
f 3538 3551 3539
f 3538 3550 3551
f 3539 3552 3540
f 3539 3551 3552
f 3540 1377 1375
f 3540 3552 1377
f 33 3553 3541
f 33 35 3553
f 3541 3554 3542
f 3541 3553 3554
f 3542 3555 3543
f 3542 3554 3555
f 3543 3556 3544
f 3543 3555 3556
f 3544 3557 3545
f 3544 3556 3557
f 3545 3558 3546
f 3545 3557 3558
f 3546 3559 3547
f 3546 3558 3559
f 3547 3560 3548
f 3547 3559 3560
f 3548 3561 3549
f 3548 3560 3561
f 3549 3562 3550
f 3549 3561 3562
f 3550 3563 3551
f 3550 3562 3563
f 3551 3564 3552
f 3551 3563 3564
f 3552 1379 1377
f 3552 3564 1379
f 35 3565 3553
f 35 37 3565
f 3553 3566 3554
f 3553 3565 3566
f 3554 3567 3555
f 3554 3566 3567
f 3555 3568 3556
f 3555 3567 3568
f 3556 3569 3557
f 3556 3568 3569
f 3557 3570 3558
f 3557 3569 3570
f 3558 3571 3559
f 3558 3570 3571
f 3559 3572 3560
f 3559 3571 3572
f 3560 3573 3561
f 3560 3572 3573
f 3561 3574 3562
f 3561 3573 3574
f 3562 3575 3563
f 3562 3574 3575
f 3563 3576 3564
f 3563 3575 3576
f 3564 1381 1379
f 3564 3576 1381
f 37 3577 3565
f 37 39 3577
f 3565 3578 3566
f 3565 3577 3578
f 3566 3579 3567
f 3566 3578 3579
f 3567 3580 3568
f 3567 3579 3580
f 3568 3581 3569
f 3568 3580 3581
f 3569 3582 3570
f 3569 3581 3582
f 3570 3583 3571
f 3570 3582 3583
f 3571 3584 3572
f 3571 3583 3584
f 3572 3585 3573
f 3572 3584 3585
f 3573 3586 3574
f 3573 3585 3586
f 3574 3587 3575
f 3574 3586 3587
f 3575 3588 3576
f 3575 3587 3588
f 3576 1383 1381
f 3576 3588 1383
f 39 3589 3577
f 39 41 3589
f 3577 3590 3578
f 3577 3589 3590
f 3578 3591 3579
f 3578 3590 3591
f 3579 3592 3580
f 3579 3591 3592
f 3580 3593 3581
f 3580 3592 3593
f 3581 3594 3582
f 3581 3593 3594
f 3582 3595 3583
f 3582 3594 3595
f 3583 3596 3584
f 3583 3595 3596
f 3584 3597 3585
f 3584 3596 3597
f 3585 3598 3586
f 3585 3597 3598
f 3586 3599 3587
f 3586 3598 3599
f 3587 3600 3588
f 3587 3599 3600
f 3588 1385 1383
f 3588 3600 1385
f 41 3601 3589
f 41 43 3601
f 3589 3602 3590
f 3589 3601 3602
f 3590 3603 3591
f 3590 3602 3603
f 3591 3604 3592
f 3591 3603 3604
f 3592 3605 3593
f 3592 3604 3605
f 3593 3606 3594
f 3593 3605 3606
f 3594 3607 3595
f 3594 3606 3607
f 3595 3608 3596
f 3595 3607 3608
f 3596 3609 3597
f 3596 3608 3609
f 3597 3610 3598
f 3597 3609 3610
f 3598 3611 3599
f 3598 3610 3611
f 3599 3612 3600
f 3599 3611 3612
f 3600 1387 1385
f 3600 3612 1387
f 43 3613 3601
f 43 45 3613
f 3601 3614 3602
f 3601 3613 3614
f 3602 3615 3603
f 3602 3614 3615
f 3603 3616 3604
f 3603 3615 3616
f 3604 3617 3605
f 3604 3616 3617
f 3605 3618 3606
f 3605 3617 3618
f 3606 3619 3607
f 3606 3618 3619
f 3607 3620 3608
f 3607 3619 3620
f 3608 3621 3609
f 3608 3620 3621
f 3609 3622 3610
f 3609 3621 3622
f 3610 3623 3611
f 3610 3622 3623
f 3611 3624 3612
f 3611 3623 3624
f 3612 1389 1387
f 3612 3624 1389
f 45 3625 3613
f 45 47 3625
f 3613 3626 3614
f 3613 3625 3626
f 3614 3627 3615
f 3614 3626 3627
f 3615 3628 3616
f 3615 3627 3628
f 3616 3629 3617
f 3616 3628 3629
f 3617 3630 3618
f 3617 3629 3630
f 3618 3631 3619
f 3618 3630 3631
f 3619 3632 3620
f 3619 3631 3632
f 3620 3633 3621
f 3620 3632 3633
f 3621 3634 3622
f 3621 3633 3634
f 3622 3635 3623
f 3622 3634 3635
f 3623 3636 3624
f 3623 3635 3636
f 3624 1391 1389
f 3624 3636 1391
f 47 3637 3625
f 47 49 3637
f 3625 3638 3626
f 3625 3637 3638
f 3626 3639 3627
f 3626 3638 3639
f 3627 3640 3628
f 3627 3639 3640
f 3628 3641 3629
f 3628 3640 3641
f 3629 3642 3630
f 3629 3641 3642
f 3630 3643 3631
f 3630 3642 3643
f 3631 3644 3632
f 3631 3643 3644
f 3632 3645 3633
f 3632 3644 3645
f 3633 3646 3634
f 3633 3645 3646
f 3634 3647 3635
f 3634 3646 3647
f 3635 3648 3636
f 3635 3647 3648
f 3636 1393 1391
f 3636 3648 1393
f 49 3649 3637
f 49 51 3649
f 3637 3650 3638
f 3637 3649 3650
f 3638 3651 3639
f 3638 3650 3651
f 3639 3652 3640
f 3639 3651 3652
f 3640 3653 3641
f 3640 3652 3653
f 3641 3654 3642
f 3641 3653 3654
f 3642 3655 3643
f 3642 3654 3655
f 3643 3656 3644
f 3643 3655 3656
f 3644 3657 3645
f 3644 3656 3657
f 3645 3658 3646
f 3645 3657 3658
f 3646 3659 3647
f 3646 3658 3659
f 3647 3660 3648
f 3647 3659 3660
f 3648 1395 1393
f 3648 3660 1395
f 51 3661 3649
f 51 53 3661
f 3649 3662 3650
f 3649 3661 3662
f 3650 3663 3651
f 3650 3662 3663
f 3651 3664 3652
f 3651 3663 3664
f 3652 3665 3653
f 3652 3664 3665
f 3653 3666 3654
f 3653 3665 3666
f 3654 3667 3655
f 3654 3666 3667
f 3655 3668 3656
f 3655 3667 3668
f 3656 3669 3657
f 3656 3668 3669
f 3657 3670 3658
f 3657 3669 3670
f 3658 3671 3659
f 3658 3670 3671
f 3659 3672 3660
f 3659 3671 3672
f 3660 1397 1395
f 3660 3672 1397
f 53 3673 3661
f 53 55 3673
f 3661 3674 3662
f 3661 3673 3674
f 3662 3675 3663
f 3662 3674 3675
f 3663 3676 3664
f 3663 3675 3676
f 3664 3677 3665
f 3664 3676 3677
f 3665 3678 3666
f 3665 3677 3678
f 3666 3679 3667
f 3666 3678 3679
f 3667 3680 3668
f 3667 3679 3680
f 3668 3681 3669
f 3668 3680 3681
f 3669 3682 3670
f 3669 3681 3682
f 3670 3683 3671
f 3670 3682 3683
f 3671 3684 3672
f 3671 3683 3684
f 3672 1399 1397
f 3672 3684 1399
f 55 3685 3673
f 55 57 3685
f 3673 3686 3674
f 3673 3685 3686
f 3674 3687 3675
f 3674 3686 3687
f 3675 3688 3676
f 3675 3687 3688
f 3676 3689 3677
f 3676 3688 3689
f 3677 3690 3678
f 3677 3689 3690
f 3678 3691 3679
f 3678 3690 3691
f 3679 3692 3680
f 3679 3691 3692
f 3680 3693 3681
f 3680 3692 3693
f 3681 3694 3682
f 3681 3693 3694
f 3682 3695 3683
f 3682 3694 3695
f 3683 3696 3684
f 3683 3695 3696
f 3684 1401 1399
f 3684 3696 1401
f 57 3697 3685
f 57 59 3697
f 3685 3698 3686
f 3685 3697 3698
f 3686 3699 3687
f 3686 3698 3699
f 3687 3700 3688
f 3687 3699 3700
f 3688 3701 3689
f 3688 3700 3701
f 3689 3702 3690
f 3689 3701 3702
f 3690 3703 3691
f 3690 3702 3703
f 3691 3704 3692
f 3691 3703 3704
f 3692 3705 3693
f 3692 3704 3705
f 3693 3706 3694
f 3693 3705 3706
f 3694 3707 3695
f 3694 3706 3707
f 3695 3708 3696
f 3695 3707 3708
f 3696 1403 1401
f 3696 3708 1403
f 59 3709 3697
f 59 61 3709
f 3697 3710 3698
f 3697 3709 3710
f 3698 3711 3699
f 3698 3710 3711
f 3699 3712 3700
f 3699 3711 3712
f 3700 3713 3701
f 3700 3712 3713
f 3701 3714 3702
f 3701 3713 3714
f 3702 3715 3703
f 3702 3714 3715
f 3703 3716 3704
f 3703 3715 3716
f 3704 3717 3705
f 3704 3716 3717
f 3705 3718 3706
f 3705 3717 3718
f 3706 3719 3707
f 3706 3718 3719
f 3707 3720 3708
f 3707 3719 3720
f 3708 1405 1403
f 3708 3720 1405
f 61 3721 3709
f 61 63 3721
f 3709 3722 3710
f 3709 3721 3722
f 3710 3723 3711
f 3710 3722 3723
f 3711 3724 3712
f 3711 3723 3724
f 3712 3725 3713
f 3712 3724 3725
f 3713 3726 3714
f 3713 3725 3726
f 3714 3727 3715
f 3714 3726 3727
f 3715 3728 3716
f 3715 3727 3728
f 3716 3729 3717
f 3716 3728 3729
f 3717 3730 3718
f 3717 3729 3730
f 3718 3731 3719
f 3718 3730 3731
f 3719 3732 3720
f 3719 3731 3732
f 3720 1407 1405
f 3720 3732 1407
f 63 3733 3721
f 63 65 3733
f 3721 3734 3722
f 3721 3733 3734
f 3722 3735 3723
f 3722 3734 3735
f 3723 3736 3724
f 3723 3735 3736
f 3724 3737 3725
f 3724 3736 3737
f 3725 3738 3726
f 3725 3737 3738
f 3726 3739 3727
f 3726 3738 3739
f 3727 3740 3728
f 3727 3739 3740
f 3728 3741 3729
f 3728 3740 3741
f 3729 3742 3730
f 3729 3741 3742
f 3730 3743 3731
f 3730 3742 3743
f 3731 3744 3732
f 3731 3743 3744
f 3732 1409 1407
f 3732 3744 1409
f 65 3745 3733
f 65 67 3745
f 3733 3746 3734
f 3733 3745 3746
f 3734 3747 3735
f 3734 3746 3747
f 3735 3748 3736
f 3735 3747 3748
f 3736 3749 3737
f 3736 3748 3749
f 3737 3750 3738
f 3737 3749 3750
f 3738 3751 3739
f 3738 3750 3751
f 3739 3752 3740
f 3739 3751 3752
f 3740 3753 3741
f 3740 3752 3753
f 3741 3754 3742
f 3741 3753 3754
f 3742 3755 3743
f 3742 3754 3755
f 3743 3756 3744
f 3743 3755 3756
f 3744 1411 1409
f 3744 3756 1411
f 67 3757 3745
f 67 69 3757
f 3745 3758 3746
f 3745 3757 3758
f 3746 3759 3747
f 3746 3758 3759
f 3747 3760 3748
f 3747 3759 3760
f 3748 3761 3749
f 3748 3760 3761
f 3749 3762 3750
f 3749 3761 3762
f 3750 3763 3751
f 3750 3762 3763
f 3751 3764 3752
f 3751 3763 3764
f 3752 3765 3753
f 3752 3764 3765
f 3753 3766 3754
f 3753 3765 3766
f 3754 3767 3755
f 3754 3766 3767
f 3755 3768 3756
f 3755 3767 3768
f 3756 1413 1411
f 3756 3768 1413
f 69 3769 3757
f 69 71 3769
f 3757 3770 3758
f 3757 3769 3770
f 3758 3771 3759
f 3758 3770 3771
f 3759 3772 3760
f 3759 3771 3772
f 3760 3773 3761
f 3760 3772 3773
f 3761 3774 3762
f 3761 3773 3774
f 3762 3775 3763
f 3762 3774 3775
f 3763 3776 3764
f 3763 3775 3776
f 3764 3777 3765
f 3764 3776 3777
f 3765 3778 3766
f 3765 3777 3778
f 3766 3779 3767
f 3766 3778 3779
f 3767 3780 3768
f 3767 3779 3780
f 3768 1415 1413
f 3768 3780 1415
f 71 3781 3769
f 71 73 3781
f 3769 3782 3770
f 3769 3781 3782
f 3770 3783 3771
f 3770 3782 3783
f 3771 3784 3772
f 3771 3783 3784
f 3772 3785 3773
f 3772 3784 3785
f 3773 3786 3774
f 3773 3785 3786
f 3774 3787 3775
f 3774 3786 3787
f 3775 3788 3776
f 3775 3787 3788
f 3776 3789 3777
f 3776 3788 3789
f 3777 3790 3778
f 3777 3789 3790
f 3778 3791 3779
f 3778 3790 3791
f 3779 3792 3780
f 3779 3791 3792
f 3780 1417 1415
f 3780 3792 1417
f 73 3793 3781
f 73 75 3793
f 3781 3794 3782
f 3781 3793 3794
f 3782 3795 3783
f 3782 3794 3795
f 3783 3796 3784
f 3783 3795 3796
f 3784 3797 3785
f 3784 3796 3797
f 3785 3798 3786
f 3785 3797 3798
f 3786 3799 3787
f 3786 3798 3799
f 3787 3800 3788
f 3787 3799 3800
f 3788 3801 3789
f 3788 3800 3801
f 3789 3802 3790
f 3789 3801 3802
f 3790 3803 3791
f 3790 3802 3803
f 3791 3804 3792
f 3791 3803 3804
f 3792 1419 1417
f 3792 3804 1419
f 75 3805 3793
f 75 77 3805
f 3793 3806 3794
f 3793 3805 3806
f 3794 3807 3795
f 3794 3806 3807
f 3795 3808 3796
f 3795 3807 3808
f 3796 3809 3797
f 3796 3808 3809
f 3797 3810 3798
f 3797 3809 3810
f 3798 3811 3799
f 3798 3810 3811
f 3799 3812 3800
f 3799 3811 3812
f 3800 3813 3801
f 3800 3812 3813
f 3801 3814 3802
f 3801 3813 3814
f 3802 3815 3803
f 3802 3814 3815
f 3803 3816 3804
f 3803 3815 3816
f 3804 1421 1419
f 3804 3816 1421
f 77 3817 3805
f 77 79 3817
f 3805 3818 3806
f 3805 3817 3818
f 3806 3819 3807
f 3806 3818 3819
f 3807 3820 3808
f 3807 3819 3820
f 3808 3821 3809
f 3808 3820 3821
f 3809 3822 3810
f 3809 3821 3822
f 3810 3823 3811
f 3810 3822 3823
f 3811 3824 3812
f 3811 3823 3824
f 3812 3825 3813
f 3812 3824 3825
f 3813 3826 3814
f 3813 3825 3826
f 3814 3827 3815
f 3814 3826 3827
f 3815 3828 3816
f 3815 3827 3828
f 3816 1423 1421
f 3816 3828 1423
f 79 3829 3817
f 79 81 3829
f 3817 3830 3818
f 3817 3829 3830
f 3818 3831 3819
f 3818 3830 3831
f 3819 3832 3820
f 3819 3831 3832
f 3820 3833 3821
f 3820 3832 3833
f 3821 3834 3822
f 3821 3833 3834
f 3822 3835 3823
f 3822 3834 3835
f 3823 3836 3824
f 3823 3835 3836
f 3824 3837 3825
f 3824 3836 3837
f 3825 3838 3826
f 3825 3837 3838
f 3826 3839 3827
f 3826 3838 3839
f 3827 3840 3828
f 3827 3839 3840
f 3828 1425 1423
f 3828 3840 1425
f 81 3841 3829
f 81 83 3841
f 3829 3842 3830
f 3829 3841 3842
f 3830 3843 3831
f 3830 3842 3843
f 3831 3844 3832
f 3831 3843 3844
f 3832 3845 3833
f 3832 3844 3845
f 3833 3846 3834
f 3833 3845 3846
f 3834 3847 3835
f 3834 3846 3847
f 3835 3848 3836
f 3835 3847 3848
f 3836 3849 3837
f 3836 3848 3849
f 3837 3850 3838
f 3837 3849 3850
f 3838 3851 3839
f 3838 3850 3851
f 3839 3852 3840
f 3839 3851 3852
f 3840 1427 1425
f 3840 3852 1427
f 83 3853 3841
f 83 85 3853
f 3841 3854 3842
f 3841 3853 3854
f 3842 3855 3843
f 3842 3854 3855
f 3843 3856 3844
f 3843 3855 3856
f 3844 3857 3845
f 3844 3856 3857
f 3845 3858 3846
f 3845 3857 3858
f 3846 3859 3847
f 3846 3858 3859
f 3847 3860 3848
f 3847 3859 3860
f 3848 3861 3849
f 3848 3860 3861
f 3849 3862 3850
f 3849 3861 3862
f 3850 3863 3851
f 3850 3862 3863
f 3851 3864 3852
f 3851 3863 3864
f 3852 1429 1427
f 3852 3864 1429
f 85 3865 3853
f 85 87 3865
f 3853 3866 3854
f 3853 3865 3866
f 3854 3867 3855
f 3854 3866 3867
f 3855 3868 3856
f 3855 3867 3868
f 3856 3869 3857
f 3856 3868 3869
f 3857 3870 3858
f 3857 3869 3870
f 3858 3871 3859
f 3858 3870 3871
f 3859 3872 3860
f 3859 3871 3872
f 3860 3873 3861
f 3860 3872 3873
f 3861 3874 3862
f 3861 3873 3874
f 3862 3875 3863
f 3862 3874 3875
f 3863 3876 3864
f 3863 3875 3876
f 3864 1431 1429
f 3864 3876 1431
f 87 3877 3865
f 87 89 3877
f 3865 3878 3866
f 3865 3877 3878
f 3866 3879 3867
f 3866 3878 3879
f 3867 3880 3868
f 3867 3879 3880
f 3868 3881 3869
f 3868 3880 3881
f 3869 3882 3870
f 3869 3881 3882
f 3870 3883 3871
f 3870 3882 3883
f 3871 3884 3872
f 3871 3883 3884
f 3872 3885 3873
f 3872 3884 3885
f 3873 3886 3874
f 3873 3885 3886
f 3874 3887 3875
f 3874 3886 3887
f 3875 3888 3876
f 3875 3887 3888
f 3876 1433 1431
f 3876 3888 1433
f 89 3889 3877
f 89 91 3889
f 3877 3890 3878
f 3877 3889 3890
f 3878 3891 3879
f 3878 3890 3891
f 3879 3892 3880
f 3879 3891 3892
f 3880 3893 3881
f 3880 3892 3893
f 3881 3894 3882
f 3881 3893 3894
f 3882 3895 3883
f 3882 3894 3895
f 3883 3896 3884
f 3883 3895 3896
f 3884 3897 3885
f 3884 3896 3897
f 3885 3898 3886
f 3885 3897 3898
f 3886 3899 3887
f 3886 3898 3899
f 3887 3900 3888
f 3887 3899 3900
f 3888 1435 1433
f 3888 3900 1435
f 91 3901 3889
f 91 93 3901
f 3889 3902 3890
f 3889 3901 3902
f 3890 3903 3891
f 3890 3902 3903
f 3891 3904 3892
f 3891 3903 3904
f 3892 3905 3893
f 3892 3904 3905
f 3893 3906 3894
f 3893 3905 3906
f 3894 3907 3895
f 3894 3906 3907
f 3895 3908 3896
f 3895 3907 3908
f 3896 3909 3897
f 3896 3908 3909
f 3897 3910 3898
f 3897 3909 3910
f 3898 3911 3899
f 3898 3910 3911
f 3899 3912 3900
f 3899 3911 3912
f 3900 1437 1435
f 3900 3912 1437
f 93 3025 3901
f 93 95 3025
f 3901 3053 3902
f 3901 3025 3053
f 3902 3081 3903
f 3902 3053 3081
f 3903 3109 3904
f 3903 3081 3109
f 3904 3137 3905
f 3904 3109 3137
f 3905 3165 3906
f 3905 3137 3165
f 3906 3193 3907
f 3906 3165 3193
f 3907 3221 3908
f 3907 3193 3221
f 3908 3249 3909
f 3908 3221 3249
f 3909 3277 3910
f 3909 3249 3277
f 3910 3305 3911
f 3910 3277 3305
f 3911 3333 3912
f 3911 3305 3333
f 3912 1439 1437
f 3912 3333 1439
f 1298 2716 3913
f 1298 3913 1297
f 2716 2744 3914
f 2716 3914 3913
f 2744 2772 3915
f 2744 3915 3914
f 2772 2800 3916
f 2772 3916 3915
f 2800 2828 3917
f 2800 3917 3916
f 2828 2856 3918
f 2828 3918 3917
f 2856 2884 3919
f 2856 3919 3918
f 2884 2912 3920
f 2884 3920 3919
f 2912 2940 3921
f 2912 3921 3920
f 2940 2968 3922
f 2940 3922 3921
f 2968 2996 3923
f 2968 3923 3922
f 2996 3024 3924
f 2996 3924 3923
f 3024 2642 2641
f 3024 2641 3924
f 1297 3913 3925
f 1297 3925 1299
f 3913 3914 3926
f 3913 3926 3925
f 3914 3915 3927
f 3914 3927 3926
f 3915 3916 3928
f 3915 3928 3927
f 3916 3917 3929
f 3916 3929 3928
f 3917 3918 3930
f 3917 3930 3929
f 3918 3919 3931
f 3918 3931 3930
f 3919 3920 3932
f 3919 3932 3931
f 3920 3921 3933
f 3920 3933 3932
f 3921 3922 3934
f 3921 3934 3933
f 3922 3923 3935
f 3922 3935 3934
f 3923 3924 3936
f 3923 3936 3935
f 3924 2641 2643
f 3924 2643 3936
f 1299 3925 3937
f 1299 3937 1300
f 3925 3926 3938
f 3925 3938 3937
f 3926 3927 3939
f 3926 3939 3938
f 3927 3928 3940
f 3927 3940 3939
f 3928 3929 3941
f 3928 3941 3940
f 3929 3930 3942
f 3929 3942 3941
f 3930 3931 3943
f 3930 3943 3942
f 3931 3932 3944
f 3931 3944 3943
f 3932 3933 3945
f 3932 3945 3944
f 3933 3934 3946
f 3933 3946 3945
f 3934 3935 3947
f 3934 3947 3946
f 3935 3936 3948
f 3935 3948 3947
f 3936 2643 2644
f 3936 2644 3948
f 1300 3937 3949
f 1300 3949 1301
f 3937 3938 3950
f 3937 3950 3949
f 3938 3939 3951
f 3938 3951 3950
f 3939 3940 3952
f 3939 3952 3951
f 3940 3941 3953
f 3940 3953 3952
f 3941 3942 3954
f 3941 3954 3953
f 3942 3943 3955
f 3942 3955 3954
f 3943 3944 3956
f 3943 3956 3955
f 3944 3945 3957
f 3944 3957 3956
f 3945 3946 3958
f 3945 3958 3957
f 3946 3947 3959
f 3946 3959 3958
f 3947 3948 3960
f 3947 3960 3959
f 3948 2644 2645
f 3948 2645 3960
f 1301 3949 3961
f 1301 3961 1302
f 3949 3950 3962
f 3949 3962 3961
f 3950 3951 3963
f 3950 3963 3962
f 3951 3952 3964
f 3951 3964 3963
f 3952 3953 3965
f 3952 3965 3964
f 3953 3954 3966
f 3953 3966 3965
f 3954 3955 3967
f 3954 3967 3966
f 3955 3956 3968
f 3955 3968 3967
f 3956 3957 3969
f 3956 3969 3968
f 3957 3958 3970
f 3957 3970 3969
f 3958 3959 3971
f 3958 3971 3970
f 3959 3960 3972
f 3959 3972 3971
f 3960 2645 2646
f 3960 2646 3972
f 1302 3961 3973
f 1302 3973 1303
f 3961 3962 3974
f 3961 3974 3973
f 3962 3963 3975
f 3962 3975 3974
f 3963 3964 3976
f 3963 3976 3975
f 3964 3965 3977
f 3964 3977 3976
f 3965 3966 3978
f 3965 3978 3977
f 3966 3967 3979
f 3966 3979 3978
f 3967 3968 3980
f 3967 3980 3979
f 3968 3969 3981
f 3968 3981 3980
f 3969 3970 3982
f 3969 3982 3981
f 3970 3971 3983
f 3970 3983 3982
f 3971 3972 3984
f 3971 3984 3983
f 3972 2646 2647
f 3972 2647 3984
f 1303 3973 3985
f 1303 3985 1304
f 3973 3974 3986
f 3973 3986 3985
f 3974 3975 3987
f 3974 3987 3986
f 3975 3976 3988
f 3975 3988 3987
f 3976 3977 3989
f 3976 3989 3988
f 3977 3978 3990
f 3977 3990 3989
f 3978 3979 3991
f 3978 3991 3990
f 3979 3980 3992
f 3979 3992 3991
f 3980 3981 3993
f 3980 3993 3992
f 3981 3982 3994
f 3981 3994 3993
f 3982 3983 3995
f 3982 3995 3994
f 3983 3984 3996
f 3983 3996 3995
f 3984 2647 2648
f 3984 2648 3996
f 1304 3985 3997
f 1304 3997 1305
f 3985 3986 3998
f 3985 3998 3997
f 3986 3987 3999
f 3986 3999 3998
f 3987 3988 4000
f 3987 4000 3999
f 3988 3989 4001
f 3988 4001 4000
f 3989 3990 4002
f 3989 4002 4001
f 3990 3991 4003
f 3990 4003 4002
f 3991 3992 4004
f 3991 4004 4003
f 3992 3993 4005
f 3992 4005 4004
f 3993 3994 4006
f 3993 4006 4005
f 3994 3995 4007
f 3994 4007 4006
f 3995 3996 4008
f 3995 4008 4007
f 3996 2648 2649
f 3996 2649 4008
f 1305 3997 4009
f 1305 4009 1306
f 3997 3998 4010
f 3997 4010 4009
f 3998 3999 4011
f 3998 4011 4010
f 3999 4000 4012
f 3999 4012 4011
f 4000 4001 4013
f 4000 4013 4012
f 4001 4002 4014
f 4001 4014 4013
f 4002 4003 4015
f 4002 4015 4014
f 4003 4004 4016
f 4003 4016 4015
f 4004 4005 4017
f 4004 4017 4016
f 4005 4006 4018
f 4005 4018 4017
f 4006 4007 4019
f 4006 4019 4018
f 4007 4008 4020
f 4007 4020 4019
f 4008 2649 2650
f 4008 2650 4020
f 1306 4009 4021
f 1306 4021 1307
f 4009 4010 4022
f 4009 4022 4021
f 4010 4011 4023
f 4010 4023 4022
f 4011 4012 4024
f 4011 4024 4023
f 4012 4013 4025
f 4012 4025 4024
f 4013 4014 4026
f 4013 4026 4025
f 4014 4015 4027
f 4014 4027 4026
f 4015 4016 4028
f 4015 4028 4027
f 4016 4017 4029
f 4016 4029 4028
f 4017 4018 4030
f 4017 4030 4029
f 4018 4019 4031
f 4018 4031 4030
f 4019 4020 4032
f 4019 4032 4031
f 4020 2650 2651
f 4020 2651 4032
f 1307 4021 4033
f 1307 4033 1308
f 4021 4022 4034
f 4021 4034 4033
f 4022 4023 4035
f 4022 4035 4034
f 4023 4024 4036
f 4023 4036 4035
f 4024 4025 4037
f 4024 4037 4036
f 4025 4026 4038
f 4025 4038 4037
f 4026 4027 4039
f 4026 4039 4038
f 4027 4028 4040
f 4027 4040 4039
f 4028 4029 4041
f 4028 4041 4040
f 4029 4030 4042
f 4029 4042 4041
f 4030 4031 4043
f 4030 4043 4042
f 4031 4032 4044
f 4031 4044 4043
f 4032 2651 2652
f 4032 2652 4044
f 1308 4033 4045
f 1308 4045 1309
f 4033 4034 4046
f 4033 4046 4045
f 4034 4035 4047
f 4034 4047 4046
f 4035 4036 4048
f 4035 4048 4047
f 4036 4037 4049
f 4036 4049 4048
f 4037 4038 4050
f 4037 4050 4049
f 4038 4039 4051
f 4038 4051 4050
f 4039 4040 4052
f 4039 4052 4051
f 4040 4041 4053
f 4040 4053 4052
f 4041 4042 4054
f 4041 4054 4053
f 4042 4043 4055
f 4042 4055 4054
f 4043 4044 4056
f 4043 4056 4055
f 4044 2652 2653
f 4044 2653 4056
f 1309 4045 4057
f 1309 4057 1310
f 4045 4046 4058
f 4045 4058 4057
f 4046 4047 4059
f 4046 4059 4058
f 4047 4048 4060
f 4047 4060 4059
f 4048 4049 4061
f 4048 4061 4060
f 4049 4050 4062
f 4049 4062 4061
f 4050 4051 4063
f 4050 4063 4062
f 4051 4052 4064
f 4051 4064 4063
f 4052 4053 4065
f 4052 4065 4064
f 4053 4054 4066
f 4053 4066 4065
f 4054 4055 4067
f 4054 4067 4066
f 4055 4056 4068
f 4055 4068 4067
f 4056 2653 2654
f 4056 2654 4068
f 1310 4057 4069
f 1310 4069 1311
f 4057 4058 4070
f 4057 4070 4069
f 4058 4059 4071
f 4058 4071 4070
f 4059 4060 4072
f 4059 4072 4071
f 4060 4061 4073
f 4060 4073 4072
f 4061 4062 4074
f 4061 4074 4073
f 4062 4063 4075
f 4062 4075 4074
f 4063 4064 4076
f 4063 4076 4075
f 4064 4065 4077
f 4064 4077 4076
f 4065 4066 4078
f 4065 4078 4077
f 4066 4067 4079
f 4066 4079 4078
f 4067 4068 4080
f 4067 4080 4079
f 4068 2654 2655
f 4068 2655 4080
f 1311 4069 4081
f 1311 4081 1312
f 4069 4070 4082
f 4069 4082 4081
f 4070 4071 4083
f 4070 4083 4082
f 4071 4072 4084
f 4071 4084 4083
f 4072 4073 4085
f 4072 4085 4084
f 4073 4074 4086
f 4073 4086 4085
f 4074 4075 4087
f 4074 4087 4086
f 4075 4076 4088
f 4075 4088 4087
f 4076 4077 4089
f 4076 4089 4088
f 4077 4078 4090
f 4077 4090 4089
f 4078 4079 4091
f 4078 4091 4090
f 4079 4080 4092
f 4079 4092 4091
f 4080 2655 2656
f 4080 2656 4092
f 1312 4081 4093
f 1312 4093 1313
f 4081 4082 4094
f 4081 4094 4093
f 4082 4083 4095
f 4082 4095 4094
f 4083 4084 4096
f 4083 4096 4095
f 4084 4085 4097
f 4084 4097 4096
f 4085 4086 4098
f 4085 4098 4097
f 4086 4087 4099
f 4086 4099 4098
f 4087 4088 4100
f 4087 4100 4099
f 4088 4089 4101
f 4088 4101 4100
f 4089 4090 4102
f 4089 4102 4101
f 4090 4091 4103
f 4090 4103 4102
f 4091 4092 4104
f 4091 4104 4103
f 4092 2656 2657
f 4092 2657 4104
f 1313 4093 4105
f 1313 4105 1314
f 4093 4094 4106
f 4093 4106 4105
f 4094 4095 4107
f 4094 4107 4106
f 4095 4096 4108
f 4095 4108 4107
f 4096 4097 4109
f 4096 4109 4108
f 4097 4098 4110
f 4097 4110 4109
f 4098 4099 4111
f 4098 4111 4110
f 4099 4100 4112
f 4099 4112 4111
f 4100 4101 4113
f 4100 4113 4112
f 4101 4102 4114
f 4101 4114 4113
f 4102 4103 4115
f 4102 4115 4114
f 4103 4104 4116
f 4103 4116 4115
f 4104 2657 2658
f 4104 2658 4116
f 1314 4105 4117
f 1314 4117 1315
f 4105 4106 4118
f 4105 4118 4117
f 4106 4107 4119
f 4106 4119 4118
f 4107 4108 4120
f 4107 4120 4119
f 4108 4109 4121
f 4108 4121 4120
f 4109 4110 4122
f 4109 4122 4121
f 4110 4111 4123
f 4110 4123 4122
f 4111 4112 4124
f 4111 4124 4123
f 4112 4113 4125
f 4112 4125 4124
f 4113 4114 4126
f 4113 4126 4125
f 4114 4115 4127
f 4114 4127 4126
f 4115 4116 4128
f 4115 4128 4127
f 4116 2658 2659
f 4116 2659 4128
f 1315 4117 4129
f 1315 4129 1316
f 4117 4118 4130
f 4117 4130 4129
f 4118 4119 4131
f 4118 4131 4130
f 4119 4120 4132
f 4119 4132 4131
f 4120 4121 4133
f 4120 4133 4132
f 4121 4122 4134
f 4121 4134 4133
f 4122 4123 4135
f 4122 4135 4134
f 4123 4124 4136
f 4123 4136 4135
f 4124 4125 4137
f 4124 4137 4136
f 4125 4126 4138
f 4125 4138 4137
f 4126 4127 4139
f 4126 4139 4138
f 4127 4128 4140
f 4127 4140 4139
f 4128 2659 2660
f 4128 2660 4140
f 1316 4129 4141
f 1316 4141 1317
f 4129 4130 4142
f 4129 4142 4141
f 4130 4131 4143
f 4130 4143 4142
f 4131 4132 4144
f 4131 4144 4143
f 4132 4133 4145
f 4132 4145 4144
f 4133 4134 4146
f 4133 4146 4145
f 4134 4135 4147
f 4134 4147 4146
f 4135 4136 4148
f 4135 4148 4147
f 4136 4137 4149
f 4136 4149 4148
f 4137 4138 4150
f 4137 4150 4149
f 4138 4139 4151
f 4138 4151 4150
f 4139 4140 4152
f 4139 4152 4151
f 4140 2660 2661
f 4140 2661 4152
f 1317 4141 4153
f 1317 4153 1318
f 4141 4142 4154
f 4141 4154 4153
f 4142 4143 4155
f 4142 4155 4154
f 4143 4144 4156
f 4143 4156 4155
f 4144 4145 4157
f 4144 4157 4156
f 4145 4146 4158
f 4145 4158 4157
f 4146 4147 4159
f 4146 4159 4158
f 4147 4148 4160
f 4147 4160 4159
f 4148 4149 4161
f 4148 4161 4160
f 4149 4150 4162
f 4149 4162 4161
f 4150 4151 4163
f 4150 4163 4162
f 4151 4152 4164
f 4151 4164 4163
f 4152 2661 2662
f 4152 2662 4164
f 1318 4153 4165
f 1318 4165 1319
f 4153 4154 4166
f 4153 4166 4165
f 4154 4155 4167
f 4154 4167 4166
f 4155 4156 4168
f 4155 4168 4167
f 4156 4157 4169
f 4156 4169 4168
f 4157 4158 4170
f 4157 4170 4169
f 4158 4159 4171
f 4158 4171 4170
f 4159 4160 4172
f 4159 4172 4171
f 4160 4161 4173
f 4160 4173 4172
f 4161 4162 4174
f 4161 4174 4173
f 4162 4163 4175
f 4162 4175 4174
f 4163 4164 4176
f 4163 4176 4175
f 4164 2662 2663
f 4164 2663 4176
f 1319 4165 4177
f 1319 4177 1320
f 4165 4166 4178
f 4165 4178 4177
f 4166 4167 4179
f 4166 4179 4178
f 4167 4168 4180
f 4167 4180 4179
f 4168 4169 4181
f 4168 4181 4180
f 4169 4170 4182
f 4169 4182 4181
f 4170 4171 4183
f 4170 4183 4182
f 4171 4172 4184
f 4171 4184 4183
f 4172 4173 4185
f 4172 4185 4184
f 4173 4174 4186
f 4173 4186 4185
f 4174 4175 4187
f 4174 4187 4186
f 4175 4176 4188
f 4175 4188 4187
f 4176 2663 2664
f 4176 2664 4188
f 1320 4177 4189
f 1320 4189 1321
f 4177 4178 4190
f 4177 4190 4189
f 4178 4179 4191
f 4178 4191 4190
f 4179 4180 4192
f 4179 4192 4191
f 4180 4181 4193
f 4180 4193 4192
f 4181 4182 4194
f 4181 4194 4193
f 4182 4183 4195
f 4182 4195 4194
f 4183 4184 4196
f 4183 4196 4195
f 4184 4185 4197
f 4184 4197 4196
f 4185 4186 4198
f 4185 4198 4197
f 4186 4187 4199
f 4186 4199 4198
f 4187 4188 4200
f 4187 4200 4199
f 4188 2664 2665
f 4188 2665 4200
f 1321 4189 4201
f 1321 4201 1322
f 4189 4190 4202
f 4189 4202 4201
f 4190 4191 4203
f 4190 4203 4202
f 4191 4192 4204
f 4191 4204 4203
f 4192 4193 4205
f 4192 4205 4204
f 4193 4194 4206
f 4193 4206 4205
f 4194 4195 4207
f 4194 4207 4206
f 4195 4196 4208
f 4195 4208 4207
f 4196 4197 4209
f 4196 4209 4208
f 4197 4198 4210
f 4197 4210 4209
f 4198 4199 4211
f 4198 4211 4210
f 4199 4200 4212
f 4199 4212 4211
f 4200 2665 2666
f 4200 2666 4212
f 1322 4201 4213
f 1322 4213 1323
f 4201 4202 4214
f 4201 4214 4213
f 4202 4203 4215
f 4202 4215 4214
f 4203 4204 4216
f 4203 4216 4215
f 4204 4205 4217
f 4204 4217 4216
f 4205 4206 4218
f 4205 4218 4217
f 4206 4207 4219
f 4206 4219 4218
f 4207 4208 4220
f 4207 4220 4219
f 4208 4209 4221
f 4208 4221 4220
f 4209 4210 4222
f 4209 4222 4221
f 4210 4211 4223
f 4210 4223 4222
f 4211 4212 4224
f 4211 4224 4223
f 4212 2666 2667
f 4212 2667 4224
f 1323 4213 4225
f 1323 4225 1324
f 4213 4214 4226
f 4213 4226 4225
f 4214 4215 4227
f 4214 4227 4226
f 4215 4216 4228
f 4215 4228 4227
f 4216 4217 4229
f 4216 4229 4228
f 4217 4218 4230
f 4217 4230 4229
f 4218 4219 4231
f 4218 4231 4230
f 4219 4220 4232
f 4219 4232 4231
f 4220 4221 4233
f 4220 4233 4232
f 4221 4222 4234
f 4221 4234 4233
f 4222 4223 4235
f 4222 4235 4234
f 4223 4224 4236
f 4223 4236 4235
f 4224 2667 2668
f 4224 2668 4236
f 1324 4225 4237
f 1324 4237 1325
f 4225 4226 4238
f 4225 4238 4237
f 4226 4227 4239
f 4226 4239 4238
f 4227 4228 4240
f 4227 4240 4239
f 4228 4229 4241
f 4228 4241 4240
f 4229 4230 4242
f 4229 4242 4241
f 4230 4231 4243
f 4230 4243 4242
f 4231 4232 4244
f 4231 4244 4243
f 4232 4233 4245
f 4232 4245 4244
f 4233 4234 4246
f 4233 4246 4245
f 4234 4235 4247
f 4234 4247 4246
f 4235 4236 4248
f 4235 4248 4247
f 4236 2668 2669
f 4236 2669 4248
f 1325 4237 4249
f 1325 4249 1326
f 4237 4238 4250
f 4237 4250 4249
f 4238 4239 4251
f 4238 4251 4250
f 4239 4240 4252
f 4239 4252 4251
f 4240 4241 4253
f 4240 4253 4252
f 4241 4242 4254
f 4241 4254 4253
f 4242 4243 4255
f 4242 4255 4254
f 4243 4244 4256
f 4243 4256 4255
f 4244 4245 4257
f 4244 4257 4256
f 4245 4246 4258
f 4245 4258 4257
f 4246 4247 4259
f 4246 4259 4258
f 4247 4248 4260
f 4247 4260 4259
f 4248 2669 2670
f 4248 2670 4260
f 1326 4249 4261
f 1326 4261 1327
f 4249 4250 4262
f 4249 4262 4261
f 4250 4251 4263
f 4250 4263 4262
f 4251 4252 4264
f 4251 4264 4263
f 4252 4253 4265
f 4252 4265 4264
f 4253 4254 4266
f 4253 4266 4265
f 4254 4255 4267
f 4254 4267 4266
f 4255 4256 4268
f 4255 4268 4267
f 4256 4257 4269
f 4256 4269 4268
f 4257 4258 4270
f 4257 4270 4269
f 4258 4259 4271
f 4258 4271 4270
f 4259 4260 4272
f 4259 4272 4271
f 4260 2670 2671
f 4260 2671 4272
f 1327 4261 4273
f 1327 4273 1328
f 4261 4262 4274
f 4261 4274 4273
f 4262 4263 4275
f 4262 4275 4274
f 4263 4264 4276
f 4263 4276 4275
f 4264 4265 4277
f 4264 4277 4276
f 4265 4266 4278
f 4265 4278 4277
f 4266 4267 4279
f 4266 4279 4278
f 4267 4268 4280
f 4267 4280 4279
f 4268 4269 4281
f 4268 4281 4280
f 4269 4270 4282
f 4269 4282 4281
f 4270 4271 4283
f 4270 4283 4282
f 4271 4272 4284
f 4271 4284 4283
f 4272 2671 2672
f 4272 2672 4284
f 1328 4273 4285
f 1328 4285 1329
f 4273 4274 4286
f 4273 4286 4285
f 4274 4275 4287
f 4274 4287 4286
f 4275 4276 4288
f 4275 4288 4287
f 4276 4277 4289
f 4276 4289 4288
f 4277 4278 4290
f 4277 4290 4289
f 4278 4279 4291
f 4278 4291 4290
f 4279 4280 4292
f 4279 4292 4291
f 4280 4281 4293
f 4280 4293 4292
f 4281 4282 4294
f 4281 4294 4293
f 4282 4283 4295
f 4282 4295 4294
f 4283 4284 4296
f 4283 4296 4295
f 4284 2672 2673
f 4284 2673 4296
f 1329 4285 4297
f 1329 4297 1330
f 4285 4286 4298
f 4285 4298 4297
f 4286 4287 4299
f 4286 4299 4298
f 4287 4288 4300
f 4287 4300 4299
f 4288 4289 4301
f 4288 4301 4300
f 4289 4290 4302
f 4289 4302 4301
f 4290 4291 4303
f 4290 4303 4302
f 4291 4292 4304
f 4291 4304 4303
f 4292 4293 4305
f 4292 4305 4304
f 4293 4294 4306
f 4293 4306 4305
f 4294 4295 4307
f 4294 4307 4306
f 4295 4296 4308
f 4295 4308 4307
f 4296 2673 2674
f 4296 2674 4308
f 1330 4297 4309
f 1330 4309 1331
f 4297 4298 4310
f 4297 4310 4309
f 4298 4299 4311
f 4298 4311 4310
f 4299 4300 4312
f 4299 4312 4311
f 4300 4301 4313
f 4300 4313 4312
f 4301 4302 4314
f 4301 4314 4313
f 4302 4303 4315
f 4302 4315 4314
f 4303 4304 4316
f 4303 4316 4315
f 4304 4305 4317
f 4304 4317 4316
f 4305 4306 4318
f 4305 4318 4317
f 4306 4307 4319
f 4306 4319 4318
f 4307 4308 4320
f 4307 4320 4319
f 4308 2674 2675
f 4308 2675 4320
f 1331 4309 4321
f 1331 4321 1332
f 4309 4310 4322
f 4309 4322 4321
f 4310 4311 4323
f 4310 4323 4322
f 4311 4312 4324
f 4311 4324 4323
f 4312 4313 4325
f 4312 4325 4324
f 4313 4314 4326
f 4313 4326 4325
f 4314 4315 4327
f 4314 4327 4326
f 4315 4316 4328
f 4315 4328 4327
f 4316 4317 4329
f 4316 4329 4328
f 4317 4318 4330
f 4317 4330 4329
f 4318 4319 4331
f 4318 4331 4330
f 4319 4320 4332
f 4319 4332 4331
f 4320 2675 2676
f 4320 2676 4332
f 1332 4321 4333
f 1332 4333 1333
f 4321 4322 4334
f 4321 4334 4333
f 4322 4323 4335
f 4322 4335 4334
f 4323 4324 4336
f 4323 4336 4335
f 4324 4325 4337
f 4324 4337 4336
f 4325 4326 4338
f 4325 4338 4337
f 4326 4327 4339
f 4326 4339 4338
f 4327 4328 4340
f 4327 4340 4339
f 4328 4329 4341
f 4328 4341 4340
f 4329 4330 4342
f 4329 4342 4341
f 4330 4331 4343
f 4330 4343 4342
f 4331 4332 4344
f 4331 4344 4343
f 4332 2676 2677
f 4332 2677 4344
f 1333 4333 4345
f 1333 4345 1334
f 4333 4334 4346
f 4333 4346 4345
f 4334 4335 4347
f 4334 4347 4346
f 4335 4336 4348
f 4335 4348 4347
f 4336 4337 4349
f 4336 4349 4348
f 4337 4338 4350
f 4337 4350 4349
f 4338 4339 4351
f 4338 4351 4350
f 4339 4340 4352
f 4339 4352 4351
f 4340 4341 4353
f 4340 4353 4352
f 4341 4342 4354
f 4341 4354 4353
f 4342 4343 4355
f 4342 4355 4354
f 4343 4344 4356
f 4343 4356 4355
f 4344 2677 2678
f 4344 2678 4356
f 1334 4345 4357
f 1334 4357 1335
f 4345 4346 4358
f 4345 4358 4357
f 4346 4347 4359
f 4346 4359 4358
f 4347 4348 4360
f 4347 4360 4359
f 4348 4349 4361
f 4348 4361 4360
f 4349 4350 4362
f 4349 4362 4361
f 4350 4351 4363
f 4350 4363 4362
f 4351 4352 4364
f 4351 4364 4363
f 4352 4353 4365
f 4352 4365 4364
f 4353 4354 4366
f 4353 4366 4365
f 4354 4355 4367
f 4354 4367 4366
f 4355 4356 4368
f 4355 4368 4367
f 4356 2678 2679
f 4356 2679 4368
f 1335 4357 4369
f 1335 4369 1336
f 4357 4358 4370
f 4357 4370 4369
f 4358 4359 4371
f 4358 4371 4370
f 4359 4360 4372
f 4359 4372 4371
f 4360 4361 4373
f 4360 4373 4372
f 4361 4362 4374
f 4361 4374 4373
f 4362 4363 4375
f 4362 4375 4374
f 4363 4364 4376
f 4363 4376 4375
f 4364 4365 4377
f 4364 4377 4376
f 4365 4366 4378
f 4365 4378 4377
f 4366 4367 4379
f 4366 4379 4378
f 4367 4368 4380
f 4367 4380 4379
f 4368 2679 2680
f 4368 2680 4380
f 1336 4369 4381
f 1336 4381 1337
f 4369 4370 4382
f 4369 4382 4381
f 4370 4371 4383
f 4370 4383 4382
f 4371 4372 4384
f 4371 4384 4383
f 4372 4373 4385
f 4372 4385 4384
f 4373 4374 4386
f 4373 4386 4385
f 4374 4375 4387
f 4374 4387 4386
f 4375 4376 4388
f 4375 4388 4387
f 4376 4377 4389
f 4376 4389 4388
f 4377 4378 4390
f 4377 4390 4389
f 4378 4379 4391
f 4378 4391 4390
f 4379 4380 4392
f 4379 4392 4391
f 4380 2680 2681
f 4380 2681 4392
f 1337 4381 4393
f 1337 4393 1338
f 4381 4382 4394
f 4381 4394 4393
f 4382 4383 4395
f 4382 4395 4394
f 4383 4384 4396
f 4383 4396 4395
f 4384 4385 4397
f 4384 4397 4396
f 4385 4386 4398
f 4385 4398 4397
f 4386 4387 4399
f 4386 4399 4398
f 4387 4388 4400
f 4387 4400 4399
f 4388 4389 4401
f 4388 4401 4400
f 4389 4390 4402
f 4389 4402 4401
f 4390 4391 4403
f 4390 4403 4402
f 4391 4392 4404
f 4391 4404 4403
f 4392 2681 2682
f 4392 2682 4404
f 1338 4393 4405
f 1338 4405 1339
f 4393 4394 4406
f 4393 4406 4405
f 4394 4395 4407
f 4394 4407 4406
f 4395 4396 4408
f 4395 4408 4407
f 4396 4397 4409
f 4396 4409 4408
f 4397 4398 4410
f 4397 4410 4409
f 4398 4399 4411
f 4398 4411 4410
f 4399 4400 4412
f 4399 4412 4411
f 4400 4401 4413
f 4400 4413 4412
f 4401 4402 4414
f 4401 4414 4413
f 4402 4403 4415
f 4402 4415 4414
f 4403 4404 4416
f 4403 4416 4415
f 4404 2682 2683
f 4404 2683 4416
f 1339 4405 4417
f 1339 4417 1340
f 4405 4406 4418
f 4405 4418 4417
f 4406 4407 4419
f 4406 4419 4418
f 4407 4408 4420
f 4407 4420 4419
f 4408 4409 4421
f 4408 4421 4420
f 4409 4410 4422
f 4409 4422 4421
f 4410 4411 4423
f 4410 4423 4422
f 4411 4412 4424
f 4411 4424 4423
f 4412 4413 4425
f 4412 4425 4424
f 4413 4414 4426
f 4413 4426 4425
f 4414 4415 4427
f 4414 4427 4426
f 4415 4416 4428
f 4415 4428 4427
f 4416 2683 2684
f 4416 2684 4428
f 1340 4417 4429
f 1340 4429 1341
f 4417 4418 4430
f 4417 4430 4429
f 4418 4419 4431
f 4418 4431 4430
f 4419 4420 4432
f 4419 4432 4431
f 4420 4421 4433
f 4420 4433 4432
f 4421 4422 4434
f 4421 4434 4433
f 4422 4423 4435
f 4422 4435 4434
f 4423 4424 4436
f 4423 4436 4435
f 4424 4425 4437
f 4424 4437 4436
f 4425 4426 4438
f 4425 4438 4437
f 4426 4427 4439
f 4426 4439 4438
f 4427 4428 4440
f 4427 4440 4439
f 4428 2684 2685
f 4428 2685 4440
f 1341 4429 4441
f 1341 4441 1342
f 4429 4430 4442
f 4429 4442 4441
f 4430 4431 4443
f 4430 4443 4442
f 4431 4432 4444
f 4431 4444 4443
f 4432 4433 4445
f 4432 4445 4444
f 4433 4434 4446
f 4433 4446 4445
f 4434 4435 4447
f 4434 4447 4446
f 4435 4436 4448
f 4435 4448 4447
f 4436 4437 4449
f 4436 4449 4448
f 4437 4438 4450
f 4437 4450 4449
f 4438 4439 4451
f 4438 4451 4450
f 4439 4440 4452
f 4439 4452 4451
f 4440 2685 2686
f 4440 2686 4452
f 1342 4441 4453
f 1342 4453 1343
f 4441 4442 4454
f 4441 4454 4453
f 4442 4443 4455
f 4442 4455 4454
f 4443 4444 4456
f 4443 4456 4455
f 4444 4445 4457
f 4444 4457 4456
f 4445 4446 4458
f 4445 4458 4457
f 4446 4447 4459
f 4446 4459 4458
f 4447 4448 4460
f 4447 4460 4459
f 4448 4449 4461
f 4448 4461 4460
f 4449 4450 4462
f 4449 4462 4461
f 4450 4451 4463
f 4450 4463 4462
f 4451 4452 4464
f 4451 4464 4463
f 4452 2686 2687
f 4452 2687 4464
f 1343 4453 3052
f 1343 3052 1344
f 4453 4454 3080
f 4453 3080 3052
f 4454 4455 3108
f 4454 3108 3080
f 4455 4456 3136
f 4455 3136 3108
f 4456 4457 3164
f 4456 3164 3136
f 4457 4458 3192
f 4457 3192 3164
f 4458 4459 3220
f 4458 3220 3192
f 4459 4460 3248
f 4459 3248 3220
f 4460 4461 3276
f 4460 3276 3248
f 4461 4462 3304
f 4461 3304 3276
f 4462 4463 3332
f 4462 3332 3304
f 4463 4464 3360
f 4463 3360 3332
f 4464 2687 2688
f 4464 2688 3360
